,,,"Note that these figures are generated using a formula that protects against any artificial inflation of chart positions.",
Position,"Track Name",Artist,Streams,URL
1,rockstar,"Post Malone",46918992,https://open.spotify.com/track/1OmcAT5Y8eg5bUPv9qJT4R
2,"Mi Gente","J Balvin",26596772,https://open.spotify.com/track/2rb5MvYT7ZIxbKW5hfcHx8
3,"Too Good At Goodbyes - Edit","Sam Smith",26268442,https://open.spotify.com/track/0mel2N9Ws9r4yLQn5QE21Y
4,"New Rules","Dua Lipa",25782603,https://open.spotify.com/track/2ekn2ttSfGqwhhate0LSR0
5,1-800-273-8255,Logic,23171275,https://open.spotify.com/track/5tz69p7tJuGPeMGwNTxYuV
6,"Dusk Till Dawn - Radio Edit",ZAYN,22532430,https://open.spotify.com/track/1j4kHkkpqZRBwE0A4CN4Yv
7,"Look What You Made Me Do","Taylor Swift",21610813,https://open.spotify.com/track/6uFsE1JgZ20EXyU0JQZbUR
8,Havana,"Camila Cabello",21315604,https://open.spotify.com/track/0ofbQMrRDsUaVKq2mGLEAb
9,Silence,Marshmello,20207453,https://open.spotify.com/track/7vGuf3Y35N4wmASOKLUVVU
10,"What Lovers Do (feat. SZA)","Maroon 5",19278180,https://open.spotify.com/track/4mxWSdf71VFO52qFeY0fZt
11,Unforgettable,"French Montana",19085779,https://open.spotify.com/track/3B54sVLJ402zGa6Xm4YGNe
12,"Friends (with BloodPop®)","Justin Bieber",18509069,https://open.spotify.com/track/7nZmah2llfvLDiUjm0kiyz
13,"Sorry Not Sorry","Demi Lovato",17962858,https://open.spotify.com/track/25C5CowdsfXld2jJanbiex
14,"Glorious (feat. Skylar Grey)",Macklemore,17664071,https://open.spotify.com/track/0CokSRCu5hZgPxcZBaEzVE
15,"Feels (feat. Pharrell Williams, Katy Perry & Big Sean)","Calvin Harris",16694852,https://open.spotify.com/track/5bcTCxgc7xVfSaMV3RuVke
16,"Shape of You","Ed Sheeran",15800992,https://open.spotify.com/track/7qiZfU4dY1lWllzX7mPBI3
17,"Jocelyn Flores",XXXTENTACION,15476929,https://open.spotify.com/track/7m9OqQk4RVRkw9JJdeAw96
18,Thunder,"Imagine Dragons",15393124,https://open.spotify.com/track/0tKcYR2II1VCQWT79i5NrW
19,"Young Dumb & Broke",Khalid,15293309,https://open.spotify.com/track/5Z3GHaZ6ec9bsiI5BenrbY
20,"XO Tour Llif3","Lil Uzi Vert",14801665,https://open.spotify.com/track/7GX5flRQZVHRAGd6B4TmDO
21,"Bodak Yellow","Cardi B",14550012,https://open.spotify.com/track/2771LMNxwf62FTAdpJMQfM
22,Attention,"Charlie Puth",14267629,https://open.spotify.com/track/4iLqG9SeJSnt0cSPICSjxv
23,"Bank Account","21 Savage",14030108,https://open.spotify.com/track/2fQrGHiQOvpL9UgPvtYy6G
24,"Back to You (feat. Bebe Rexha & Digital Farm Animals)","Louis Tomlinson",13864099,https://open.spotify.com/track/7F9vK8hNFMml4GtHsaXui6
25,"Without You (feat. Sandro Cavazza)",Avicii,13601257,https://open.spotify.com/track/6WbADFqMvR8N5u0BvtsWQE
26,"Strip That Down","Liam Payne",13057993,https://open.spotify.com/track/6EpRaXYhGOB3fj4V2uDkMJ
27,"Despacito - Remix","Luis Fonsi",12975046,https://open.spotify.com/track/5CtI0qwDJkDQGwXD1H1cLb
28,"Wild Thoughts (feat. Rihanna & Bryson Tiller)","DJ Khaled",12846843,https://open.spotify.com/track/1OAh8uOEOvTDqkKFsKksCi
29,"More Than You Know","Axwell /\ Ingrosso",12633014,https://open.spotify.com/track/3PEgB3fkiojxms35ntsTgs
30,"I Like Me Better",Lauv,12309608,https://open.spotify.com/track/1wjzFQodRWrPcQ0AnYnvQ9
31,"Me Rehúso","Danny Ocean",12217575,https://open.spotify.com/track/6De0lHrwBfPfrhorm9q1Xl
32,Congratulations,"Post Malone",11941761,https://open.spotify.com/track/3a1lNhkSLSkpJE4MSHpDu9
33,HUMBLE.,"Kendrick Lamar",11724432,https://open.spotify.com/track/7KXjTSCq5nL1LoYtL7XAwS
34,Mama,"Jonas Blue",11618491,https://open.spotify.com/track/0NiXXAI876aGImAd6rTj8w
35,Perfect,"Ed Sheeran",11617349,https://open.spotify.com/track/0tgVpDi06FyKpA1z0VMD4v
36,"What About Us",P!nk,11562033,https://open.spotify.com/track/31MkGwj0SWgZaTvEt5Hgxv
37,"There's Nothing Holdin' Me Back","Shawn Mendes",11198207,https://open.spotify.com/track/79cuOz3SPQTuFrp8WgftAu
38,"2U (feat. Justin Bieber)","David Guetta",11102106,https://open.spotify.com/track/3A7qX2QjDlPnazUsRk5y0M
39,"Feel It Still","Portugal. The Man",10660073,https://open.spotify.com/track/6QgjcU0zLnzq5OrUoSZ3OK
40,"Lonely Together (feat. Rita Ora)",Avicii,10577045,https://open.spotify.com/track/2OALaHcDdKkjYEpAr0Qzab
41,"...Ready For It?","Taylor Swift",10409465,https://open.spotify.com/track/19WjVVgXjdKXfLXoaDPwTM
42,"I'm the One (feat. Justin Bieber, Quavo, Chance the Rapper & Lil Wayne)","DJ Khaled",10157065,https://open.spotify.com/track/3DXncPQOG4VBw3QHh3S817
43,"Felices los 4",Maluma,9896462,https://open.spotify.com/track/0qYTZCo5Bwh1nsUFGZP3zn
44,Believer,"Imagine Dragons",9610180,https://open.spotify.com/track/0CcQNd8CINkwQfe1RDtGV6
45,"Too Much To Ask","Niall Horan",9447699,https://open.spotify.com/track/3hRZsdTF5uyGA2uhNqEuhm
46,Bonita,"J Balvin",9332501,https://open.spotify.com/track/693iqPOQvhI7PobtR8CC8v
47,"Something Just Like This","The Chainsmokers",9258159,https://open.spotify.com/track/6RUKPb4LETWmmr3iAEQktW
48,Mayores,"Becky G",9071831,https://open.spotify.com/track/7JNh1cfm0eXjqFVOzKLyau
49,"Let Me Go (with Alesso, Florida Georgia Line & watt)","Hailee Steinfeld",8668382,https://open.spotify.com/track/5AEtlRudpgdT5FtNiuly6Y
50,"The Way Life Goes (feat. Oh Wonder)","Lil Uzi Vert",8636890,https://open.spotify.com/track/2eAZfqOm4EnOF9VvN50Tyc
51,"Swalla (feat. Nicki Minaj & Ty Dolla $ign)","Jason Derulo",8556555,https://open.spotify.com/track/6kex4EBAj0WHXDKZMEJaaF
52,DNA,BTS,8529281,https://open.spotify.com/track/5SE57ljOIUJ1ybL9U6CuBH
53,"Your Song","Rita Ora",8258443,https://open.spotify.com/track/4c2W3VKsOFoIg2SFaO6DY5
54,"Una Lady Como Tú","Manuel Turizo",8107882,https://open.spotify.com/track/7MHN1aCFtLXjownGhvEQlF
55,"Se Preparó",Ozuna,7729260,https://open.spotify.com/track/1m69ELEgE6k5ZWsap40ozt
56,"BUTTERFLY EFFECT","Travis Scott",7635446,https://open.spotify.com/track/1yxgsra98r3qAtxqiGZPiX
57,"Escápate Conmigo",Wisin,7632240,https://open.spotify.com/track/2cnKEkpVUSV4wnjQiTWfH6
58,"Reggaetón Lento (Remix)",CNCO,7599330,https://open.spotify.com/track/3zoYkqS4y2BsGVShPL2nTE
59,"Báilame - Remix",Nacho,7514674,https://open.spotify.com/track/3VClLWqNn80Llv0PJOsKgr
60,"Despacito (Featuring Daddy Yankee)","Luis Fonsi",7487176,https://open.spotify.com/track/4aWmUDTfIPGksMNLV2rQP2
61,"Fuck Love (feat. Trippie Redd)",XXXTENTACION,7448892,https://open.spotify.com/track/7AQim7LbvFVZJE3O8TYgf2
62,Questions,"Chris Brown",7243604,https://open.spotify.com/track/5XQMr19TL7Mfksq9zihbOu
63,"Homemade Dynamite (Feat. Khalid, Post Malone & SZA) - REMIX",Lorde,7222885,https://open.spotify.com/track/7rdUtXasA973gmrr2Xxh3E
64,Location,Khalid,7193141,https://open.spotify.com/track/152lZdxL1OR0ZMW6KquMif
65,"Slow Hands","Niall Horan",7043714,https://open.spotify.com/track/167NczpNbRF7oWakJaY3Hh
66,"Robarte un Beso","Carlos Vives",7004001,https://open.spotify.com/track/4z3GJkrtH97Bj6fRta983T
67,"I Get The Bag (feat. Migos)","Gucci Mane",6975632,https://open.spotify.com/track/1HTtUBEY3tuw2btgwwI2Ja
68,"There for You","Martin Garrix",6968219,https://open.spotify.com/track/6jA8HL9i4QGzsj6fjoxp8Y
69,goosebumps,"Travis Scott",6950721,https://open.spotify.com/track/6gBFPUFcJLzWGx4lenP6h2
70,"Rich Love (with Seeb)",OneRepublic,6887126,https://open.spotify.com/track/7aF09WaavZAmAWuUeYxlYD
71,Stargazing,Kygo,6804955,https://open.spotify.com/track/0Zbbxnx4SGGHoIow4PpISP
72,"Symphony (feat. Zara Larsson)","Clean Bandit",6408229,https://open.spotify.com/track/1x5sYLZiu9r5E43kMlt9f8
73,"Pretty Girl - Cheat Codes X CADE Remix","Maggie Lindemann",6369836,https://open.spotify.com/track/1NDxZ7cFAo481dtYWdrUnR
74,"Would You Ever",Skrillex,6366038,https://open.spotify.com/track/57p8CBvPOxrvyCbn6ttl5r
75,"Say You Won't Let Go","James Arthur",6341123,https://open.spotify.com/track/5uCax9HTNlzGybIStD3vDh
76,"Ahora Dice","Chris Jedi",6309059,https://open.spotify.com/track/22eADXu8DfOAUEDw4vU8qy
77,"It Ain't Me (with Selena Gomez)",Kygo,6232253,https://open.spotify.com/track/3eR23VReFzcdmS7TYCrhCe
78,"Rake It Up","Yo Gotti",6142985,https://open.spotify.com/track/6c7D34787LOtPm8tzhsLgH
79,"Mask Off",Future,6079183,https://open.spotify.com/track/3rOSwuTsUlJp0Pu0MkN8r8
80,"That's What I Like","Bruno Mars",6045787,https://open.spotify.com/track/0KKkJNfGyhkQ5aFogxQAPU
81,"Good Old Days (feat. Kesha)",Macklemore,6023508,https://open.spotify.com/track/2Za1AlJNvksouPPWbXpR2X
82,"Que Va","Alex Sensation",5933451,https://open.spotify.com/track/7ofxPmTNMj2GP07g1VZa0O
83,"No Promises (feat. Demi Lovato)","Cheat Codes",5921440,https://open.spotify.com/track/1louJpMmzEicAn7lzDalPW
84,"Roll in Peace (feat. XXXTENTACION)","Kodak Black",5920957,https://open.spotify.com/track/40oKW22ZNNkEdZLJTScaQI
85,"Tú Foto",Ozuna,5871675,https://open.spotify.com/track/5zSOVwaY3sVjnmLhuEfsuf
86,Redbone,"Childish Gambino",5812485,https://open.spotify.com/track/3kxfsdsCpFgN412fpnW85Y
87,Criminal,"Natti Natasha",5810063,https://open.spotify.com/track/2SmgFAhQkQCQPyBiBxR6Te
88,"Love Galore (feat. Travis Scott)",SZA,5738596,https://open.spotify.com/track/0q75NwOoFiARAVp4EXU4Bs
89,"Meant to Be (feat. Florida Georgia Line)","Bebe Rexha",5698765,https://open.spotify.com/track/7iDa6hUg2VgEL1o1HjmfBn
90,"A Different Way (with Lauv)","DJ Snake",5659117,https://open.spotify.com/track/0Wv5wuenRLI3BcwgT3HPIP
91,"Galway Girl","Ed Sheeran",5613819,https://open.spotify.com/track/0afhq8XCExXpqazXczTSve
92,"Everybody Dies In Their Nightmares",XXXTENTACION,5599804,https://open.spotify.com/track/3GVkPk8mqxz0itaAriG1L7
93,"Stay (with Alessia Cara)",Zedd,5513662,https://open.spotify.com/track/0dA2Mk56wEzDgegdC6R17g
94,"Gucci Gang","Lil Pump",5469529,https://open.spotify.com/track/6foxplXS0YEq8cO374Lty4
95,DNA.,"Kendrick Lamar",5430495,https://open.spotify.com/track/6HZILIRieu8S0iqY8kIKhj
96,"If I'm Lucky","Jason Derulo",5366868,https://open.spotify.com/track/6eUncuJutsFi9BGO1JaBHh
97,"Krippy Kush",Farruko,5361133,https://open.spotify.com/track/7FfpP3YZ6fOWMdxkIAtud9
98,"Slippery (feat. Gucci Mane)",Migos,5350279,https://open.spotify.com/track/6p8NuHm8uCGnn2Dtbtf7zE
99,Closer,"The Chainsmokers",5324258,https://open.spotify.com/track/7BKLCZ1jbUBVqRi2FVlTVw
100,"Hey DJ",CNCO,5284677,https://open.spotify.com/track/209gZgcfLq2aUuu51vOWBl
101,"Know No Better (feat. Travis Scott, Camila Cabello & Quavo)","Major Lazer",5235541,https://open.spotify.com/track/3Ytr1SUCUi6J3L9dRFx5iH
102,"Instruction (feat. Demi Lovato & Stefflon Don)","Jax Jones",5227114,https://open.spotify.com/track/0XfOi87h82i09rQjWYG0Bm
103,"I Don’t Wanna Live Forever (Fifty Shades Darker) - From ""Fifty Shades Darker (Original Motion Picture Soundtrack)""",ZAYN,5177893,https://open.spotify.com/track/3NdDpSvN911VPGivFlV5d0
104,"Go Flex","Post Malone",5147672,https://open.spotify.com/track/5yuShbu70mtHXY0yLzCQLQ
105,OK,"Robin Schulz",5115274,https://open.spotify.com/track/3bWAqKDWg6u1davspr5IkS
106,"Fetish (feat. Gucci Mane)","Selena Gomez",5067618,https://open.spotify.com/track/0XLOf9LhyazPX9Ld8jPiUq
107,"I Fall Apart","Post Malone",5045788,https://open.spotify.com/track/75ZvA4QfFiZvzhj2xkaWAh
108,"OMG (feat. Quavo)","Camila Cabello",4996120,https://open.spotify.com/track/4xBjsLUSjcx2h7PcRikpQp
109,Magnolia,"Playboi Carti",4976125,https://open.spotify.com/track/1e1JKLEDKP7hEQzJfNAgPl
110,"El Farsante",Ozuna,4972480,https://open.spotify.com/track/5EId1m4DNwTf3at31w8bPJ
111,"Swish Swish","Katy Perry",4950375,https://open.spotify.com/track/2kVHAQKVtczchKctctzbtK
112,Issues,"Julia Michaels",4888629,https://open.spotify.com/track/0xG0SHshCStMEyNbNC5d4k
113,"Explícale (feat. Bad Bunny)",Yandel,4849274,https://open.spotify.com/track/1LszjjoVwDDZcWUQbzeDLG
114,"Suena El Dembow","Joey Montana",4848347,https://open.spotify.com/track/5TysCiZtv1HnSWcTcUFusI
115,"Bella y Sensual","Romeo Santos",4799790,https://open.spotify.com/track/0ERbK7qVqveCaBWIiYCrl3
116,Passionfruit,Drake,4790785,https://open.spotify.com/track/7hDc8b7IXETo14hHIHdnhd
117,"The Race",Tay-K,4771509,https://open.spotify.com/track/5RCfvwDewu6p2x1mEI6smX
118,"Drowning (feat. Kodak Black)","A Boogie Wit da Hoodie",4763442,https://open.spotify.com/track/6Q2FftbUG530lCtBI74bMH
119,Praying,Kesha,4701533,https://open.spotify.com/track/0jdny0dhgjUwoIp5GkqEaA
120,Starboy,"The Weeknd",4697227,https://open.spotify.com/track/5aAx2yezTd8zXrkmtKl66Z
121,"One Dance",Drake,4594097,https://open.spotify.com/track/1xznGGDReH1oQq0xzbwXa3
122,Transportin',"Kodak Black",4568067,https://open.spotify.com/track/1WIZiOuNO3woKfdlSK2gNn
123,"Most Girls","Hailee Steinfeld",4500642,https://open.spotify.com/track/2mfUa8bLs2s5N4VaqJZ4lZ
124,"Bad At Love",Halsey,4499339,https://open.spotify.com/track/7y9iMe8SOB6z3NoHE2OfXl
125,"White Iverson","Post Malone",4489574,https://open.spotify.com/track/6eT7xZZlB2mwyzJ2sUKG6w
126,Photograph,"Ed Sheeran",4476545,https://open.spotify.com/track/6fxVffaTuwjgEk5h9QyRjy
127,"Look At Me!",XXXTENTACION,4474186,https://open.spotify.com/track/4ARPvK8DHLwt4oX65ZAFMw
128,"Slide (feat. Frank Ocean & Migos)","Calvin Harris",4412889,https://open.spotify.com/track/7tr2za8SQg2CI8EDgrdtNl
129,"Scared to Be Lonely","Martin Garrix",4389333,https://open.spotify.com/track/3ebXMykcMXOcLeJ9xZ17XH
130,"I Feel It Coming","The Weeknd",4379223,https://open.spotify.com/track/5GXAXm5YOmYT0kL5jHvYBt
131,"Rockabye (feat. Sean Paul & Anne-Marie)","Clean Bandit",4369743,https://open.spotify.com/track/5knuzwU65gJK7IF5yJsuaW
132,"LOYALTY. FEAT. RIHANNA.","Kendrick Lamar",4364447,https://open.spotify.com/track/6SwRhMLwNqEi6alNPVG00n
133,"Curve (feat. The Weeknd)","Gucci Mane",4357347,https://open.spotify.com/track/1tp1xMJ1uaOktksskS0Fzs
134,"Thinking out Loud","Ed Sheeran",4337214,https://open.spotify.com/track/1Slwb6dOYkBlWal1PGtnNg
135,Malibu,"Miley Cyrus",4300769,https://open.spotify.com/track/2habSXqcJGExM6JJyskY7O
136,"It's A Vibe","2 Chainz",4277732,https://open.spotify.com/track/6H0AwSQ20mo62jGlPGB8S6
137,"Sign of the Times","Harry Styles",4268928,https://open.spotify.com/track/5Ohxk2dO5COHF1krpoPigN
138,"Loco Enamorado","Abraham Mateo",4264509,https://open.spotify.com/track/4N1c5rmWOzRmB9SMacr5wB
139,"Super Far",LANY,4258483,https://open.spotify.com/track/74ODGXs4byLTRdnKGM4s6E
140,"Otra vez (feat. J Balvin)","Zion & Lennox",4234113,https://open.spotify.com/track/3QwBODjSEzelZyVjxPOHdq
141,"Body Like A Back Road","Sam Hunt",4224586,https://open.spotify.com/track/7mldq42yDuxiUNn08nvzHO
142,"LOVE. FEAT. ZACARI.","Kendrick Lamar",4157405,https://open.spotify.com/track/6PGoSes0D9eUDeeAafB2As
143,Signs,Drake,4128686,https://open.spotify.com/track/5EnYT6F7wEcdege6mDHEfO
144,"Perplexing Pegasus","Rae Sremmurd",4078831,https://open.spotify.com/track/2nYwV62UABTH0NanrwVIdQ
145,"Plain Jane","A$AP Ferg",4065348,https://open.spotify.com/track/4dVpf9jZjcORqGTLUaeYj9
146,"Bad Liar","Selena Gomez",4045042,https://open.spotify.com/track/1sCxVKWImDZSZKvG0U9B23
147,"Crying in the Club","Camila Cabello",4043412,https://open.spotify.com/track/1SJtlNRJDeYHioymcvsqev
148,"Ahora Me Llama","KAROL G",4021923,https://open.spotify.com/track/61HHDBLqF3AmSvLfHKNGd2
149,"Castle on the Hill","Ed Sheeran",4000416,https://open.spotify.com/track/6PCUP3dWmTjcTtXY02oFdT
150,"Go Go",BTS,3953532,https://open.spotify.com/track/5nq1uTNIR1cBR72T87viS0
151,"do re mi (feat. Gucci Mane)",blackbear,3941646,https://open.spotify.com/track/53mrVsi49rLHIaKBiSvElG
152,Paris,"The Chainsmokers",3938365,https://open.spotify.com/track/72jbDTw1piOOj770jWNeaG
153,"Si Tú La Ves (feat. Wisin)","Nicky Jam",3933027,https://open.spotify.com/track/4yN6xPLopmTLvc27pO9LIE
154,"La Rompe Corazones","Daddy Yankee",3926303,https://open.spotify.com/track/4okba5wu9mMLXx79DXLKi3
155,"Sola (Remix) [feat. Daddy Yankee, Wisin, Farruko, Zion & Lennox]","Anuel AA",3921388,https://open.spotify.com/track/5q2JbCNi4FcnglgPfxcV65
156,"3 A.M.","Jesse & Joy",3916693,https://open.spotify.com/track/0yyZN5ASdrYu0XYWFzfxUu
157,"iSpy (feat. Lil Yachty)",KYLE,3903673,https://open.spotify.com/track/2EEeOnHehOozLq4aS0n6SL
158,"Solo Dance","Martin Jensen",3898460,https://open.spotify.com/track/6HUnnBwYZqcED1eQztxMBN
159,"We Don't Talk Anymore (feat. Selena Gomez)","Charlie Puth",3856749,https://open.spotify.com/track/68EMU2RD1ECNeOeJ5qAXCV
160,"Sauce It Up","Lil Uzi Vert",3854375,https://open.spotify.com/track/1uL78kFWxhz3umTMWJu8n5
161,"First Time",Kygo,3837640,https://open.spotify.com/track/2Gl0FzuLxflY6nPifJp5Dr
162,"Relationship (feat. Future)","Young Thug",3827280,https://open.spotify.com/track/25oOaleife6E2MIKmFkPvg
163,"Treat You Better","Shawn Mendes",3813405,https://open.spotify.com/track/4Hf7WnR761jpxPr5D46Bcd
164,"Bad and Boujee (feat. Lil Uzi Vert)",Migos,3785177,https://open.spotify.com/track/4Km5HrUvYTaSUfiSGPJeQR
165,"Best Of Me",BTS,3780642,https://open.spotify.com/track/2tdq0CeAGSfhI2l4Gwkvgx
166,"Let Me Love You","DJ Snake",3765439,https://open.spotify.com/track/4pdPtRcBmOSQDlJ3Fk945m
167,"Me llamas (feat. Maluma) - Remix","Piso 21",3743819,https://open.spotify.com/track/5hEM0JchdVzQ5PwvSfITeX
168,"Sigo Extrañándote","J Balvin",3741951,https://open.spotify.com/track/6qDF4wWL49CAVbgT7yuHl8
169,"Marmalade (feat. Lil Yachty)",Macklemore,3723767,https://open.spotify.com/track/7bsnTsbiwOymZWjPF9v6Di
170,"Candy Paint","Post Malone",3698584,https://open.spotify.com/track/4wdZdkEugVVorAfzqRqC6N
171,"Me Enamoré",Shakira,3666902,https://open.spotify.com/track/4qknM1pQz53QOyfDVTjcM9
172,"Sua cara (feat. Anitta & Pabllo Vittar)","Major Lazer",3660316,https://open.spotify.com/track/3ibRxEv4KkcU9e259eyNJA
173,"Chantaje (feat. Maluma)",Shakira,3646100,https://open.spotify.com/track/6mICuAdrwEjh6Y6lroV2Kg
174,Unforgettable,"Thomas Rhett",3634179,https://open.spotify.com/track/30MM5jWpUmOxtTNd9Ey5LZ
175,Starving,"Hailee Steinfeld",3629816,https://open.spotify.com/track/6875MeXyCW0wLyT72Eetmo
176,"Don't Let Me Down (feat. Daya)","The Chainsmokers",3629594,https://open.spotify.com/track/0QsvXIfqM0zZoerQfsI9lm
177,Revenge,XXXTENTACION,3618104,https://open.spotify.com/track/5TXDeTFVRVY7Cvt0Dw4vWW
178,"Como Antes (feat. Wisin)",Yandel,3616296,https://open.spotify.com/track/5YzA563GXTuwQaRq24z1k5
179,Happier,"Ed Sheeran",3596709,https://open.spotify.com/track/2RttW7RAu5nOAfq6YFvApB
180,Rain,"The Script",3528667,https://open.spotify.com/track/2QWP8NYYplOqEFBYGCcq0S
181,"Now Or Never",Halsey,3511417,https://open.spotify.com/track/7i2DJ88J7jQ8K7zqFX2fW8
182,"24K Magic","Bruno Mars",3508828,https://open.spotify.com/track/6b8Be6ljOzmkOmFslEb23P
183,wokeuplikethis*,"Playboi Carti",3500437,https://open.spotify.com/track/59J5nzL1KniFHnU120dQzt
184,"Came Here for Love",Sigala,3499913,https://open.spotify.com/track/3kGfazcbVvVkuZunzlLgTD
185,"MIC Drop",BTS,3482941,https://open.spotify.com/track/2SYa5Lx1uoCvyDIW4oee9b
186,"Get Low (with Liam Payne)",Zedd,3481840,https://open.spotify.com/track/1CKd1PnqfYx0H12V9MSaIY
187,"The Spectre","Alan Walker",3468880,https://open.spotify.com/track/2DGa7iaidT5s0qnINlwMjJ
188,"Summer Air",ItaloBrothers,3464567,https://open.spotify.com/track/0V9cosR5jWa4fr2koARmhD
189,"Love Yourself","Justin Bieber",3451528,https://open.spotify.com/track/3hB5DgAiMAQ4DzYbsMq1IT
190,"Stay With Me","Sam Smith",3446909,https://open.spotify.com/track/5Db9VIdDsN5yu3Eu7CT0i4
191,"Bounce Back","Big Sean",3444314,https://open.spotify.com/track/0SGkqnVQo9KPytSri1H6cF
192,"Call On Me - Ryan Riback Extended Remix",Starley,3443213,https://open.spotify.com/track/78rIJddV4X0HkNAInEcYde
193,"El Amante","Nicky Jam",3432173,https://open.spotify.com/track/3umS4y3uQDkqekNjVpiRUs
194,"CAN'T STOP THE FEELING! (Original Song from DreamWorks Animation's ""TROLLS"")","Justin Timberlake",3425973,https://open.spotify.com/track/6JV2JOEocMgcZxYSZelKcc
195,"The Last Of The Real Ones","Fall Out Boy",3403589,https://open.spotify.com/track/7cQMJ0wDqVS5iM0JIvP6Ay
196,"Lose Yourself - From ""8 Mile"" Soundtrack",Eminem,3393102,https://open.spotify.com/track/5Z01UMMf7V1o0MzF86s6WJ
197,"SUBEME LA RADIO (feat. Descemer Bueno & Zion & Lennox)","Enrique Iglesias",3389675,https://open.spotify.com/track/7nKBxz47S9SD79N086fuhn
198,"Think Before I Talk","Astrid S",3375412,https://open.spotify.com/track/0Clb9aiXWa0dvVff5aN4VN
199,Mercy,"Shawn Mendes",3362730,https://open.spotify.com/track/4TZy1wLyHec06pwgFYDh1a
200,"Complicated (feat. Kiiara)","Dimitri Vegas & Like Mike",3352674,https://open.spotify.com/track/1Sl3njkhhz8nrSPZroDQ82
