,,,"Note that these figures are generated using a formula that protects against any artificial inflation of chart positions.",
Position,"Track Name",Artist,Streams,URL
1,"MONTERO (Call Me By Your Name)","Lil Nas X",43223596,https://open.spotify.com/track/67BtfxlNbhBmCDR2L2l8qd
2,"Peaches (feat. Daniel Caesar & Giveon)","Justin Bieber",39114724,https://open.spotify.com/track/4iJyoBOLtHqaGxP12qzhQI
3,"Kiss Me More (feat. SZA)","Doja Cat",36492185,https://open.spotify.com/track/748mdHapucXQri7IAO8yFK
4,"Levitating (feat. DaBaby)","Dua Lipa",29239983,https://open.spotify.com/track/5nujrmhLynf4yMoMtj8AQF
5,"Astronaut In The Ocean","Masked Wolf",25376314,https://open.spotify.com/track/3VT8hOC5vuDXBsHrR53WFh
6,"Leave The Door Open","Bruno Mars",24895348,https://open.spotify.com/track/7MAibcTli4IisCtbHKrGMh
7,Fiel,"Los Legendarios",23380965,https://open.spotify.com/track/7Bk0uXKk1uPT0XuQbpFzvs
8,RAPSTAR,"Polo G",22982223,https://open.spotify.com/track/43PGPuHIlVOc04jrZVh9L6
9,"Your Power","Billie Eilish",22582562,https://open.spotify.com/track/5qNh5WtzMbfpSj2jLlBkoD
10,"Pareja Del Año","Sebastian Yatra",21772431,https://open.spotify.com/track/2rCbl9naJYhaxjLsfx88uM
11,"Save Your Tears (with Ariana Grande) (Remix)","The Weeknd",21717022,https://open.spotify.com/track/37BZB0z9T8Xu7U3e65qxFy
12,"deja vu","Olivia Rodrigo",20976757,https://open.spotify.com/track/61KpQadow081I2AsbeLcsb
13,AM,"Nio Garcia",19112522,https://open.spotify.com/track/2dNhNlpZAtV4lwAFW45LIv
14,"drivers license","Olivia Rodrigo",18993754,https://open.spotify.com/track/7lPN2DXiMsVn7XUKtOW1CS
15,"Friday (feat. Mufasa & Hypeman) - Dopamine Re-Edit",Riton,18527417,https://open.spotify.com/track/4cG7HUWYHBV6R6tHn1gxrl
16,"Blinding Lights","The Weeknd",18130989,https://open.spotify.com/track/0VjIjW4GlUZAMYd2vXMi3b
17,"Body (Remix) [feat. ArrDee, E1 (3x3), ZT (3x3), Bugzy Malone, Buni, Fivio Foreign & Darkoo]","Tion Wayne",17802950,https://open.spotify.com/track/6uvMKqNlrSvcC4NaKnrwjZ
18,"Heartbreak Anniversary",Giveon,17476239,https://open.spotify.com/track/3FAJ6O0NOHQV8Mc5Ri6ENp
19,"Miss The Rage (feat. Playboi Carti)","Trippie Redd",17348179,https://open.spotify.com/track/2BITQ360Knh6qNAOqR7Dyq
20,telepatía,"Kali Uchis",16887648,https://open.spotify.com/track/6tDDoYIxWvMLTdKpjFkc1B
21,"i n t e r l u d e","J. Cole",16857118,https://open.spotify.com/track/2gyYjQWXKxemhAyMPgctIx
22,"Botella Tras Botella","Gera MX",16515094,https://open.spotify.com/track/2MnLkFqY9Rpg9s3Zv6ZJdK
23,"The Business",Tiësto,16418072,https://open.spotify.com/track/6f3Slt0GbA2bPZlz0aIFXN
24,DÁKITI,"Bad Bunny",16123125,https://open.spotify.com/track/4MzXwWMhyBbmu6hOcLVD49
25,Runaway,AURORA,15282614,https://open.spotify.com/track/1v1oIWf2Xgh54kIWuKsDf6
26,"Hold On","Justin Bieber",14141095,https://open.spotify.com/track/1nahzW3kfMuwReTka28tH5
27,"Save Your Tears","The Weeknd",13869923,https://open.spotify.com/track/5QO79kh1waicV47BqGRL3g
28,Up,"Cardi B",13434554,https://open.spotify.com/track/1M4OcYkxAtu3ErzSgDEfoi
29,"Mood (feat. iann dior)",24kGoldn,12903142,https://open.spotify.com/track/4jPy3l0RUwlUI9T5XHBW2m
30,"Heat Waves","Glass Animals",12659375,https://open.spotify.com/track/02MWAaffLxlfxAUY7c5dvx
31,"Your Love (9PM)",ATB,12508021,https://open.spotify.com/track/5YaskwnGDZFDRipaqzbwQx
32,Arcade,"Duncan Laurence",12416990,https://open.spotify.com/track/1J14CdDAvBTE1AJYUOwl6C
33,"EL MAKINON","KAROL G",12355680,https://open.spotify.com/track/2FSGUA0gFgGeQdprjtGM2M
34,Bandido,"Myke Towers",12353484,https://open.spotify.com/track/1xK1Gg9SxG8fy2Ya373oqb
35,"Watermelon Sugar","Harry Styles",12238938,https://open.spotify.com/track/6UelLqGlWMcVH1E5c4H7lY
36,Streets,"Doja Cat",12084777,https://open.spotify.com/track/60ynsPSSKe6O3sfwRnIBRf
37,"Beautiful Mistakes (feat. Megan Thee Stallion)","Maroon 5",11991957,https://open.spotify.com/track/6fRxMU4LWwyaSSowV441IU
38,"Goosebumps - Remix","Travis Scott",11933715,https://open.spotify.com/track/5uEYRdEIh9Bo4fpjDd4Na9
39,"Higher Power",Coldplay,11713497,https://open.spotify.com/track/0939D7aT18uBDS2MTjWzct
40,Dynamite,BTS,11444641,https://open.spotify.com/track/4saklk6nie3yiGePpBwUoc
41,911,Sech,11351578,https://open.spotify.com/track/2p2Q23iaaPSEa1tI6TsCVX
42,"Don't Start Now","Dua Lipa",11214633,https://open.spotify.com/track/3PfIrDoz19wz7qK7tYeu62
43,BED,"Joel Corry",11159150,https://open.spotify.com/track/0siYMEsGrzzzlWLXK5zJfS
44,"Someone You Loved","Lewis Capaldi",11155377,https://open.spotify.com/track/7qEHsqek33rTcFNT9PFqLf
45,"LA NOCHE DE ANOCHE","Bad Bunny",10811800,https://open.spotify.com/track/2XIc1pqjXV3Cr2BQUGNBck
46,"Calling My Phone","Lil Tjay",10328271,https://open.spotify.com/track/3J8EOeKLTLXORtWPpOU5bE
47,"Head & Heart (feat. MNEK)","Joel Corry",10164550,https://open.spotify.com/track/6cx06DFPPHchuUAcTxznu9
48,"WITHOUT YOU","The Kid LAROI",10109287,https://open.spotify.com/track/27OeeYzk6klgBh83TSvGMA
49,"Talking to the Moon","Bruno Mars",10104741,https://open.spotify.com/track/161DnLWsx1i3u1JT05lzqU
50,"We're Good","Dua Lipa",9887089,https://open.spotify.com/track/1diS6nkxMQc3wwC4G1j0bh
51,positions,"Ariana Grande",9421096,https://open.spotify.com/track/35mvY5S1H3J2QZyna3TFe0
52,"WITHOUT YOU (with Miley Cyrus)","The Kid LAROI",9283091,https://open.spotify.com/track/1EHUQesfVKwbthtNcpBi9g
53,Rasputin,Majestic,9165409,https://open.spotify.com/track/0b18g3G5spr4ZCkz7Y6Q0Q
54,"Sweater Weather","The Neighbourhood",9040749,https://open.spotify.com/track/2QjOHCTQ1Jl3zawyYOpxh6
55,"Baila Conmigo (with Rauw Alejandro)","Selena Gomez",8900457,https://open.spotify.com/track/079Ey5uxL04AKPQgVQwx5h
56,"Best Friend (feat. Doja Cat)",Saweetie,8809703,https://open.spotify.com/track/20BOju91NaEFK5Py4VJ2pp
57,"Paradise (feat. Dermot Kennedy)",MEDUZA,8707858,https://open.spotify.com/track/6ft4hAq6yde8jPZY2i5zLr
58,"Wants and Needs (feat. Lil Baby)",Drake,8657513,https://open.spotify.com/track/65OVbaJR5O1RmwOQx0875b
59,"Cover Me In Sunshine",P!nk,8624504,https://open.spotify.com/track/6Tio0ZoDeSQnI7EBAqWer2
60,"Good Days",SZA,8619878,https://open.spotify.com/track/3YJJjQPAbDT7mGpX3WtQ9A
61,"Lemonade (feat. Gunna, Don Toliver & NAV)","Internet Money",8582130,https://open.spotify.com/track/7hxHWCCAIIxFLCzvDgnQHX
62,"Dance Monkey","Tones And I",8580681,https://open.spotify.com/track/1rgnBhdG2JDFTbYkYRZAku
63,"ROCKSTAR (feat. Roddy Ricch)",DaBaby,8463728,https://open.spotify.com/track/7ytR5pFWmSjzHJIeQkgog4
64,"Hecha Pa' Mi",Boza,8339921,https://open.spotify.com/track/3VvA1wSxukMLsvXoXtlwWx
65,Levitating,"Dua Lipa",8080320,https://open.spotify.com/track/39LLxExYz6ewLAcYrzQQyP
66,34+35,"Ariana Grande",7998334,https://open.spotify.com/track/6Im9k8u9iIzKMrmV7BWtlF
67,"Ella No Es Tuya - Remix","Rochy RD",7977929,https://open.spotify.com/track/5YYW3yRktprLRr47WK219Y
68,"Roses - Imanbek Remix","SAINt JHN",7970590,https://open.spotify.com/track/0zLCBJZSiELJf02ucPP9wb
69,"Wellerman - Sea Shanty / 220 KID x Billen Ted Remix","Nathan Evans",7941332,https://open.spotify.com/track/3iw6V4LH7yPj1ESORX9RIN
70,"Batom de Cereja - Ao Vivo","Israel & Rodolffo",7904110,https://open.spotify.com/track/2MZQAvsA7aZDssppBLRxYp
71,"lovely (with Khalid)","Billie Eilish",7882998,https://open.spotify.com/track/0u2P5u6lvoDfwTYjAADbn4
72,"NEVER LEFT","Lil Tecca",7784871,https://open.spotify.com/track/21UkXrc9kD48rNpTMI2ecz
73,"Before You Go","Lewis Capaldi",7739936,https://open.spotify.com/track/2gMXnyrvIjhVBUZwvLZDMP
74,Anyone,"Justin Bieber",7726523,https://open.spotify.com/track/2WnAKZefdRHxtBEkRjFOHC
75,"you broke me first","Tate McRae",7671141,https://open.spotify.com/track/45bE4HXI0AwGZXfZtMp8JR
76,2/Catorce,"Rauw Alejandro",7666120,https://open.spotify.com/track/71R8HJxQk5qMiRstrlXN9t
77,"Volta Bebê, Volta Neném","Dj Guuga",7558643,https://open.spotify.com/track/4wQUopWk9Ed7Ng5qpKN5qd
78,"My Head & My Heart","Ava Max",7554603,https://open.spotify.com/track/1KixkQVDUHggZMU9dUobgm
79,Miénteme,TINI,7512249,https://open.spotify.com/track/0cOa970mzTWAxKtltpkpLc
80,"Dick (feat. Doja Cat)",StarBoi3,7469387,https://open.spotify.com/track/3nY8AqaMNNHHLYV4380ol0
81,"Another Love","Tom Odell",7433141,https://open.spotify.com/track/7jtQIBanIiJOMS6RyCx6jZ
82,Bipolar,"Mc Davi",7427924,https://open.spotify.com/track/0qxLQ6opocOGyFnlXqJ53x
83,"I DID IT (feat. Post Malone, Megan Thee Stallion, Lil Baby & DaBaby)","DJ Khaled",7347891,https://open.spotify.com/track/20GrahbI4AzAOWxpYfDKkf
84,"WAP (feat. Megan Thee Stallion)","Cardi B",7248351,https://open.spotify.com/track/4Oun2ylbjFKMPTiaSbbCih
85,Circles,"Post Malone",7213973,https://open.spotify.com/track/21jGcNKet2qwijlDFuPiPb
86,"In the morning",ITZY,7167760,https://open.spotify.com/track/2QdH0rKlV3d9Y6lWzcnlBH
87,"Follow You","Imagine Dragons",7097890,https://open.spotify.com/track/7FdUvDkaE24o3FPIWTvzv2
88,512,Mora,7086676,https://open.spotify.com/track/5jzEwSyyymBlf1fa1o39T2
89,Reloj,"Rauw Alejandro",7078207,https://open.spotify.com/track/4loQgPwJHocL3dFwLfjb1J
90,Shallow,"Lady Gaga",7075380,https://open.spotify.com/track/2VxeLyX666F8uXCJ0dZF8B
91,Heather,"Conan Gray",7032159,https://open.spotify.com/track/4xqrdfXkTW4T0RauPLv3WA
92,Whoopty,CJ,7021218,https://open.spotify.com/track/1t9WgS8FN0534tLBRwbaxO
93,"bad guy","Billie Eilish",7019682,https://open.spotify.com/track/2Fxmhks0bxGSBdJ92vM42m
94,"Martin & Gina","Polo G",6966874,https://open.spotify.com/track/1VLtjHwRWOVJiE5Py7JxoQ
95,"Wasted Love (feat. Lagique)",Ofenbach,6905947,https://open.spotify.com/track/2pPO9YecZimmuVQfIzfV6U
96,"Therefore I Am","Billie Eilish",6889948,https://open.spotify.com/track/54bFM56PmE4YLRnqpW6Tha
97,goosebumps,"Travis Scott",6883677,https://open.spotify.com/track/6gBFPUFcJLzWGx4lenP6h2
98,"Snow Tha Product: Bzrp Music Sessions, Vol. 39",Bizarrap,6860205,https://open.spotify.com/track/3ke6it1vTmHtz2ApcIVUz5
99,"Prisoner (feat. Dua Lipa)","Miley Cyrus",6840352,https://open.spotify.com/track/2Oycxb8QbPkpHTo8ZrmG0B
100,"Sunflower - Spider-Man: Into the Spider-Verse","Post Malone",6832707,https://open.spotify.com/track/0RiRZpuVRbi7oqRdSMwhQY
101,Freaks,"Surf Curse",6816969,https://open.spotify.com/track/0HUTL8i4y4MiGCPId7M7wb
102,"Solid (feat. Drake)","Young Stoner Life",6815111,https://open.spotify.com/track/6rTInqW3YECMkQsBEHw4sd
103,"GIRL LIKE ME","Black Eyed Peas",6777335,https://open.spotify.com/track/2vBET2pmrQqafaS6zIaYta
104,Believer,"Imagine Dragons",6754334,https://open.spotify.com/track/0pqnGHJpmpxLKifKRmU6WP
105,"What You Know Bout Love","Pop Smoke",6753816,https://open.spotify.com/track/1tkg4EHVoqnhR6iFEXb60y
106,Hawái,Maluma,6694471,https://open.spotify.com/track/1yoMvmasuxZfqHEipJhRbp
107,Memories,"Maroon 5",6635193,https://open.spotify.com/track/2b8fOow8UzyDFAE27YhOZM
108,"Adore You","Harry Styles",6450983,https://open.spotify.com/track/3jjujdWJ72nww5eGnfs2E7
109,Señorita,"Shawn Mendes",6439444,https://open.spotify.com/track/6v3KW9xbzN5yKLt9YKDYA2
110,"Holy (feat. Chance The Rapper)","Justin Bieber",6414445,https://open.spotify.com/track/6Xgq7MvZiet0hVi3KaDSgJ
111,"Shape of You","Ed Sheeran",6409854,https://open.spotify.com/track/7qiZfU4dY1lWllzX7mPBI3
112,"Lucid Dreams","Juice WRLD",6358185,https://open.spotify.com/track/285pBltuF7vW8TeWk8hdRR
113,"Take Me To Church",Hozier,6356149,https://open.spotify.com/track/3dYD57lRAUcMHufyqn9GcI
114,"For The Night (feat. Lil Baby & DaBaby)","Pop Smoke",6327644,https://open.spotify.com/track/0PvFJmanyNQMseIFrU708S
115,"death bed (coffee for your head)",Powfu,6280985,https://open.spotify.com/track/7eJMfftS33KTjuF7lTsMCx
116,Aloha,Maluma,6227472,https://open.spotify.com/track/5RAIMjdrCEjpjaR5tBATXU
117,"Breaking Me",Topic,6198758,https://open.spotify.com/track/3H7ihDc1dqLriiWXwsc2po
118,"Say You Won't Let Go","James Arthur",6130423,https://open.spotify.com/track/5uCax9HTNlzGybIStD3vDh
119,BICHOTA,"KAROL G",6058947,https://open.spotify.com/track/1WvrDdouh6C51In1SdATbq
120,Run,OneRepublic,6050314,https://open.spotify.com/track/2UbVnbE5FH6008mAm6Mmgw
121,Yellow,Coldplay,6048219,https://open.spotify.com/track/3AJwUDP919kvQ9QcozQPxg
122,"Dreams - 2004 Remaster","Fleetwood Mac",6045391,https://open.spotify.com/track/0ofHAoxe9vBkTCp2UQIavz
123,"Slumber Party (feat. Princess Nokia)",Ashnikko,6039524,https://open.spotify.com/track/11ZulcYY4lowvcQm4oe3VJ
124,Perfect,"Ed Sheeran",6037741,https://open.spotify.com/track/0tgVpDi06FyKpA1z0VMD4v
125,"Bohemian Rhapsody - Remastered 2011",Queen,5944192,https://open.spotify.com/track/4u7EnebtmKWzUH433cf5Qv
126,"Disco Arranhado - Funk Remix",Malu,5928333,https://open.spotify.com/track/2Gjt4rUHBUH0rMKpBg0hF4
127,"Break My Heart","Dua Lipa",5915365,https://open.spotify.com/track/017PF4Q3l4DBUiWoXk4OWT
128,You,Regard,5881730,https://open.spotify.com/track/2cc8Sw1OnCuA5bV8nqWqpE
129,"EVERY CHANCE I GET (feat. Lil Baby & Lil Durk)","DJ Khaled",5871337,https://open.spotify.com/track/1EJIcDYXwSqipW5dFe4uJz
130,"Tipo Gin - Ao Vivo","MC Kevin o Chris",5854299,https://open.spotify.com/track/4llr8mcoauwrHBtjGb7F9S
131,"Liberdade (Quando o Grave Bate Forte)",Alok,5843932,https://open.spotify.com/track/2QLbRVzixE282JSQjBz2DG
132,Body,"Russ Millions",5831357,https://open.spotify.com/track/3CVb6hkMrlF7eHhXi5B3PZ
133,"Daddy Issues","The Neighbourhood",5817129,https://open.spotify.com/track/5E30LdtzQTGqRvNd7l6kG5
134,Golden,"Harry Styles",5816359,https://open.spotify.com/track/45S5WTQEGOB1VHr1Q4FuPl
135,"What’s Next",Drake,5814742,https://open.spotify.com/track/3aQem4jVGdhtg116TmJnHz
136,"Travesuras - Remix","Nio Garcia",5768917,https://open.spotify.com/track/0VWLId2RwPCno9s1cJm2Vy
137,"Savage Love (Laxed - Siren Beat)","Jawsh 685",5750279,https://open.spotify.com/track/1xQ6trAsedVPCdbtDAmk0c
138,"Just the Way You Are","Bruno Mars",5739303,https://open.spotify.com/track/7BqBn9nzAq8spo5e7cZ0dJ
139,"Cloud 9","Beach Bunny",5712922,https://open.spotify.com/track/6vFsBXYczYsP0H3lgunZOm
140,"The Nights",Avicii,5708884,https://open.spotify.com/track/0ct6r3EGTcMLPtrXHDvVjc
141,"The Box","Roddy Ricch",5691325,https://open.spotify.com/track/0nbXyq5TXYPCO7pr3N8S4I
142,"Headshot (feat. Polo G & Fivio Foreign)","Lil Tjay",5679178,https://open.spotify.com/track/4eNOLmx8r2IJAVKvBBL1jv
143,"Wake Me Up",Avicii,5671670,https://open.spotify.com/track/0nrRP2bk19rLc0orkWPQk2
144,"No Role Modelz","J. Cole",5663001,https://open.spotify.com/track/62vpWI1CHwFy7tMIcSStl8
145,"Ride It",Regard,5661901,https://open.spotify.com/track/2tnVG71enUj33Ic2nFN6kZ
146,"All of Me","John Legend",5635058,https://open.spotify.com/track/3U4isOIWM3VvDubwSI3y7a
147,"7 rings","Ariana Grande",5631722,https://open.spotify.com/track/6ocbgoVGwYJhOv1GgI9NsF
148,"TE MUDASTE","Bad Bunny",5630426,https://open.spotify.com/track/5RubKOuDoPn5Kj5TLVxSxY
149,"UN DIA (ONE DAY) (Feat. Tainy)","J Balvin",5626791,https://open.spotify.com/track/0EhpEsp4L0oRGM0vmeaN5e
150,"HIGHEST IN THE ROOM","Travis Scott",5617133,https://open.spotify.com/track/3eekarcy7kvN4yt5ZFzltW
151,"La Nota","Manuel Turizo",5592377,https://open.spotify.com/track/5VzNsUnLmYcRfRfxpQsusa
152,"No Te Enamores - Remix",Milly,5567224,https://open.spotify.com/track/2mM3gZ0BbPwPPMelbA8vgt
153,"my ex's best friend (with blackbear)","Machine Gun Kelly",5565328,https://open.spotify.com/track/7kDUspsoYfLkWnZR7qwHZl
154,"Ramen & OJ","Joyner Lucas",5495318,https://open.spotify.com/track/4TIqzdAssasqx3DAe6cG9J
155,"Laugh Now Cry Later (feat. Lil Durk)",Drake,5462505,https://open.spotify.com/track/2SAqBLGA283SUiwJ3xOUVI
156,Riptide,"Vance Joy",5462265,https://open.spotify.com/track/7yq4Qj7cqayVTp3FF9CWbm
157,"everything i wanted","Billie Eilish",5448680,https://open.spotify.com/track/3ZCTVFBt2Brf31RLEnCkWJ
158,"Rain On Me (with Ariana Grande)","Lady Gaga",5431495,https://open.spotify.com/track/7ju97lgwC2rKQ6wwsf9no9
159,"Every Breath You Take","The Police",5431241,https://open.spotify.com/track/1JSTJqkT5qHq8MDJnJbRE1
160,"Blueberry Faygo","Lil Mosey",5419008,https://open.spotify.com/track/22LAwLoDA5b4AaGSkg6bKW
161,"Counting Stars",OneRepublic,5415619,https://open.spotify.com/track/2tpWsVSb9UEmDRxAl1zhX1
162,"Little Bit of Love","Tom Grennan",5411960,https://open.spotify.com/track/3Iba59sFmGhQ4kbCY5L8AX
163,"Lonely (with benny blanco)","Justin Bieber",5405081,https://open.spotify.com/track/3S8jK1mGzQi24ilFb45DAZ
164,"Another One Bites The Dust - Remastered 2011",Queen,5405062,https://open.spotify.com/track/5vdp5UmvTsnMEMESIF2Ym7
165,"SICKO MODE","Travis Scott",5386998,https://open.spotify.com/track/2xLMifQCjDGFmkHkpNLD9h
166,Falling,"Harry Styles",5378140,https://open.spotify.com/track/1ZMiCix7XSAbfAJlEZWMCp
167,"Somebody That I Used To Know",Gotye,5348094,https://open.spotify.com/track/1qDrWA6lyx8cLECdZE7TV7
168,"Jocelyn Flores",XXXTENTACION,5348003,https://open.spotify.com/track/7m9OqQk4RVRkw9JJdeAw96
169,"What You Need","Don Toliver",5346005,https://open.spotify.com/track/6LcX2hBbXaJcK4AuefE936
170,"Do I Wanna Know?","Arctic Monkeys",5320696,https://open.spotify.com/track/3rq5w4bQGigXOfdN30ATJt
171,"Cupid's Chokehold / Breakfast in America","Gym Class Heroes",5296227,https://open.spotify.com/track/2Lhdl74nwwVGOE2Gv35QuK
172,"L-Gante: Bzrp Music Sessions, Vol.38",Bizarrap,5290877,https://open.spotify.com/track/1Crj1zkRMpsEjb9NOR6Zof
173,"Bubblegum Bitch",MARINA,5287256,https://open.spotify.com/track/1yOL7ZiXGx5ULeLoktAUAg
174,"The Hills","The Weeknd",5279559,https://open.spotify.com/track/7fBv7CLKzipRk6EC6TWHOB
175,HOLIDAY,"Lil Nas X",5264232,https://open.spotify.com/track/6zFMeegAMYQo0mt8rXtrli
176,"At My Worst","Pink Sweat$",5258000,https://open.spotify.com/track/2MJz8BxxMsERULatmBikDH
177,Dior,"Pop Smoke",5255741,https://open.spotify.com/track/79s5XnCN4TJKTVMSmOx8Ep
178,Closer,"The Chainsmokers",5252418,https://open.spotify.com/track/7BKLCZ1jbUBVqRi2FVlTVw
179,"Life Is Good (feat. Drake)",Future,5241227,https://open.spotify.com/track/1K5KBOgreBi5fkEHvg5ap3
180,"Mr. Brightside","The Killers",5237929,https://open.spotify.com/track/003vvx7Niy0yvhvHt4a68B
181,"Smells Like Teen Spirit",Nirvana,5212114,https://open.spotify.com/track/1f3yAtsJtY87CTmM8RLnxf
182,"The Real Slim Shady",Eminem,5207703,https://open.spotify.com/track/3yfqSUWxFvZELEM4PmlwIR
183,"Stereo Hearts (feat. Adam Levine)","Gym Class Heroes",5204362,https://open.spotify.com/track/0qOnSQQF0yzuPWsXrQ9paz
184,Extasy,"187 Strassenbande",5203700,https://open.spotify.com/track/5OqIKA0ETzvxocl2IS7nV6
185,"Can't Hold Us - feat. Ray Dalton","Macklemore & Ryan Lewis",5187720,https://open.spotify.com/track/3bidbhpOYeV4knp8AIu8Xn
186,"Something Just Like This","The Chainsmokers",5183692,https://open.spotify.com/track/6RUKPb4LETWmmr3iAEQktW
187,"If the World Was Ending - feat. Julia Michaels","JP Saxe",5172015,https://open.spotify.com/track/2kJwzbxV2ppxnQoYw4GLBZ
188,PROBLEMA,"Daddy Yankee",5153524,https://open.spotify.com/track/2dl5K2ScW7jYhAhuem06cm
189,"Wishing Well","Juice WRLD",5125706,https://open.spotify.com/track/2U5WueTLIK5WJLD7mvDODv
190,"One Dance",Drake,5114922,https://open.spotify.com/track/1zi7xx7UVEFkmKfv06H8x0
191,Explícito,"Myke Towers",5113581,https://open.spotify.com/track/6qraVL4IJaIj0IuEexYJNa
192,"Fan de Tus Fotos","Nicky Jam",5103863,https://open.spotify.com/track/1mauYRwbpoGQX6itP2FAJC
193,"Tapão Na Raba","Raí Saia Rodada",5088848,https://open.spotify.com/track/58pgi1RpcU2fVJsxhm7BIr
194,"Godzilla (feat. Juice WRLD)",Eminem,5066006,https://open.spotify.com/track/7FIWs0pqAYbP91WWM0vlTQ
195,"Machu Picchu",Camilo,5062404,https://open.spotify.com/track/6RV9pRLIQiXm3qTGeyQluf
196,"Come & Go (with Marshmello)","Juice WRLD",5037124,https://open.spotify.com/track/2Y0wPrPQBrGhoLn14xRYCG
197,"Me Fije","Alex Rose",5033411,https://open.spotify.com/track/6Et5KimMg3IXwD6lJPGmQw
198,Robbery,"Juice WRLD",5024884,https://open.spotify.com/track/6Hj9jySrnFppAI0sEMCZpJ
199,Paradigmas,"Jorge & Mateus",5018076,https://open.spotify.com/track/17UfXrL7Run3GyZJW4uRjC
200,SugarCrash!,ElyOtto,5018005,https://open.spotify.com/track/2ePtv8MlBO9nuuXABqAfEX
