,,,"Note that these figures are generated using a formula that protects against any artificial inflation of chart positions.",
Position,"Track Name",Artist,Streams,URL
1,"drivers license","Olivia Rodrigo",42861515,https://open.spotify.com/track/7lPN2DXiMsVn7XUKtOW1CS
2,"Save Your Tears","The Weeknd",30002430,https://open.spotify.com/track/5QO79kh1waicV47BqGRL3g
3,"Blinding Lights","The Weeknd",26709566,https://open.spotify.com/track/0VjIjW4GlUZAMYd2vXMi3b
4,"Calling My Phone","Lil Tjay",26623780,https://open.spotify.com/track/5Kskr9LcNYa0tpt5f0ZEJx
5,DÁKITI,"Bad Bunny",24806315,https://open.spotify.com/track/4MzXwWMhyBbmu6hOcLVD49
6,Bandido,"Myke Towers",19794612,https://open.spotify.com/track/1xK1Gg9SxG8fy2Ya373oqb
7,"Mood (feat. iann dior)",24kGoldn,19103306,https://open.spotify.com/track/3tjFYV6RSFtuktYl3ZtYcq
8,"Love Story (Taylor’s Version)","Taylor Swift",18627530,https://open.spotify.com/track/3CeCwYWvdfXbZLXFhBrbnf
9,"WITHOUT YOU","The Kid LAROI",18341882,https://open.spotify.com/track/27OeeYzk6klgBh83TSvGMA
10,Whoopty,CJ,17378401,https://open.spotify.com/track/5vGLcdRuSbUhD8ScwsGSdA
11,Streets,"Doja Cat",17016829,https://open.spotify.com/track/60ynsPSSKe6O3sfwRnIBRf
12,"The Business",Tiësto,16842976,https://open.spotify.com/track/6f3Slt0GbA2bPZlz0aIFXN
13,"Good Days",SZA,16817642,https://open.spotify.com/track/3YJJjQPAbDT7mGpX3WtQ9A
14,BICHOTA,"KAROL G",15982215,https://open.spotify.com/track/7vrJn5hDSXRmdXoR30KgF1
15,positions,"Ariana Grande",15738289,https://open.spotify.com/track/35mvY5S1H3J2QZyna3TFe0
16,"Astronaut In The Ocean","Masked Wolf",15670268,https://open.spotify.com/track/3VT8hOC5vuDXBsHrR53WFh
17,"Levitating (feat. DaBaby)","Dua Lipa",15656959,https://open.spotify.com/track/5nujrmhLynf4yMoMtj8AQF
18,"LA NOCHE DE ANOCHE","Bad Bunny",15468368,https://open.spotify.com/track/2XIc1pqjXV3Cr2BQUGNBck
19,34+35,"Ariana Grande",15229547,https://open.spotify.com/track/6Im9k8u9iIzKMrmV7BWtlF
20,"Baila Conmigo (with Rauw Alejandro)","Selena Gomez",14895151,https://open.spotify.com/track/0D75ciM842cdUMKSMfAR9y
21,Dynamite,BTS,14780080,https://open.spotify.com/track/4saklk6nie3yiGePpBwUoc
22,"We're Good","Dua Lipa",14523521,https://open.spotify.com/track/1diS6nkxMQc3wwC4G1j0bh
23,Up,"Cardi B",14212148,https://open.spotify.com/track/1M4OcYkxAtu3ErzSgDEfoi
24,"Hecha Pa' Mi",Boza,14070280,https://open.spotify.com/track/3VvA1wSxukMLsvXoXtlwWx
25,"Lemonade (feat. Gunna, Don Toliver & NAV)","Internet Money",13916212,https://open.spotify.com/track/7hxHWCCAIIxFLCzvDgnQHX
26,Anyone,"Justin Bieber",13674774,https://open.spotify.com/track/31qCy5ZaophVA81wtlwLc4
27,"you broke me first","Tate McRae",12907542,https://open.spotify.com/track/45bE4HXI0AwGZXfZtMp8JR
28,"Someone You Loved","Lewis Capaldi",12527224,https://open.spotify.com/track/7qEHsqek33rTcFNT9PFqLf
29,"Paradise (feat. Dermot Kennedy)",MEDUZA,12526998,https://open.spotify.com/track/6ft4hAq6yde8jPZY2i5zLr
30,"What You Know Bout Love","Pop Smoke",11983607,https://open.spotify.com/track/1tkg4EHVoqnhR6iFEXb60y
31,"Therefore I Am","Billie Eilish",11945718,https://open.spotify.com/track/54bFM56PmE4YLRnqpW6Tha
32,"Prisoner (feat. Dua Lipa)","Miley Cyrus",11792836,https://open.spotify.com/track/2Oycxb8QbPkpHTo8ZrmG0B
33,"Watermelon Sugar","Harry Styles",11370885,https://open.spotify.com/track/6UelLqGlWMcVH1E5c4H7lY
34,"Head & Heart (feat. MNEK)","Joel Corry",10946384,https://open.spotify.com/track/6cx06DFPPHchuUAcTxznu9
35,Hawái,Maluma,10850422,https://open.spotify.com/track/1yoMvmasuxZfqHEipJhRbp
36,Reloj,"Rauw Alejandro",10757789,https://open.spotify.com/track/4loQgPwJHocL3dFwLfjb1J
37,"Heat Waves","Glass Animals",10667402,https://open.spotify.com/track/02MWAaffLxlfxAUY7c5dvx
38,"Goosebumps - Remix","Travis Scott",10646313,https://open.spotify.com/track/5uEYRdEIh9Bo4fpjDd4Na9
39,"Sweater Weather","The Neighbourhood",10439030,https://open.spotify.com/track/2QjOHCTQ1Jl3zawyYOpxh6
40,"GIRL LIKE ME","Black Eyed Peas",10420265,https://open.spotify.com/track/2vBET2pmrQqafaS6zIaYta
41,"WAP (feat. Megan Thee Stallion)","Cardi B",10360585,https://open.spotify.com/track/4Oun2ylbjFKMPTiaSbbCih
42,"Dance Monkey","Tones And I",10297539,https://open.spotify.com/track/1rgnBhdG2JDFTbYkYRZAku
43,"Don't Start Now","Dua Lipa",10024258,https://open.spotify.com/track/3PfIrDoz19wz7qK7tYeu62
44,"Monster (Shawn Mendes & Justin Bieber)","Shawn Mendes",10011451,https://open.spotify.com/track/1HbA4N1MiOsPthALesGFR1
45,"ROCKSTAR (feat. Roddy Ricch)",DaBaby,9886429,https://open.spotify.com/track/7ytR5pFWmSjzHJIeQkgog4
46,"La Nota","Manuel Turizo",9879804,https://open.spotify.com/track/7ndTONDDRFGiPnnhOzOXxq
47,willow,"Taylor Swift",9619253,https://open.spotify.com/track/3Uo7WG0vmLQ07WB4BDwy7D
48,"Roses - Imanbek Remix","SAINt JHN",9567293,https://open.spotify.com/track/0zLCBJZSiELJf02ucPP9wb
49,"Lonely (with benny blanco)","Justin Bieber",9397026,https://open.spotify.com/track/4y4spB9m0Q6026KfkAvy9Q
50,Heather,"Conan Gray",9233791,https://open.spotify.com/track/4xqrdfXkTW4T0RauPLv3WA
51,"Ropa Cara",Camilo,9147891,https://open.spotify.com/track/7BIy3EGQhg98CsRdKYHnJC
52,"Before You Go","Lewis Capaldi",9104225,https://open.spotify.com/track/2gMXnyrvIjhVBUZwvLZDMP
53,"For The Night (feat. Lil Baby & DaBaby)","Pop Smoke",9075305,https://open.spotify.com/track/0PvFJmanyNQMseIFrU708S
54,Afterglow,"Ed Sheeran",8968136,https://open.spotify.com/track/0E4Y1XIbs8GrAT1YqVy6dq
55,"Best Friend (feat. Doja Cat)",Saweetie,8568983,https://open.spotify.com/track/2etHQJxIbV0soyPhelVs9Y
56,"The Hills","The Weeknd",8479448,https://open.spotify.com/track/7fBv7CLKzipRk6EC6TWHOB
57,"Your Love (9PM)",ATB,8360270,https://open.spotify.com/track/5YaskwnGDZFDRipaqzbwQx
58,"Heartbreak Anniversary",Giveon,8268553,https://open.spotify.com/track/3FAJ6O0NOHQV8Mc5Ri6ENp
59,HOLIDAY,"Lil Nas X",8224823,https://open.spotify.com/track/6zFMeegAMYQo0mt8rXtrli
60,"TE MUDASTE","Bad Bunny",8197090,https://open.spotify.com/track/5RubKOuDoPn5Kj5TLVxSxY
61,"Holy (feat. Chance The Rapper)","Justin Bieber",8100929,https://open.spotify.com/track/5u1n1kITHCxxp8twBcZxWy
62,Snowman,Sia,8095897,https://open.spotify.com/track/7uoFMmxln0GPXQ0AcCBXRq
63,Arcade,"Duncan Laurence",8018234,https://open.spotify.com/track/1J14CdDAvBTE1AJYUOwl6C
64,Goosebumps,HVME,8001120,https://open.spotify.com/track/20McUFi8KCIVdNDLrkTDuZ
65,"Laugh Now Cry Later (feat. Lil Durk)",Drake,7986917,https://open.spotify.com/track/2SAqBLGA283SUiwJ3xOUVI
66,"In Your Eyes","The Weeknd",7926461,https://open.spotify.com/track/7szuecWAPwGoV1e5vGu8tl
67,"Chica Ideal","Sebastian Yatra",7921863,https://open.spotify.com/track/21N4Buj4xsyLb218lYle61
68,"Lucid Dreams","Juice WRLD",7792499,https://open.spotify.com/track/285pBltuF7vW8TeWk8hdRR
69,"death bed (coffee for your head)",Powfu,7760635,https://open.spotify.com/track/7eJMfftS33KTjuF7lTsMCx
70,"No Te Enamores - Remix",Milly,7740153,https://open.spotify.com/track/2mM3gZ0BbPwPPMelbA8vgt
71,"lovely (with Khalid)","Billie Eilish",7720426,https://open.spotify.com/track/0u2P5u6lvoDfwTYjAADbn4
72,Circles,"Post Malone",7627845,https://open.spotify.com/track/21jGcNKet2qwijlDFuPiPb
73,"Relación - Remix",Sech,7598564,https://open.spotify.com/track/35UUpTmrcFXNIVIN26ujXl
74,BEBÉ,Camilo,7571377,https://open.spotify.com/track/7D7EH7MGyNHWSkqrszerI1
75,LOCATION,"KAROL G",7552834,https://open.spotify.com/track/5Km4r87BoX2qqtoprYS1gh
76,goosebumps,"Travis Scott",7433950,https://open.spotify.com/track/6gBFPUFcJLzWGx4lenP6h2
77,"Ella No Es Tuya - Remix","Rochy RD",7381124,https://open.spotify.com/track/5YYW3yRktprLRr47WK219Y
78,Shallow,"Lady Gaga",7371627,https://open.spotify.com/track/2VxeLyX666F8uXCJ0dZF8B
79,Golden,"Harry Styles",7370093,https://open.spotify.com/track/45S5WTQEGOB1VHr1Q4FuPl
80,"Sunflower - Spider-Man: Into the Spider-Verse","Post Malone",7355712,https://open.spotify.com/track/0RiRZpuVRbi7oqRdSMwhQY
81,"Savage Love (Laxed - Siren Beat)","Jawsh 685",7250912,https://open.spotify.com/track/1xQ6trAsedVPCdbtDAmk0c
82,"At My Worst","Pink Sweat$",7244524,https://open.spotify.com/track/2MJz8BxxMsERULatmBikDH
83,"UN DIA (ONE DAY) (Feat. Tainy)","J Balvin",7242887,https://open.spotify.com/track/0EhpEsp4L0oRGM0vmeaN5e
84,"Adore You","Harry Styles",7234027,https://open.spotify.com/track/3jjujdWJ72nww5eGnfs2E7
85,"La Tóxica",Farruko,7097729,https://open.spotify.com/track/15OjBeqNX3bShsGYQbteRv
86,"Breaking Me",Topic,7096603,https://open.spotify.com/track/3H7ihDc1dqLriiWXwsc2po
87,"Wishing Well","Juice WRLD",7073262,https://open.spotify.com/track/2U5WueTLIK5WJLD7mvDODv
88,"The Box","Roddy Ricch",7040473,https://open.spotify.com/track/0nbXyq5TXYPCO7pr3N8S4I
89,Señorita,"Shawn Mendes",6977790,https://open.spotify.com/track/6v3KW9xbzN5yKLt9YKDYA2
90,"Wellerman - Sea Shanty / 220 KID x Billen Ted Remix","Nathan Evans",6928286,https://open.spotify.com/track/3iw6V4LH7yPj1ESORX9RIN
91,Polvo,"Nicky Jam",6915685,https://open.spotify.com/track/68mrW6gXHgupgSiDHgaDi5
92,"Mi Niña",Wisin,6908147,https://open.spotify.com/track/2bgcUk2A3jjKbCJ7KPquTi
93,"Vida de Rico",Camilo,6882780,https://open.spotify.com/track/73nAK3HgQK8dak83Y2WQ8F
94,"Say You Won't Let Go","James Arthur",6825249,https://open.spotify.com/track/5uCax9HTNlzGybIStD3vDh
95,Memories,"Maroon 5",6809502,https://open.spotify.com/track/2b8fOow8UzyDFAE27YhOZM
96,"Train Wreck","James Arthur",6801151,https://open.spotify.com/track/55Am8neGJkdj2ADaM3aw5H
97,"Esquema Preferido","DJ Ivis",6788039,https://open.spotify.com/track/27X3qzgB0Show6qfw5wNOK
98,"Hasta Abajo","Kevin Roldan",6767753,https://open.spotify.com/track/4PEfJZpVjdclfzZ9XO8uDw
99,"Blueberry Faygo","Lil Mosey",6763045,https://open.spotify.com/track/22LAwLoDA5b4AaGSkg6bKW
100,Perfect,"Ed Sheeran",6744837,https://open.spotify.com/track/0tgVpDi06FyKpA1z0VMD4v
101,Starboy,"The Weeknd",6736605,https://open.spotify.com/track/7MXVkk9YMctZqd1Srtv4MB
102,"Life Goes On",BTS,6690472,https://open.spotify.com/track/249gnXrbfmV8NG6jTEMSwD
103,"my ex's best friend (with blackbear)","Machine Gun Kelly",6685905,https://open.spotify.com/track/7kDUspsoYfLkWnZR7qwHZl
104,Believer,"Imagine Dragons",6684716,https://open.spotify.com/track/0pqnGHJpmpxLKifKRmU6WP
105,Robbery,"Juice WRLD",6635455,https://open.spotify.com/track/6Hj9jySrnFppAI0sEMCZpJ
106,"Jocelyn Flores",XXXTENTACION,6559053,https://open.spotify.com/track/7m9OqQk4RVRkw9JJdeAw96
107,"Ele É Ele, Eu Sou Eu","Wesley Safadão",6557130,https://open.spotify.com/track/7EWXP47VlXKO3r7mNxuWHw
108,"Daddy Issues","The Neighbourhood",6501030,https://open.spotify.com/track/5E30LdtzQTGqRvNd7l6kG5
109,"SO DONE","The Kid LAROI",6465034,https://open.spotify.com/track/2gqWRRCXnma9L8xQ1RdemQ
110,"All of Me","John Legend",6387529,https://open.spotify.com/track/3U4isOIWM3VvDubwSI3y7a
111,"bad guy","Billie Eilish",6376789,https://open.spotify.com/track/2Fxmhks0bxGSBdJ92vM42m
112,"Break My Heart","Dua Lipa",6376454,https://open.spotify.com/track/017PF4Q3l4DBUiWoXk4OWT
113,"Una Locura",Ozuna,6352426,https://open.spotify.com/track/5y7DaS3jAc9eZzcSOoUIwU
114,"HIGHEST IN THE ROOM","Travis Scott",6346213,https://open.spotify.com/track/3eekarcy7kvN4yt5ZFzltW
115,"All Girls Are The Same","Juice WRLD",6307948,https://open.spotify.com/track/4VXIryQMWpIdGgYR4TrjT1
116,"Shape of You","Ed Sheeran",6299904,https://open.spotify.com/track/7qiZfU4dY1lWllzX7mPBI3
117,Skin,"Sabrina Carpenter",6298984,https://open.spotify.com/track/03B2SfXuvDh1m9F4tqrX07
118,"Take You Dancing","Jason Derulo",6278869,https://open.spotify.com/track/59qrUpoplZxbIZxk6X0Bm3
119,"Why'd You Only Call Me When You're High?","Arctic Monkeys",6242023,https://open.spotify.com/track/48q0vSHcJdhK3IiXH8C5WJ
120,Falling,"Trevor Daniel",6220866,https://open.spotify.com/track/2rRJrJEo19S2J82BDsQ3F7
121,"Stuck with U (with Justin Bieber)","Ariana Grande",6165811,https://open.spotify.com/track/4HBZA5flZLE435QTztThqH
122,"La Curiosidad","Jay Wheeler",6154711,https://open.spotify.com/track/4HYDUMY0xSpeBr0AMY9cUz
123,"Take Me To Church",Hozier,6140664,https://open.spotify.com/track/3dYD57lRAUcMHufyqn9GcI
124,Antes,"Anuel AA",6123195,https://open.spotify.com/track/73O30uMI7n6DuzBmbtO7kC
125,"Do I Wanna Know?","Arctic Monkeys",6104499,https://open.spotify.com/track/3rq5w4bQGigXOfdN30ATJt
126,"Life Is Good (feat. Drake)",Future,6062353,https://open.spotify.com/track/1K5KBOgreBi5fkEHvg5ap3
127,"Come & Go (with Marshmello)","Juice WRLD",6045809,https://open.spotify.com/track/2Y0wPrPQBrGhoLn14xRYCG
128,"7 rings","Ariana Grande",6019970,https://open.spotify.com/track/6ocbgoVGwYJhOv1GgI9NsF
129,"If the World Was Ending - feat. Julia Michaels","JP Saxe",5998893,https://open.spotify.com/track/2kJwzbxV2ppxnQoYw4GLBZ
130,Dior,"Pop Smoke",5978110,https://open.spotify.com/track/79s5XnCN4TJKTVMSmOx8Ep
131,"Dreams - 2004 Remaster","Fleetwood Mac",5963662,https://open.spotify.com/track/0ofHAoxe9vBkTCp2UQIavz
132,"Se Te Nota (with Guaynaa)","Lele Pons",5949256,https://open.spotify.com/track/11EnQRgRMJwMAesfkB5pnu
133,"Hello (feat. A Boogie Wit da Hoodie)","Pop Smoke",5906289,https://open.spotify.com/track/2r6OAV3WsYtXuXjvJ1lIDi
134,SAD!,XXXTENTACION,5850746,https://open.spotify.com/track/3ee8Jmje8o58CHK66QrVC2
135,"I Feel It Coming","The Weeknd",5846227,https://open.spotify.com/track/5GXAXm5YOmYT0kL5jHvYBt
136,Falling,"Harry Styles",5815964,https://open.spotify.com/track/1ZMiCix7XSAbfAJlEZWMCp
137,"Facas - Ao Vivo","Diego & Victor Hugo",5810964,https://open.spotify.com/track/1ere9b9vDw2N3m9d4uiXxa
138,"Put Your Records On","Ritt Momney",5793331,https://open.spotify.com/track/6AGOKlMZWLCaEJGnaROtF9
139,Jeans,"Justin Quiles",5783148,https://open.spotify.com/track/3GtnId3Cm1Xa6joCj08nzW
140,Tusa,"KAROL G",5738612,https://open.spotify.com/track/7k4t7uLgtOxPwTpFmtJNTY
141,"Martin & Gina","Polo G",5738377,https://open.spotify.com/track/1VLtjHwRWOVJiE5Py7JxoQ
142,"SICKO MODE","Travis Scott",5707827,https://open.spotify.com/track/2xLMifQCjDGFmkHkpNLD9h
143,"All We Got (feat. KIDDO)","Robin Schulz",5694579,https://open.spotify.com/track/1FP9s72rDYty6mfoOEYKnE
144,"Parce (feat. Justin Quiles)",Maluma,5677681,https://open.spotify.com/track/4RJz8NfIe09gpKMiRUWKhJ
145,"Bohemian Rhapsody - Remastered 2011",Queen,5674812,https://open.spotify.com/track/4u7EnebtmKWzUH433cf5Qv
146,"Ponte Pa' Mi","Justin Quiles",5661453,https://open.spotify.com/track/4C6BlqqMwjFzOXzqpTeoWR
147,Wonder,"Shawn Mendes",5653626,https://open.spotify.com/track/6ZuahEctZD6w75peme58hm
148,"My Head & My Heart","Ava Max",5620421,https://open.spotify.com/track/1KixkQVDUHggZMU9dUobgm
149,"Rain On Me (with Ariana Grande)","Lady Gaga",5571074,https://open.spotify.com/track/7ju97lgwC2rKQ6wwsf9no9
150,"Ride It",Regard,5533278,https://open.spotify.com/track/2tnVG71enUj33Ic2nFN6kZ
151,"34+35 Remix (feat. Doja Cat, Megan Thee Stallion) - Remix","Ariana Grande",5528331,https://open.spotify.com/track/3jjBPF4NDMCU51psU8JPpR
152,"Godzilla (feat. Juice WRLD)",Eminem,5519437,https://open.spotify.com/track/7FIWs0pqAYbP91WWM0vlTQ
153,Yellow,Coldplay,5495064,https://open.spotify.com/track/3AJwUDP919kvQ9QcozQPxg
154,Hayloft,"Mother Mother",5456704,https://open.spotify.com/track/2kS6td1yvmpNgZTt1q5pQq
155,"Just the Way You Are","Bruno Mars",5456698,https://open.spotify.com/track/7BqBn9nzAq8spo5e7cZ0dJ
156,"Mood Swings (feat. Lil Tjay)","Pop Smoke",5454929,https://open.spotify.com/track/5rZlwNFl01HqLWBQGryKSm
157,"Love Not War (The Tampa Beat)","Jason Derulo",5440998,https://open.spotify.com/track/4Lt6GXGzYsa1tgkv3nGSTm
158,"POPSTAR (feat. Drake)","DJ Khaled",5415952,https://open.spotify.com/track/6EDO9iiTtwNv6waLwa1UUq
159,"BOOKER T","Bad Bunny",5353093,https://open.spotify.com/track/26w9NTiE9NGjW1ZvIOd1So
160,911,Sech,5349581,https://open.spotify.com/track/2TksvaRivgAEj780DgRB73
161,"Ay, DiOs Mío!","KAROL G",5344862,https://open.spotify.com/track/7x4ASXYEKfQBCewcZhK776
162,"Whats Poppin (feat. DaBaby, Tory Lanez & Lil Wayne) [Remix] - Bonus Track","Jack Harlow",5343771,https://open.spotify.com/track/0ZLuW8uOXdFNWcI40C0OC2
163,"Every Breath You Take","The Police",5330293,https://open.spotify.com/track/1JSTJqkT5qHq8MDJnJbRE1
164,"Head Shoulders Knees & Toes (feat. Norma Jean Martine)",Ofenbach,5292329,https://open.spotify.com/track/6i7zAdNhzUN2k1HcrBxPHG
165,Hope,XXXTENTACION,5256341,https://open.spotify.com/track/2ZRo7axmMPeSVUvDbGkJah
166,"Nathy Peluso: Bzrp Music Sessions, Vol. 36",Bizarrap,5232509,https://open.spotify.com/track/78SeXVRJ7KCqVmOwTiFjnI
167,Despeinada,Ozuna,5210217,https://open.spotify.com/track/0JAZWvvqttGFm4UMDsPQXC
168,"Star Shopping","Lil Peep",5168683,https://open.spotify.com/track/30bqVoKjX479ab90a8Pafp
169,"Hawái - Remix",Maluma,5163323,https://open.spotify.com/track/0GzuHFG4Ql6DoyxFRnIk3F
170,ROXANNE,"Arizona Zervas",5148810,https://open.spotify.com/track/696DnlkuDOXcMAnKlTgXXK
171,"How You Like That",BLACKPINK,5127223,https://open.spotify.com/track/4SFknyjLcyTLJFPKD2m96o
172,"Tattoo - Remix with Camilo","Rauw Alejandro",5120753,https://open.spotify.com/track/4G3PTss3mU33Tau7t4KbwE
173,Maniac,"Conan Gray",5103865,https://open.spotify.com/track/6KfoDhO4XUWSbnyKjNp9c4
174,Body,"Megan Thee Stallion",5098539,https://open.spotify.com/track/0A1hoCfMLkiAgvhWkkucJa
175,Sofia,Clairo,5085694,https://open.spotify.com/track/7B3z0ySL9Rr0XvZEAjWZzM
176,Photograph,"Ed Sheeran",5063395,https://open.spotify.com/track/6fxVffaTuwjgEk5h9QyRjy
177,"Smells Like Teen Spirit",Nirvana,5053857,https://open.spotify.com/track/1f3yAtsJtY87CTmM8RLnxf
178,"Meia Noite (Você tem meu Whatsapp)","Tarcísio do Acordeon",5044252,https://open.spotify.com/track/6sPBi0qLI6KM3yXX56NxsA
179,Closer,"The Chainsmokers",5040772,https://open.spotify.com/track/7BKLCZ1jbUBVqRi2FVlTVw
180,"Someone To You",BANNERS,5024654,https://open.spotify.com/track/2f0pn9DkEJwAzXApnFh5cr
181,"everything i wanted","Billie Eilish",5019556,https://open.spotify.com/track/3ZCTVFBt2Brf31RLEnCkWJ
182,Moonlight,XXXTENTACION,5003825,https://open.spotify.com/track/0JP9xo3adEtGSdUEISiszL
183,"Thinking out Loud","Ed Sheeran",4995623,https://open.spotify.com/track/1Slwb6dOYkBlWal1PGtnNg
184,Riptide,"Vance Joy",4978158,https://open.spotify.com/track/7yq4Qj7cqayVTp3FF9CWbm
185,"hot girl bummer",blackbear,4970358,https://open.spotify.com/track/2mt1IqcFyY1zmYZT8Q3xw9
186,"Toosie Slide",Drake,4966878,https://open.spotify.com/track/466cKvZn1j45IpxDdYZqdA
187,"Stressed Out","Twenty One Pilots",4943511,https://open.spotify.com/track/3CRDbSIZ4r5MsZ0YwxuEkn
188,"Earned It (Fifty Shades Of Grey)","The Weeknd",4929647,https://open.spotify.com/track/4frLb7nWtsz2ymBE6k2GRP
189,"Counting Stars",OneRepublic,4919651,https://open.spotify.com/track/2tpWsVSb9UEmDRxAl1zhX1
190,"Tyler Herro","Jack Harlow",4916987,https://open.spotify.com/track/3w1WjD2zJqjBjDz5fwqQPJ
191,"ily (i love you baby) (feat. Emilee)","Surf Mesa",4908929,https://open.spotify.com/track/62aP9fBQKYKxi7PDXwcUAS
192,"Say So","Doja Cat",4908040,https://open.spotify.com/track/3Dv1eDb0MEgF93GpLXlucZ
193,Wonderwall,Oasis,4902737,https://open.spotify.com/track/1DadkoAI2gicYJfindPY20
194,"Without Me",Halsey,4898960,https://open.spotify.com/track/6FZDfxM3a3UCqtzo5pxSLZ
195,"I Don't Care (with Justin Bieber)","Ed Sheeran",4897120,https://open.spotify.com/track/0hVXuCcriWRGvwMV1r5Yn9
196,"Remember That Night?","Sara Kays",4894734,https://open.spotify.com/track/1nYzjrdVQ8RpF93M0jPFW7
197,Fiel,"Los Legendarios",4886940,https://open.spotify.com/track/7Bk0uXKk1uPT0XuQbpFzvs
198,"Fly Away","Tones And I",4867644,https://open.spotify.com/track/5ri4zqtWhG07hIuNNDWP76
199,"The Less I Know The Better","Tame Impala",4864305,https://open.spotify.com/track/6K4t31amVTZDgR3sKmwUJJ
200,"Everybody Dies In Their Nightmares",XXXTENTACION,4847224,https://open.spotify.com/track/3GVkPk8mqxz0itaAriG1L7
