,,,"Note that these figures are generated using a formula that protects against any artificial inflation of chart positions.",
Position,"Track Name",Artist,Streams,URL
1,"Rain On Me (with Ariana Grande)","Lady Gaga",41627044,https://open.spotify.com/track/24ySl2hOPGCDcxBxFIqWBu
2,"ROCKSTAR (feat. Roddy Ricch)",DaBaby,36899304,https://open.spotify.com/track/7ytR5pFWmSjzHJIeQkgog4
3,"Blinding Lights","The Weeknd",36790462,https://open.spotify.com/track/0VjIjW4GlUZAMYd2vXMi3b
4,"Roses - Imanbek Remix","SAINt JHN",31501096,https://open.spotify.com/track/24Yi9hE78yPEbZ4kxyoXAI
5,"death bed (coffee for your head)",Powfu,27032847,https://open.spotify.com/track/7eJMfftS33KTjuF7lTsMCx
6,"Toosie Slide",Drake,25887943,https://open.spotify.com/track/466cKvZn1j45IpxDdYZqdA
7,"THE SCOTTS","THE SCOTTS",24289864,https://open.spotify.com/track/39Yp9wwQiSRIDOvrVg7mbk
8,"Don't Start Now","Dua Lipa",22476417,https://open.spotify.com/track/3PfIrDoz19wz7qK7tYeu62
9,"Stuck with U (with Justin Bieber)","Ariana Grande",21423623,https://open.spotify.com/track/4HBZA5flZLE435QTztThqH
10,GOOBA,6ix9ine,21143946,https://open.spotify.com/track/4NhDYoQTYCdWHTvlbGVgwo
11,"Dance Monkey","Tones And I",20687583,https://open.spotify.com/track/1rgnBhdG2JDFTbYkYRZAku
12,"Blueberry Faygo","Lil Mosey",19804629,https://open.spotify.com/track/22LAwLoDA5b4AaGSkg6bKW
13,"ily (i love you baby) (feat. Emilee)","Surf Mesa",19322430,https://open.spotify.com/track/62aP9fBQKYKxi7PDXwcUAS
14,"The Box","Roddy Ricch",19087768,https://open.spotify.com/track/0nbXyq5TXYPCO7pr3N8S4I
15,"Break My Heart","Dua Lipa",18888693,https://open.spotify.com/track/017PF4Q3l4DBUiWoXk4OWT
16,Supalonely,BENEE,18000520,https://open.spotify.com/track/4nK5YrxbMGZstTLbvj6Gxw
17,"Intentions (feat. Quavo)","Justin Bieber",15911389,https://open.spotify.com/track/4umIPjkehX1r7uhmGvXiSV
18,Falling,"Trevor Daniel",15272835,https://open.spotify.com/track/2rRJrJEo19S2J82BDsQ3F7
19,"Party Girl",StaySolidRocky,15064252,https://open.spotify.com/track/5RqR4ZCCKJDcBLIn4sih9l
20,"Sunday Best",Surfaces,14931455,https://open.spotify.com/track/1Cv1YLb4q0RzL6pybtaMLo
21,"Savage Remix (feat. Beyoncé)",Beyoncé,14746427,https://open.spotify.com/track/5v4GgrXPMghOnBBLmveLac
22,"Someone You Loved","Lewis Capaldi",14707349,https://open.spotify.com/track/7qEHsqek33rTcFNT9PFqLf
23,"Say So","Doja Cat",14700722,https://open.spotify.com/track/3Dv1eDb0MEgF93GpLXlucZ
24,"Watermelon Sugar","Harry Styles",14147420,https://open.spotify.com/track/6UelLqGlWMcVH1E5c4H7lY
25,Circles,"Post Malone",13829039,https://open.spotify.com/track/21jGcNKet2qwijlDFuPiPb
26,"Play Date","Melanie Martinez",13438336,https://open.spotify.com/track/4DpNNXFMMxQEKl7r0ykkWA
27,"WHATS POPPIN","Jack Harlow",13383276,https://open.spotify.com/track/1jaTQ3nqY3oAAYyCTbIvnM
28,goosebumps,"Travis Scott",13342664,https://open.spotify.com/track/6gBFPUFcJLzWGx4lenP6h2
29,"Yo Perreo Sola","Bad Bunny",13283095,https://open.spotify.com/track/0SqqAgdovOE24BzxIClpjw
30,Safaera,"Bad Bunny",13236099,https://open.spotify.com/track/2DEZmgHKAvm41k4J3R2E9Y
31,"Boss Bitch","Doja Cat",12977601,https://open.spotify.com/track/78qd8dvwea0Gosb6Fe6j3k
32,"Say So (feat. Nicki Minaj)","Doja Cat",12897194,https://open.spotify.com/track/11VApNQCWLJdzxWrlmwzUa
33,ROXANNE,"Arizona Zervas",12855093,https://open.spotify.com/track/696DnlkuDOXcMAnKlTgXXK
34,"Be Kind (with Halsey)",Marshmello,12668175,https://open.spotify.com/track/3Z8FwOEN59mRMxDCtb8N0A
35,"SICKO MODE","Travis Scott",12561829,https://open.spotify.com/track/2xLMifQCjDGFmkHkpNLD9h
36,Tusa,"KAROL G",12438430,https://open.spotify.com/track/7k4t7uLgtOxPwTpFmtJNTY
37,"Breaking Me",Topic,12330368,https://open.spotify.com/track/3H7ihDc1dqLriiWXwsc2po
38,"Life Is Good (feat. Drake)",Future,12306604,https://open.spotify.com/track/1K5KBOgreBi5fkEHvg5ap3
39,"HIGHEST IN THE ROOM","Travis Scott",11995805,https://open.spotify.com/track/3eekarcy7kvN4yt5ZFzltW
40,"Adore You","Harry Styles",11439997,https://open.spotify.com/track/3jjujdWJ72nww5eGnfs2E7
41,"Before You Go","Lewis Capaldi",11341806,https://open.spotify.com/track/2gMXnyrvIjhVBUZwvLZDMP
42,"After Party","Don Toliver",11023835,https://open.spotify.com/track/527k23H0A4Q0UJN3vGs0Da
43,Memories,"Maroon 5",10805684,https://open.spotify.com/track/2b8fOow8UzyDFAE27YhOZM
44,MAMACITA,"Black Eyed Peas",10531095,https://open.spotify.com/track/14wf185UxfNbSy8dwt4r4q
45,"bad guy","Billie Eilish",10503854,https://open.spotify.com/track/2Fxmhks0bxGSBdJ92vM42m
46,Rojo,"J Balvin",10502955,https://open.spotify.com/track/380HmhwTE2NJgawn1NwkXi
47,Señorita,"Shawn Mendes",10388637,https://open.spotify.com/track/6v3KW9xbzN5yKLt9YKDYA2
48,"If the World Was Ending - feat. Julia Michaels","JP Saxe",10268115,https://open.spotify.com/track/2kJwzbxV2ppxnQoYw4GLBZ
49,Righteous,"Juice WRLD",10090084,https://open.spotify.com/track/0OyQns5ayNK2OVaES0Vb8t
50,"Lose Somebody",Kygo,9747526,https://open.spotify.com/track/7xbWAw3LMgRMn4omR5yVn3
51,"In Your Eyes","The Weeknd",9721257,https://open.spotify.com/track/7szuecWAPwGoV1e5vGu8tl
52,Favorito,Camilo,9588841,https://open.spotify.com/track/0jT8Nl0shPS8115is0wD2Q
53,Physical,"Dua Lipa",9250360,https://open.spotify.com/track/3AzjcOeAmA57TIOr9zF1ZW
54,"Sunflower - Spider-Man: Into the Spider-Verse","Post Malone",9152286,https://open.spotify.com/track/0RiRZpuVRbi7oqRdSMwhQY
55,Daechwita,"Agust D",8908179,https://open.spotify.com/track/0H4ugk6rhnXmTl47ayy9O5
56,Savage,"Megan Thee Stallion",8811130,https://open.spotify.com/track/55CHeLEfn5iJ0IIkgaa4si
57,"Ride It",Regard,8781367,https://open.spotify.com/track/2tnVG71enUj33Ic2nFN6kZ
58,"Walk Em Down (feat. Roddy Ricch)","Roddy Ricch",8766701,https://open.spotify.com/track/4cSSL3YafYjM3yjgFO1vJg
59,PORFA,Feid,8699664,https://open.spotify.com/track/4TOmcZvw0gHa7GiXRbcYAW
60,"Chicago Freestyle (feat. Giveon)",Drake,8590294,https://open.spotify.com/track/4wVOKKEHUJxHCFFNUWDn0B
61,"everything i wanted","Billie Eilish",8577352,https://open.spotify.com/track/3ZCTVFBt2Brf31RLEnCkWJ
62,"Godzilla (feat. Juice WRLD)",Eminem,8555084,https://open.spotify.com/track/7FIWs0pqAYbP91WWM0vlTQ
63,Skechers,DripReport,8518244,https://open.spotify.com/track/2alc8VZAzDgdAsL2QMk3hu
64,"Elegí (feat. Dímelo Flow)","Rauw Alejandro",8298677,https://open.spotify.com/track/50ZC4PM7hywH27RcCfViau
65,"lovely (with Khalid)","Billie Eilish",8108292,https://open.spotify.com/track/0u2P5u6lvoDfwTYjAADbn4
66,Daisies,"Katy Perry",8095616,https://open.spotify.com/track/4uqh9bualXNHXXwO2wPorc
67,Amarillo,"J Balvin",7721331,https://open.spotify.com/track/6zEgnpM0qYmHLDnh8WPejL
68,"Lucid Dreams","Juice WRLD",7685799,https://open.spotify.com/track/285pBltuF7vW8TeWk8hdRR
69,"DOLLAZ ON MY HEAD (feat. Young Thug)",Gunna,7570232,https://open.spotify.com/track/3nS9a01VvXHQriLqJYwRqG
70,Tattoo,"Rauw Alejandro",7544232,https://open.spotify.com/track/7na7Bk98usp84FaOJFPv3d
71,"hot girl bummer",blackbear,7460578,https://open.spotify.com/track/7aiClxsDWFRQ0Kzk5KI5ku
72,"Lose Control",MEDUZA,7422205,https://open.spotify.com/track/7CHi4DtfK4heMlQaudCuHK
73,Salt,"Ava Max",7420471,https://open.spotify.com/track/7vgv8KZBSo0TPzyIWG9yzV
74,"I Don't Care (with Justin Bieber)","Ed Sheeran",7364691,https://open.spotify.com/track/0hVXuCcriWRGvwMV1r5Yn9
75,"La Difícil","Bad Bunny",7303228,https://open.spotify.com/track/6NfrH0ANGmgBXyxgV2PeXt
76,Shallow,"Lady Gaga",7261606,https://open.spotify.com/track/2VxeLyX666F8uXCJ0dZF8B
77,"PA' ROMPERLA","Bad Bunny",7138727,https://open.spotify.com/track/5XqCz18k96K8tx6DAYM97i
78,Roadrunner,"Bonez MC",6977305,https://open.spotify.com/track/0BwO44CBPFWxAIO5ZbPf3N
79,"Flex (feat. Juice WRLD)","Polo G",6892795,https://open.spotify.com/track/2QqJTIlGKRLJC3onkavYEz
80,"RITMO (Bad Boys For Life)","Black Eyed Peas",6861241,https://open.spotify.com/track/6cy3ki60hLwimwIje7tALf
81,Ignorantes,"Bad Bunny",6835850,https://open.spotify.com/track/38RIEav39FGi86jppxO0du
82,Morado,"J Balvin",6835370,https://open.spotify.com/track/35KmOEIUqAGn02t7n4qaIr
83,"COOLER THAN A BITCH (feat. Roddy Ricch)",Gunna,6642144,https://open.spotify.com/track/5LHHKZOwV8XW4LJP2C64mw
84,"CÓMO SE SIENTE - Remix","Jhay Cortez",6632034,https://open.spotify.com/track/2tFwfmceQa1Y6nRPhYbEtC
85,Relación,Sech,6612629,https://open.spotify.com/track/3ZG8N7aWw2meb6UrI5ZmnZ
86,"Deep End Freestyle","Sleepy Hallow",6603374,https://open.spotify.com/track/4zTPYAf5scZdp0LnwPPeWK
87,"Kings & Queens","Ava Max",6602426,https://open.spotify.com/track/76nqCfJOcFFWBJN32PAksn
88,Diosa,"Myke Towers",6599333,https://open.spotify.com/track/3JHpk0DOTOzyh0777JFAky
89,"BYE ME FUI","Bad Bunny",6595067,https://open.spotify.com/track/0FktnzDqjClqU6iqOZVEs2
90,"In Your Eyes (with Doja Cat) - Remix","The Weeknd",6511008,https://open.spotify.com/track/0UnTaVkntyh3vqvLEvbpQx
91,"7 rings","Ariana Grande",6397939,https://open.spotify.com/track/6ocbgoVGwYJhOv1GgI9NsF
92,WUNNA,Gunna,6384306,https://open.spotify.com/track/0y7Ao3CVJsyKFmqdjutiIF
93,"Ballin' (with Roddy Ricch)",Mustard,6351307,https://open.spotify.com/track/3QzAOrNlsabgbMwlZt7TAY
94,"Si Veo a Tu Mamá","Bad Bunny",6306506,https://open.spotify.com/track/41wtwzCZkXwpnakmwJ239F
95,"when the party's over","Billie Eilish",6233298,https://open.spotify.com/track/43zdsphuZLzwA9k4DJhU0I
96,"La Jeepeta - Remix","Nio Garcia",6210717,https://open.spotify.com/track/1mohfLaTJtB2RplHLQVM70
97,Yummy,"Justin Bieber",6197361,https://open.spotify.com/track/16wAOAZ2OkqoIDN7TpChjR
98,"10,000 Hours (with Justin Bieber)","Dan + Shay",6173293,https://open.spotify.com/track/2wrJq5XKLnmhRXHIAf9xBa
99,Believer,"Imagine Dragons",6075525,https://open.spotify.com/track/0pqnGHJpmpxLKifKRmU6WP
100,"Level of Concern","Twenty One Pilots",6055422,https://open.spotify.com/track/6xZ4Q2k2ompmDppyeESIY8
101,"rockstar (feat. 21 Savage)","Post Malone",6037104,https://open.spotify.com/track/0e7ipj03S05BNilyu5bRzt
102,"Know Your Worth",Khalid,5999890,https://open.spotify.com/track/0TrPqhAMoaKUFLR7iYDokf
103,"Beautiful People (feat. Khalid)","Ed Sheeran",5977147,https://open.spotify.com/track/70eFcWOvlMObDhURTqT4Fv
104,"Solitaires (feat. Travis Scott)",Future,5926663,https://open.spotify.com/track/4kfeRwpq5KUaqTkgi4TbDF
105,"This City","Sam Fischer",5912188,https://open.spotify.com/track/3H3r2nKWa3Yk5gt8xgmsEt
106,"In Your Eyes (feat. Alida)",Alida,5883094,https://open.spotify.com/track/61ZM92T2zaXIVsqncThQzC
107,"Stupid Love","Lady Gaga",5854477,https://open.spotify.com/track/2kJu14V7hbZw3I4K8L8SXb
108,"Jocelyn Flores",XXXTENTACION,5843985,https://open.spotify.com/track/7m9OqQk4RVRkw9JJdeAw96
109,"BELIEVE IT",PARTYNEXTDOOR,5823405,https://open.spotify.com/track/4HDCLYli2SUdkq9OjmvhSD
110,"I’m Ready (with Demi Lovato)","Sam Smith",5762179,https://open.spotify.com/track/1fipvP2zmef6vN2IwXfJhY
111,Falling,"Harry Styles",5757248,https://open.spotify.com/track/1ZMiCix7XSAbfAJlEZWMCp
112,SAD!,XXXTENTACION,5722567,https://open.spotify.com/track/3ee8Jmje8o58CHK66QrVC2
113,"Hola - Remix",Dalex,5721147,https://open.spotify.com/track/5stPVcRqb4qixbafP9e8lt
114,"Like That (feat. Gucci Mane)","Doja Cat",5685686,https://open.spotify.com/track/4EivmOT13NMpNSfTKn9p4s
115,Happier,Marshmello,5676080,https://open.spotify.com/track/2dpaYNEQHiRxtZbfNsse99
116,"Bohemian Rhapsody - Remastered 2011",Queen,5649933,https://open.spotify.com/track/4u7EnebtmKWzUH433cf5Qv
117,Selfish,"Madison Beer",5641974,https://open.spotify.com/track/4PV0uE5pZSh44E3NqNNDEH
118,"El Efecto","Rauw Alejandro",5631844,https://open.spotify.com/track/4SJHHpKhcuXwDsCsPqshXj
119,"High Fashion (feat. Mustard)","Roddy Ricch",5618210,https://open.spotify.com/track/07KXEDMj78x68D884wgVEm
120,Ransom,"Lil Tecca",5618131,https://open.spotify.com/track/1lOe9qE0vR9zwWQAOk6CoO
121,PAM,"Justin Quiles",5558611,https://open.spotify.com/track/0eeKDrQxjqNl5bX5VCHDcn
122,"Shape of You","Ed Sheeran",5556656,https://open.spotify.com/track/7qiZfU4dY1lWllzX7mPBI3
123,"Komm Komm","Capital Bra",5552890,https://open.spotify.com/track/3US6RbELvvrPw3DcvtJmis
124,"Sour Candy (with BLACKPINK)","Lady Gaga",5518032,https://open.spotify.com/track/6R6ZoHTypt5lt68MWbzZXv
125,"BAD CON NICKY","Bad Bunny",5516612,https://open.spotify.com/track/5bmSver2b3ZXyuyLKtgnFI
126,Myron,"Lil Uzi Vert",5487510,https://open.spotify.com/track/56uXDJRCuoS7abX3SkzHKQ
127,Lalala,Y2K,5417827,https://open.spotify.com/track/51Fjme0JiitpyXKuyQiCDo
128,Azul,"J Balvin",5392583,https://open.spotify.com/track/2lCkncy6bIB0LTMT7kvrD1
129,"Sigues Con El","Dímelo Flow",5364617,https://open.spotify.com/track/7sQKy5vlPQllr0k9IjYJv3
130,Robbery,"Juice WRLD",5334433,https://open.spotify.com/track/6Hj9jySrnFppAI0sEMCZpJ
131,"Say You Won't Let Go","James Arthur",5332015,https://open.spotify.com/track/5uCax9HTNlzGybIStD3vDh
132,"OUT WEST (feat. Young Thug)",JACKBOYS,5319141,https://open.spotify.com/track/6gi6y1xwmVszDWkUqab1qw
133,Perfect,"Ed Sheeran",5285817,https://open.spotify.com/track/0tgVpDi06FyKpA1z0VMD4v
134,"Turks (with Gunna & ft. Travis Scott)",NAV,5279906,https://open.spotify.com/track/7IMwEtpAiJanqF6vQteZN2
135,"La Santa","Bad Bunny",5231700,https://open.spotify.com/track/69vlMrzHwATKzupwNcUPyK
136,"Bandit (with YoungBoy Never Broke Again)","Juice WRLD",5225786,https://open.spotify.com/track/6Gg1gjgKi2AK4e0qzsR7sd
137,P2,"Lil Uzi Vert",5220139,https://open.spotify.com/track/3kW4z2pIj5VY5fLjBrMRL5
138,BOP,DaBaby,5209815,https://open.spotify.com/track/6Ozh9Ok6h4Oi1wUSLtBseN
139,"TOP FLOOR (feat. Travis Scott)",Gunna,5193309,https://open.spotify.com/track/4YhJ3a6kBPGJWX4Ek77sDd
140,"Without Me",Halsey,5190315,https://open.spotify.com/track/6FZDfxM3a3UCqtzo5pxSLZ
141,China,"Anuel AA",5140073,https://open.spotify.com/track/2ksOAxtIxY8yElEWw8RhgK
142,Fame,"Apache 207",5139801,https://open.spotify.com/track/3goH7O78TLkV9RhCAyM4AT
143,"Goodbyes (Feat. Young Thug)","Post Malone",5134161,https://open.spotify.com/track/6vBdBCoOhKHiYDDOcorfNo
144,Vete,"Bad Bunny",5133197,https://open.spotify.com/track/2n7ohqg1s68ToAHh4u9mcW
145,"CANCIÓN CON YANDEL",Yandel,5132247,https://open.spotify.com/track/3pm4XtcsRIFFtH2UErk62R
146,Jangueo,"Alex Rose",5084564,https://open.spotify.com/track/5m3jpKkgkfoMcym1qjToFg
147,"It's You","Ali Gatie",5083069,https://open.spotify.com/track/5DqdesEfbRyOlSS3Tf6c29
148,July,"Noah Cyrus",5027694,https://open.spotify.com/track/6J2LdBN97cDWn0MLxYh9HB
149,"X (with KAROL G)","Jonas Brothers",5018592,https://open.spotify.com/track/77fvnWALKJR0ws1VUx09CY
150,"No Me Conoce - Remix","Jhay Cortez",5009156,https://open.spotify.com/track/4R8BJggjosTswLxtkw8V7P
151,"MÁS DE UNA CITA","Bad Bunny",4987116,https://open.spotify.com/track/4EJHKSnHENfjOxXWryyNtL
152,"No Idea","Don Toliver",4945908,https://open.spotify.com/track/7AzlLxHn24DxjgQX73F9fU
153,"Old Town Road - Remix","Lil Nas X",4939163,https://open.spotify.com/track/2YpeDb67231RjR0MgVLzsG
154,"Sweet but Psycho","Ava Max",4931003,https://open.spotify.com/track/25sgk305KZfyuqVBQIahim
155,Youngblood,"5 Seconds of Summer",4913862,https://open.spotify.com/track/2iUXsYOEPhVqEBwsqP70rE
156,"What A Man Gotta Do","Jonas Brothers",4906299,https://open.spotify.com/track/4wNIkl5XGiAACjFBlDWuSd
157,"LA CANCIÓN","J Balvin",4893662,https://open.spotify.com/track/0fea68AdmYNygeTGI4RC18
158,"El Efecto - Remix","Rauw Alejandro",4880808,https://open.spotify.com/track/74j34STf8L6uADnTN69ohv
159,Together,Sia,4861870,https://open.spotify.com/track/5id3Rqn7SPj1LX4FfY4nGz
160,Sucker,"Jonas Brothers",4859255,https://open.spotify.com/track/22vgEDb5hykfaTwLuskFGD
161,"The Less I Know The Better","Tame Impala",4853702,https://open.spotify.com/track/6K4t31amVTZDgR3sKmwUJJ
162,"Rover (feat. DTG)",S1mba,4851878,https://open.spotify.com/track/4slSrbTK1sNK4I1mDYEthf
163,"Get You The Moon (feat. Snøw)",Kina,4844975,https://open.spotify.com/track/4ZLzoOkj0MPWrTLvooIuaa
164,Bruises,"Lewis Capaldi",4830711,https://open.spotify.com/track/4Of7rzpRpV1mWRbhp5rAqG
165,"Lose You To Love Me","Selena Gomez",4822183,https://open.spotify.com/track/4l0Mvzj72xxOpRrp6h8nHi
166,Wow.,"Post Malone",4805428,https://open.spotify.com/track/7xQAfvXzm3AkraOtGPWIZg
167,"eight(Prod.&Feat. SUGA of BTS)",IU,4764954,https://open.spotify.com/track/0pYacDCZuRhcrwGUA5nTBe
168,"You should be sad",Halsey,4761908,https://open.spotify.com/track/7lidXGPXPYLNThITAOTlkK
169,"Go Crazy","Chris Brown",4742654,https://open.spotify.com/track/1IIKrJVP1C9N7iPtG6eOsK
170,Surrender,"Natalie Taylor",4736466,https://open.spotify.com/track/0ecC8p17cDNlxHXkuYqeR6
171,"IDK You Yet","Alexander 23",4722951,https://open.spotify.com/track/47EWMOElkkbMp5m9SBkx7d
172,"Be Alright","Dean Lewis",4711701,https://open.spotify.com/track/5qrSlOut2rNAWv3ubArkNy
173,Moonlight,XXXTENTACION,4693885,https://open.spotify.com/track/0JP9xo3adEtGSdUEISiszL
174,Fantasias,"Rauw Alejandro",4693548,https://open.spotify.com/track/6mAN61JH0dzyZpWslS11jy
175,"Like It Is",Kygo,4662680,https://open.spotify.com/track/3frUvGrmGcay91lvFbOgsN
176,"Lights Up","Harry Styles",4658350,https://open.spotify.com/track/4jAIqgrPjKLTY9Gbez25Qb
177,"CITY OF ANGELS",24kGoldn,4645541,https://open.spotify.com/track/6ap9lSRJ0iLriGLqoJ44cq
178,Astronomia,Vicetone,4642284,https://open.spotify.com/track/665AK0ovB11McZRwfa852G
179,Airwaves,Pashanim,4641118,https://open.spotify.com/track/5CqkgDH8QZjSqqI3HmYxDD
180,"Higher Love",Kygo,4636775,https://open.spotify.com/track/6oJ6le65B3SEqPwMRNXWjY
181,"Make You Mine",PUBLIC,4636601,https://open.spotify.com/track/5iFwAOB2TFkPJk8sMlxP8g
182,"All of Me","John Legend",4621202,https://open.spotify.com/track/3U4isOIWM3VvDubwSI3y7a
183,"Money In The Grave (Drake ft. Rick Ross)",Drake,4620148,https://open.spotify.com/track/5ry2OE6R2zPQFDO85XkgRb
184,"My Oh My (feat. DaBaby)","Camila Cabello",4617573,https://open.spotify.com/track/3yOlyBJuViE2YSGn3nVE1K
185,Callaita,"Bad Bunny",4577519,https://open.spotify.com/track/2TH65lNHgvLxCKXM3apjxI
186,Heartless,"The Weeknd",4575080,https://open.spotify.com/track/6bnF93Rx87YqUBLSgjiMU8
187,"thank u, next","Ariana Grande",4572855,https://open.spotify.com/track/3e9HZxeyfWwjeyPAMmWSSQ
188,"After Hours","The Weeknd",4559855,https://open.spotify.com/track/2p8IUWQDrpjuFltbdgLOag
189,"BUTTERFLY EFFECT","Travis Scott",4537762,https://open.spotify.com/track/6xcJyGpfZbuuiequtnlKt4
190,"I Like Me Better",Lauv,4515080,https://open.spotify.com/track/2P91MQbaiQOfbiz9VqhqKQ
191,Dior,"Pop Smoke",4482294,https://open.spotify.com/track/79s5XnCN4TJKTVMSmOx8Ep
192,"Piece Of Your Heart",MEDUZA,4474003,https://open.spotify.com/track/1DFD5Fotzgn6yYXkYsKiGs
193,"Never Seen the Rain","Tones And I",4473968,https://open.spotify.com/track/2grAr8pWMuLWn8ZYEE9wDV
194,"Better Now","Post Malone",4454018,https://open.spotify.com/track/7dt6x5M1jzdTEt8oCbisTK
195,"Dancing With A Stranger (with Normani)","Sam Smith",4451454,https://open.spotify.com/track/6Qs4SXO9dwPj5GKvVOv8Ki
196,"Sigues Con El - Remix",Arcangel,4440738,https://open.spotify.com/track/4Pu0a2TuHOYtI4CCE3HEXI
197,"ANGELS & DEMONS",jxdn,4435538,https://open.spotify.com/track/4GUj9MfPPkjpZskxb45uiX
198,"Something Just Like This","The Chainsmokers",4432498,https://open.spotify.com/track/6RUKPb4LETWmmr3iAEQktW
199,Confía,Sech,4419295,https://open.spotify.com/track/5kbps8unnGH4raN5WduZuq
200,Muévelo,"Nicky Jam",4407165,https://open.spotify.com/track/4VgYtXCVJ7IbWAZ5ryfvEQ
