,,,"Note that these figures are generated using a formula that protects against any artificial inflation of chart positions.",
Position,"Track Name",Artist,Streams,URL
1,"ROCKSTAR (feat. Roddy Ricch)",DaBaby,38114397,https://open.spotify.com/track/7ytR5pFWmSjzHJIeQkgog4
2,"Savage Love (Laxed - Siren Beat)","Jawsh 685",34310255,https://open.spotify.com/track/1xQ6trAsedVPCdbtDAmk0c
3,"Blinding Lights","The Weeknd",32065431,https://open.spotify.com/track/0VjIjW4GlUZAMYd2vXMi3b
4,"Roses - Imanbek Remix","SAINt JHN",26839589,https://open.spotify.com/track/24Yi9hE78yPEbZ4kxyoXAI
5,"Watermelon Sugar","Harry Styles",26154801,https://open.spotify.com/track/6UelLqGlWMcVH1E5c4H7lY
6,"How You Like That",BLACKPINK,21246346,https://open.spotify.com/track/3vAn0qZzdyuHamcrpkfiX3
7,"death bed (coffee for your head)",Powfu,20943981,https://open.spotify.com/track/7eJMfftS33KTjuF7lTsMCx
8,"Rain On Me (with Ariana Grande)","Lady Gaga",20664494,https://open.spotify.com/track/7ju97lgwC2rKQ6wwsf9no9
9,"Breaking Me",Topic,19348054,https://open.spotify.com/track/3H7ihDc1dqLriiWXwsc2po
10,"Toosie Slide",Drake,19131669,https://open.spotify.com/track/466cKvZn1j45IpxDdYZqdA
11,"Dance Monkey","Tones And I",19003735,https://open.spotify.com/track/1rgnBhdG2JDFTbYkYRZAku
12,"ily (i love you baby) (feat. Emilee)","Surf Mesa",18112805,https://open.spotify.com/track/62aP9fBQKYKxi7PDXwcUAS
13,"Party Girl",StaySolidRocky,17728539,https://open.spotify.com/track/5RqR4ZCCKJDcBLIn4sih9l
14,"Don't Start Now","Dua Lipa",17648641,https://open.spotify.com/track/3PfIrDoz19wz7qK7tYeu62
15,"Break My Heart","Dua Lipa",17259460,https://open.spotify.com/track/017PF4Q3l4DBUiWoXk4OWT
16,"Blueberry Faygo","Lil Mosey",16655073,https://open.spotify.com/track/22LAwLoDA5b4AaGSkg6bKW
17,"The Woo (feat. 50 Cent & Roddy Ricch)","Pop Smoke",16135711,https://open.spotify.com/track/1H7KnK26kc1YyellpbINEn
18,"For The Night (feat. Lil Baby & DaBaby)","Pop Smoke",15991876,https://open.spotify.com/track/0PvFJmanyNQMseIFrU708S
19,"La Jeepeta - Remix","Nio Garcia",15746726,https://open.spotify.com/track/1mohfLaTJtB2RplHLQVM70
20,MAMACITA,"Black Eyed Peas",15370491,https://open.spotify.com/track/24IgCW19L8lXKyFZwzFtD3
21,"Stuck with U (with Justin Bieber)","Ariana Grande",15002923,https://open.spotify.com/track/4HBZA5flZLE435QTztThqH
22,Supalonely,BENEE,14702655,https://open.spotify.com/track/4nK5YrxbMGZstTLbvj6Gxw
23,"The Box","Roddy Ricch",14152060,https://open.spotify.com/track/0nbXyq5TXYPCO7pr3N8S4I
24,"Someone You Loved","Lewis Capaldi",14025242,https://open.spotify.com/track/7qEHsqek33rTcFNT9PFqLf
25,"TKN (feat. Travis Scott)",ROSALÍA,13839767,https://open.spotify.com/track/4w47S36wQGBhGg073q3nt7
26,"WHATS POPPIN (feat. DaBaby, Tory Lanez & Lil Wayne) - Remix","Tory Lanez",13542689,https://open.spotify.com/track/2MbdDtCv5LUVjYy9RuGTgC
27,"THE SCOTTS","THE SCOTTS",13200042,https://open.spotify.com/track/39Yp9wwQiSRIDOvrVg7mbk
28,Relación,Sech,13191836,https://open.spotify.com/track/3ZG8N7aWw2meb6UrI5ZmnZ
29,"Intentions (feat. Quavo)","Justin Bieber",13052963,https://open.spotify.com/track/4umIPjkehX1r7uhmGvXiSV
30,"Before You Go","Lewis Capaldi",12571764,https://open.spotify.com/track/2gMXnyrvIjhVBUZwvLZDMP
31,"Say So","Doja Cat",12112328,https://open.spotify.com/track/3Dv1eDb0MEgF93GpLXlucZ
32,"Sunday Best",Surfaces,11973037,https://open.spotify.com/track/1Cv1YLb4q0RzL6pybtaMLo
33,"In Your Eyes","The Weeknd",11371897,https://open.spotify.com/track/7szuecWAPwGoV1e5vGu8tl
34,GOOBA,6ix9ine,11260077,https://open.spotify.com/track/4NhDYoQTYCdWHTvlbGVgwo
35,"Hasta Que Dios Diga","Anuel AA",11254470,https://open.spotify.com/track/06s3QtMJVXw1AJX3UfvZG1
36,Circles,"Post Malone",11246879,https://open.spotify.com/track/21jGcNKet2qwijlDFuPiPb
37,Caramelo,Ozuna,11169365,https://open.spotify.com/track/3gD4J3RUHy4OUuZ3qAiaiG
38,"Savage Remix (feat. Beyoncé)",Beyoncé,11065948,https://open.spotify.com/track/5v4GgrXPMghOnBBLmveLac
39,Tusa,"KAROL G",11030473,https://open.spotify.com/track/7k4t7uLgtOxPwTpFmtJNTY
40,Dior,"Pop Smoke",10897700,https://open.spotify.com/track/79s5XnCN4TJKTVMSmOx8Ep
41,"Got It On Me","Pop Smoke",10606428,https://open.spotify.com/track/25zlnOAzbVoOzIeXSvQFf1
42,"Kings & Queens","Ava Max",10514088,https://open.spotify.com/track/76nqCfJOcFFWBJN32PAksn
43,Falling,"Trevor Daniel",10513407,https://open.spotify.com/track/2rRJrJEo19S2J82BDsQ3F7
44,"Be Kind (with Halsey)",Marshmello,10494363,https://open.spotify.com/track/3Z8FwOEN59mRMxDCtb8N0A
45,goosebumps,"Travis Scott",10441881,https://open.spotify.com/track/6gBFPUFcJLzWGx4lenP6h2
46,"Play Date","Melanie Martinez",10407540,https://open.spotify.com/track/4DpNNXFMMxQEKl7r0ykkWA
47,Señorita,"Shawn Mendes",10390877,https://open.spotify.com/track/6v3KW9xbzN5yKLt9YKDYA2
48,"Adore You","Harry Styles",10107897,https://open.spotify.com/track/3jjujdWJ72nww5eGnfs2E7
49,Memories,"Maroon 5",9783144,https://open.spotify.com/track/2b8fOow8UzyDFAE27YhOZM
50,Bläulich,"Apache 207",9748926,https://open.spotify.com/track/57tck8MCxkY6tcQC6VhahR
51,"Lose Somebody",Kygo,9557505,https://open.spotify.com/track/1sgDyuLooyvEML4oHspNza
52,Safaera,"Bad Bunny",9240451,https://open.spotify.com/track/2DEZmgHKAvm41k4J3R2E9Y
53,Gangstas,"Pop Smoke",9183170,https://open.spotify.com/track/1hg3RlqFZXJb5YgRoK9qmF
54,"HIGHEST IN THE ROOM","Travis Scott",9161918,https://open.spotify.com/track/3eekarcy7kvN4yt5ZFzltW
55,"Yo Perreo Sola","Bad Bunny",9095162,https://open.spotify.com/track/0SqqAgdovOE24BzxIClpjw
56,"Sunflower - Spider-Man: Into the Spider-Verse","Post Malone",9075657,https://open.spotify.com/track/0RiRZpuVRbi7oqRdSMwhQY
57,"Wash Us In The Blood","Kanye West",9054489,https://open.spotify.com/track/7mEUjhl6aTztdHCrxoTgBG
58,"Aim For The Moon (feat. Quavo)","Pop Smoke",9011502,https://open.spotify.com/track/6O7fPYTsb2mY0PiFt2ymDB
59,"bad guy","Billie Eilish",8960724,https://open.spotify.com/track/2Fxmhks0bxGSBdJ92vM42m
60,"Life Is Good (feat. Drake)",Future,8741325,https://open.spotify.com/track/1K5KBOgreBi5fkEHvg5ap3
61,"SICKO MODE","Travis Scott",8707088,https://open.spotify.com/track/2xLMifQCjDGFmkHkpNLD9h
62,"Elegí (feat. Dímelo Flow)","Rauw Alejandro",8496367,https://open.spotify.com/track/50ZC4PM7hywH27RcCfViau
63,"44 BullDog","Pop Smoke",8443771,https://open.spotify.com/track/7sjFIZ1g5QLJLGja3k592K
64,"Make It Rain (feat. Rowdy Rebel)","Pop Smoke",8402816,https://open.spotify.com/track/71d7LaAgPcNcUopu3OzmP7
65,ROXANNE,"Arizona Zervas",8402787,https://open.spotify.com/track/696DnlkuDOXcMAnKlTgXXK
66,"Go Crazy","Chris Brown",8339523,https://open.spotify.com/track/1IIKrJVP1C9N7iPtG6eOsK
67,"La Curiosidad","Jay Wheeler",8316497,https://open.spotify.com/track/4HYDUMY0xSpeBr0AMY9cUz
68,"WHATS POPPIN","Jack Harlow",8275432,https://open.spotify.com/track/1jaTQ3nqY3oAAYyCTbIvnM
69,"Ride It",Regard,8243645,https://open.spotify.com/track/2tnVG71enUj33Ic2nFN6kZ
70,"After Party","Don Toliver",8180243,https://open.spotify.com/track/527k23H0A4Q0UJN3vGs0Da
71,"Banana (feat. Shaggy) - DJ FLe - Minisiren Remix",Conkarah,8116611,https://open.spotify.com/track/0dZpw3h6KZhcHec61qwevZ
72,"Chicago Freestyle (feat. Giveon)",Drake,8058650,https://open.spotify.com/track/4wVOKKEHUJxHCFFNUWDn0B
73,Azul,"J Balvin",8054818,https://open.spotify.com/track/2lCkncy6bIB0LTMT7kvrD1
74,Rojo,"J Balvin",8036410,https://open.spotify.com/track/380HmhwTE2NJgawn1NwkXi
75,"Lucid Dreams","Juice WRLD",8022114,https://open.spotify.com/track/285pBltuF7vW8TeWk8hdRR
76,"We Paid (feat. 42 Dugg)","Lil Baby",7755754,https://open.spotify.com/track/6gxKUmycQX7uyMwJcweFjp
77,"Stunnin' (feat. Harm Franklin)","Curtis Waters",7739560,https://open.spotify.com/track/2D0dj3hVkRQJCp63cxCPEx
78,"Mood Swings (feat. Lil Tjay)","Pop Smoke",7677519,https://open.spotify.com/track/5rZlwNFl01HqLWBQGryKSm
79,"Something Special","Pop Smoke",7634780,https://open.spotify.com/track/5kkaSMcf4BFlhRRICCKZb6
80,Favorito,Camilo,7579772,https://open.spotify.com/track/0jT8Nl0shPS8115is0wD2Q
81,Secrets,Regard,7565803,https://open.spotify.com/track/66W1rVTnEv86dIkFhoiElg
82,"everything i wanted","Billie Eilish",7447924,https://open.spotify.com/track/3ZCTVFBt2Brf31RLEnCkWJ
83,"Tak Tiki Tak","Harry Nach",7399369,https://open.spotify.com/track/6Hw21Z5CmEV78jrncFpMwz
84,"If the World Was Ending - feat. Julia Michaels","JP Saxe",7390329,https://open.spotify.com/track/2kJwzbxV2ppxnQoYw4GLBZ
85,"lovely (with Khalid)","Billie Eilish",7367626,https://open.spotify.com/track/0u2P5u6lvoDfwTYjAADbn4
86,"Ego Death (feat. Kanye West, FKA twigs & Skrillex)","Ty Dolla $ign",7357022,https://open.spotify.com/track/4JB0EAT4BkLShTyTt50FmO
87,"GO (feat. Juice WRLD)","The Kid LAROI",7348438,https://open.spotify.com/track/2t7D3y0jvYjR8IP9Bosyew
88,"Creature (feat. Swae Lee)","Pop Smoke",7308690,https://open.spotify.com/track/3eV2WT9YhfzkxbufnBF8wK
89,"Rover (feat. DTG)",S1mba,7261007,https://open.spotify.com/track/4slSrbTK1sNK4I1mDYEthf
90,"Sour Candy (with BLACKPINK)","Lady Gaga",7239458,https://open.spotify.com/track/1IWNylpZ477gIVUDpJL66u
91,"PORFA Remix ( Feat. Maluma, Nicky Jam, Sech) - Remix",Feid,7191375,https://open.spotify.com/track/7lUdbnz7wsv3C9zzf4WHl9
92,"Djadja (feat. Maluma) - Remix","Aya Nakamura",7176516,https://open.spotify.com/track/6AzKhCHOms83jvNVLsz0Bt
93,"Boss Bitch","Doja Cat",7164339,https://open.spotify.com/track/78qd8dvwea0Gosb6Fe6j3k
94,"Godzilla (feat. Juice WRLD)",Eminem,7125822,https://open.spotify.com/track/7FIWs0pqAYbP91WWM0vlTQ
95,"Yea Yea","Pop Smoke",7112419,https://open.spotify.com/track/0bjgQ24UZGwKikldIyEOgf
96,Shallow,"Lady Gaga",7023812,https://open.spotify.com/track/2VxeLyX666F8uXCJ0dZF8B
97,"I Don't Care (with Justin Bieber)","Ed Sheeran",6963502,https://open.spotify.com/track/0hVXuCcriWRGvwMV1r5Yn9
98,"Some Say - Felix Jaehn Remix",Nea,6783412,https://open.spotify.com/track/7C1trmcQQ5n5RNy4l6ziCv
99,"CÓMO SE SIENTE - Remix","Jhay Cortez",6693134,https://open.spotify.com/track/2tFwfmceQa1Y6nRPhYbEtC
100,"Enjoy Yourself (feat. Karol G)","Pop Smoke",6620040,https://open.spotify.com/track/3NWrHCwvyII4fTx05PN3IO
101,"What You Know Bout Love","Pop Smoke",6567235,https://open.spotify.com/track/1tkg4EHVoqnhR6iFEXb60y
102,Physical,"Dua Lipa",6566306,https://open.spotify.com/track/3AzjcOeAmA57TIOr9zF1ZW
103,"hot girl bummer",blackbear,6492600,https://open.spotify.com/track/7aiClxsDWFRQ0Kzk5KI5ku
104,Believer,"Imagine Dragons",6492153,https://open.spotify.com/track/0pqnGHJpmpxLKifKRmU6WP
105,PORFA,Feid,6383822,https://open.spotify.com/track/4TOmcZvw0gHa7GiXRbcYAW
106,"The Bigger Picture","Lil Baby",6377340,https://open.spotify.com/track/44gRhRi2OhEf7moAUj6MD1
107,"Walk Em Down (feat. Roddy Ricch)","Roddy Ricch",6374916,https://open.spotify.com/track/4cSSL3YafYjM3yjgFO1vJg
108,"Are You Bored Yet? (feat. Clairo)",Wallows,6369673,https://open.spotify.com/track/57RA3JGafJm5zRtKJiKPIm
109,Tattoo,"Rauw Alejandro",6360792,https://open.spotify.com/track/7na7Bk98usp84FaOJFPv3d
110,"Lose Control",MEDUZA,6355619,https://open.spotify.com/track/7CHi4DtfK4heMlQaudCuHK
111,Reggaetonera,"Anuel AA",6270956,https://open.spotify.com/track/6yVkakCN460KOVol9ZazjH
112,"Desce Pro Play (PA PA PA)","Mc Zaac",6241031,https://open.spotify.com/track/4zGtfOglDBfVUypabBwIjQ
113,"TROLLZ (with Nicki Minaj)",6ix9ine,6219464,https://open.spotify.com/track/3dVvWnj4D8JGkKvo6Hucso
114,"Bad Bitch From Tokyo (Intro)","Pop Smoke",6144736,https://open.spotify.com/track/4OGIeHtYhRTJ8iW21UUyZW
115,Robbery,"Juice WRLD",6138643,https://open.spotify.com/track/6Hj9jySrnFppAI0sEMCZpJ
116,"RITMO (Bad Boys For Life)","Black Eyed Peas",6136138,https://open.spotify.com/track/4NCsrTzgVfsDo8nWyP8PPc
117,"Snitching (feat. Quavo & Future)","Pop Smoke",6102253,https://open.spotify.com/track/2FhEj9lvEIaJihjFprRrGt
118,"Jocelyn Flores",XXXTENTACION,6034591,https://open.spotify.com/track/7m9OqQk4RVRkw9JJdeAw96
119,Righteous,"Juice WRLD",6003350,https://open.spotify.com/track/0OyQns5ayNK2OVaES0Vb8t
120,"rockstar (feat. 21 Savage)","Post Malone",5983612,https://open.spotify.com/track/0e7ipj03S05BNilyu5bRzt
121,"West Coast Shit (feat. Tyga & Quavo)","Pop Smoke",5931242,https://open.spotify.com/track/1JDhNQ0oOT7XpclZn3aQ8F
122,Amarillo,"J Balvin",5915455,https://open.spotify.com/track/6zEgnpM0qYmHLDnh8WPejL
123,"Beautiful People (feat. Khalid)","Ed Sheeran",5853421,https://open.spotify.com/track/70eFcWOvlMObDhURTqT4Fv
124,"7 rings","Ariana Grande",5842642,https://open.spotify.com/track/6ocbgoVGwYJhOv1GgI9NsF
125,"Shape of You","Ed Sheeran",5816643,https://open.spotify.com/track/7qiZfU4dY1lWllzX7mPBI3
126,SAD!,XXXTENTACION,5788424,https://open.spotify.com/track/3ee8Jmje8o58CHK66QrVC2
127,Skechers,DripReport,5732411,https://open.spotify.com/track/2alc8VZAzDgdAsL2QMk3hu
128,"Bohemian Rhapsody - Remastered 2011",Queen,5644120,https://open.spotify.com/track/4u7EnebtmKWzUH433cf5Qv
129,"Past Life (with Selena Gomez)","Trevor Daniel",5564870,https://open.spotify.com/track/4P6IttK2PRBjyr3fm0pP7t
130,"La Difícil","Bad Bunny",5526756,https://open.spotify.com/track/6NfrH0ANGmgBXyxgV2PeXt
131,Happier,Marshmello,5506737,https://open.spotify.com/track/2dpaYNEQHiRxtZbfNsse99
132,PAM,"Justin Quiles",5503121,https://open.spotify.com/track/0eeKDrQxjqNl5bX5VCHDcn
133,Savage,"Megan Thee Stallion",5500167,https://open.spotify.com/track/55CHeLEfn5iJ0IIkgaa4si
134,"El Efecto","Rauw Alejandro",5495415,https://open.spotify.com/track/4SJHHpKhcuXwDsCsPqshXj
135,"when the party's over","Billie Eilish",5494673,https://open.spotify.com/track/43zdsphuZLzwA9k4DJhU0I
136,"This City","Sam Fischer",5485694,https://open.spotify.com/track/3H3r2nKWa3Yk5gt8xgmsEt
137,Falling,"Harry Styles",5472032,https://open.spotify.com/track/1ZMiCix7XSAbfAJlEZWMCp
138,"Life's A Mess (feat. Halsey)","Juice WRLD",5458976,https://open.spotify.com/track/1yHdZ9S6rBlNPH3LDNMy2P
139,YAYA,6ix9ine,5428926,https://open.spotify.com/track/6EfBMJQwe2xLgldra6DaYp
140,Perfect,"Ed Sheeran",5398756,https://open.spotify.com/track/0tgVpDi06FyKpA1z0VMD4v
141,Mariposa,"Peach Tree Rascals",5385583,https://open.spotify.com/track/4ja2gzrNh9VNigzoXfmbwD
142,"Say You Won't Let Go","James Arthur",5366568,https://open.spotify.com/track/5uCax9HTNlzGybIStD3vDh
143,Morado,"J Balvin",5352148,https://open.spotify.com/track/35KmOEIUqAGn02t7n4qaIr
144,"Flex (feat. Juice WRLD)","Polo G",5344898,https://open.spotify.com/track/2QqJTIlGKRLJC3onkavYEz
145,China,"Anuel AA",5320394,https://open.spotify.com/track/0KkIkfsLEJbrcIhYsCL7L5
146,"Ballin' (with Roddy Ricch)",Mustard,5319164,https://open.spotify.com/track/3QzAOrNlsabgbMwlZt7TAY
147,"Deep End Freestyle","Sleepy Hallow",5280810,https://open.spotify.com/track/2AlYncTpVHKwHb55F9lF6O
148,"OUT WEST (feat. Young Thug)",JACKBOYS,5211542,https://open.spotify.com/track/6gi6y1xwmVszDWkUqab1qw
149,"DOLLAZ ON MY HEAD (feat. Young Thug)",Gunna,5176972,https://open.spotify.com/track/3nS9a01VvXHQriLqJYwRqG
150,Ignorantes,"Bad Bunny",5137791,https://open.spotify.com/track/38RIEav39FGi86jppxO0du
151,Ransom,"Lil Tecca",5083502,https://open.spotify.com/track/1lOe9qE0vR9zwWQAOk6CoO
152,"Tommy Lee (feat. Post Malone)","Tyla Yaweh",5031845,https://open.spotify.com/track/5QZKcQDp0tCcvMdyqEciBV
153,"Without Me",Halsey,4990268,https://open.spotify.com/track/6FZDfxM3a3UCqtzo5pxSLZ
154,"Bandit (with YoungBoy Never Broke Again)","Juice WRLD",4982776,https://open.spotify.com/track/6Gg1gjgKi2AK4e0qzsR7sd
155,"Old Town Road - Remix","Lil Nas X",4972692,https://open.spotify.com/track/2YpeDb67231RjR0MgVLzsG
156,Diosa,"Myke Towers",4956726,https://open.spotify.com/track/3JHpk0DOTOzyh0777JFAky
157,Jangueo,"Alex Rose",4921973,https://open.spotify.com/track/5m3jpKkgkfoMcym1qjToFg
158,"Tunnel Vision (Outro)","Pop Smoke",4907751,https://open.spotify.com/track/2SxR5RitJdsG6wINvJLBSD
159,"All Girls Are The Same","Juice WRLD",4854784,https://open.spotify.com/track/4VXIryQMWpIdGgYR4TrjT1
160,Yummy,"Justin Bieber",4843556,https://open.spotify.com/track/16wAOAZ2OkqoIDN7TpChjR
161,21,"Polo G",4812202,https://open.spotify.com/track/3JKgcAa7r07ocVWcV8bS0H
162,"High Fashion (feat. Mustard)","Roddy Ricch",4810719,https://open.spotify.com/track/07KXEDMj78x68D884wgVEm
163,"All of Me","John Legend",4803210,https://open.spotify.com/track/3U4isOIWM3VvDubwSI3y7a
164,Moonlight,XXXTENTACION,4775555,https://open.spotify.com/track/0JP9xo3adEtGSdUEISiszL
165,"Like That (feat. Gucci Mane)","Doja Cat",4756459,https://open.spotify.com/track/4EivmOT13NMpNSfTKn9p4s
166,"The Less I Know The Better","Tame Impala",4748034,https://open.spotify.com/track/6K4t31amVTZDgR3sKmwUJJ
167,Bruises,"Lewis Capaldi",4717458,https://open.spotify.com/track/4Of7rzpRpV1mWRbhp5rAqG
168,"Goodbyes (feat. Young Thug)","Post Malone",4697256,https://open.spotify.com/track/0t3ZvGKlmYmVsDzBJAXK8C
169,Lalala,Y2K,4672056,https://open.spotify.com/track/51Fjme0JiitpyXKuyQiCDo
170,Youngblood,"5 Seconds of Summer",4661475,https://open.spotify.com/track/2iUXsYOEPhVqEBwsqP70rE
171,BOP,DaBaby,4657836,https://open.spotify.com/track/6Ozh9Ok6h4Oi1wUSLtBseN
172,"Something Just Like This","The Chainsmokers",4648644,https://open.spotify.com/track/6RUKPb4LETWmmr3iAEQktW
173,"Si Veo a Tu Mamá","Bad Bunny",4638728,https://open.spotify.com/track/41wtwzCZkXwpnakmwJ239F
174,Narcos,"Anuel AA",4634276,https://open.spotify.com/track/7mcdgAXmb35dakBnfDIv3q
175,"Higher Love",Kygo,4633555,https://open.spotify.com/track/1kKYjjfNYxE0YYgLa7vgVY
176,"10,000 Hours (with Justin Bieber)","Dan + Shay",4601173,https://open.spotify.com/track/2wrJq5XKLnmhRXHIAf9xBa
177,"It's You","Ali Gatie",4599766,https://open.spotify.com/track/5DqdesEfbRyOlSS3Tf6c29
178,Wow.,"Post Malone",4597836,https://open.spotify.com/track/7xQAfvXzm3AkraOtGPWIZg
179,Riptide,"Vance Joy",4595396,https://open.spotify.com/track/7yq4Qj7cqayVTp3FF9CWbm
180,"Sweet but Psycho","Ava Max",4593642,https://open.spotify.com/track/25sgk305KZfyuqVBQIahim
181,"Get You The Moon (feat. Snøw)",Kina,4576677,https://open.spotify.com/track/4ZLzoOkj0MPWrTLvooIuaa
182,"Prospect (ft. Lil Baby)","iann dior",4571916,https://open.spotify.com/track/4iHSE5R1U8jf84tRn52xRt
183,Closer,"The Chainsmokers",4569019,https://open.spotify.com/track/7BKLCZ1jbUBVqRi2FVlTVw
184,"Hola - Remix",Dalex,4566653,https://open.spotify.com/track/5stPVcRqb4qixbafP9e8lt
185,"LA CANCIÓN","J Balvin",4555420,https://open.spotify.com/track/0fea68AdmYNygeTGI4RC18
186,"Don't Stop Me Now - Remastered 2011",Queen,4505582,https://open.spotify.com/track/5T8EDUDqKcs6OSOwEsfqG7
187,"No Me Conoce - Remix","Jhay Cortez",4501188,https://open.spotify.com/track/4R8BJggjosTswLxtkw8V7P
188,"Sigues Con El","Dímelo Flow",4484613,https://open.spotify.com/track/7sQKy5vlPQllr0k9IjYJv3
189,"El Manual","Anuel AA",4470597,https://open.spotify.com/track/7kOf0qHO4Rcwk6QJifZDRJ
190,Thunder,"Imagine Dragons",4468668,https://open.spotify.com/track/1zB4vmk8tFRmM9UULNzbLB
191,"Wake Me Up",Avicii,4461953,https://open.spotify.com/track/3B0irDyS69y5eAz15xV2Ee
192,"Como Llora",Juanfran,4450691,https://open.spotify.com/track/52zq2a71SGs3f1vJuv59ui
193,"Mr. Brightside","The Killers",4443526,https://open.spotify.com/track/7d8GetOsjbxYnlo6Y9e5Kw
194,"El Efecto - Remix","Rauw Alejandro",4433384,https://open.spotify.com/track/74j34STf8L6uADnTN69ohv
195,"Better Now","Post Malone",4431571,https://open.spotify.com/track/7dt6x5M1jzdTEt8oCbisTK
196,"I'm Yours","Jason Mraz",4427619,https://open.spotify.com/track/3S0OXQeoh0w6AY8WQVckRW
197,"Be Alright","Dean Lewis",4423039,https://open.spotify.com/track/5qrSlOut2rNAWv3ubArkNy
198,"Let Her Go",Passenger,4407901,https://open.spotify.com/track/2jyjhRf6DVbMPU5zxagN2h
199,"Don't Stop Believin'",Journey,4394985,https://open.spotify.com/track/4bHsxqR3GMrXTxEPLuK5ue
200,Jangueo,"Anuel AA",4380714,https://open.spotify.com/track/7KKh0ujp8agIiCrkiJhf81
