,,,"Note that these figures are generated using a formula that protects against any artificial inflation of chart positions.",
Position,"Track Name",Artist,Streams,URL
1,"Savage Love (Laxed - Siren Beat)","Jawsh 685",32224412,https://open.spotify.com/track/1xQ6trAsedVPCdbtDAmk0c
2,"WAP (feat. Megan Thee Stallion)","Cardi B",31011059,https://open.spotify.com/track/4Oun2ylbjFKMPTiaSbbCih
3,"ROCKSTAR (feat. Roddy Ricch)",DaBaby,30538303,https://open.spotify.com/track/7ytR5pFWmSjzHJIeQkgog4
4,"Blinding Lights","The Weeknd",28462116,https://open.spotify.com/track/0VjIjW4GlUZAMYd2vXMi3b
5,"Watermelon Sugar","Harry Styles",28265526,https://open.spotify.com/track/6UelLqGlWMcVH1E5c4H7lY
6,"Roses - Imanbek Remix","SAINt JHN",21826721,https://open.spotify.com/track/2Wo6QQD1KMDWeFkkjLqwx5
7,"Smile (with The Weeknd)","Juice WRLD",21517517,https://open.spotify.com/track/6wQlQrTY5mVS8EGaFZVwVF
8,"Breaking Me",Topic,20310909,https://open.spotify.com/track/3H7ihDc1dqLriiWXwsc2po
9,"Come & Go (with Marshmello)","Juice WRLD",18228119,https://open.spotify.com/track/2Y0wPrPQBrGhoLn14xRYCG
10,"UN DIA (ONE DAY) (Feat. Tainy)","J Balvin",17871914,https://open.spotify.com/track/0EhpEsp4L0oRGM0vmeaN5e
11,"Wishing Well","Juice WRLD",16562714,https://open.spotify.com/track/2U5WueTLIK5WJLD7mvDODv
12,"Dance Monkey","Tones And I",16180193,https://open.spotify.com/track/1rgnBhdG2JDFTbYkYRZAku
13,"death bed (coffee for your head)",Powfu,15823361,https://open.spotify.com/track/7eJMfftS33KTjuF7lTsMCx
14,"my future","Billie Eilish",15633168,https://open.spotify.com/track/2ygvZOXrIeVL4xZmAWJT2C
15,"La Jeepeta - Remix","Nio Garcia",15595205,https://open.spotify.com/track/6bvfJf4KjonPMuPfGfy3S2
16,cardigan,"Taylor Swift",15230859,https://open.spotify.com/track/4R2kfaDFhslZEMJqAFNpdd
17,Caramelo,Ozuna,14868686,https://open.spotify.com/track/3gD4J3RUHy4OUuZ3qAiaiG
18,"Head & Heart (feat. MNEK)","Joel Corry",14812100,https://open.spotify.com/track/6cx06DFPPHchuUAcTxznu9
19,"Rain On Me (with Ariana Grande)","Lady Gaga",14711886,https://open.spotify.com/track/7ju97lgwC2rKQ6wwsf9no9
20,"Mood Swings (feat. Lil Tjay)","Pop Smoke",14670928,https://open.spotify.com/track/5rZlwNFl01HqLWBQGryKSm
21,"ily (i love you baby) (feat. Emilee)","Surf Mesa",14534949,https://open.spotify.com/track/62aP9fBQKYKxi7PDXwcUAS
22,"Agua (with J Balvin) - Music From ""Sponge On The Run"" Movie",Tainy,14105728,https://open.spotify.com/track/1pqnQ41XbfKjaFu6M0eGJp
23,MAMACITA,"Black Eyed Peas",14037036,https://open.spotify.com/track/24IgCW19L8lXKyFZwzFtD3
24,"Break My Heart","Dua Lipa",13910050,https://open.spotify.com/track/017PF4Q3l4DBUiWoXk4OWT
25,"WHATS POPPIN (feat. DaBaby, Tory Lanez & Lil Wayne) - Remix","Tory Lanez",13676396,https://open.spotify.com/track/2MbdDtCv5LUVjYy9RuGTgC
26,"Tattoo - Remix with Camilo","Rauw Alejandro",13668999,https://open.spotify.com/track/4ZRrLHqzhGRXYj2qcB4s5S
27,"Blueberry Faygo","Lil Mosey",13596128,https://open.spotify.com/track/22LAwLoDA5b4AaGSkg6bKW
28,"La Curiosidad","Jay Wheeler",13486452,https://open.spotify.com/track/4HYDUMY0xSpeBr0AMY9cUz
29,"exile (feat. Bon Iver)","Taylor Swift",13410159,https://open.spotify.com/track/4pvb0WLRcMtbPGmtejJJ6y
30,"For The Night (feat. Lil Baby & DaBaby)","Pop Smoke",13350641,https://open.spotify.com/track/0PvFJmanyNQMseIFrU708S
31,Relación,Sech,13268396,https://open.spotify.com/track/3ZG8N7aWw2meb6UrI5ZmnZ
32,"Don't Start Now","Dua Lipa",13222509,https://open.spotify.com/track/3PfIrDoz19wz7qK7tYeu62
33,"Someone You Loved","Lewis Capaldi",13212708,https://open.spotify.com/track/7qEHsqek33rTcFNT9PFqLf
34,"The Woo (feat. 50 Cent & Roddy Ricch)","Pop Smoke",13118482,https://open.spotify.com/track/1H7KnK26kc1YyellpbINEn
35,"Toosie Slide",Drake,12644133,https://open.spotify.com/track/466cKvZn1j45IpxDdYZqdA
36,"Djadja (feat. Maluma) - Remix","Aya Nakamura",12255568,https://open.spotify.com/track/6AzKhCHOms83jvNVLsz0Bt
37,"Stuck with U (with Justin Bieber)","Ariana Grande",12222464,https://open.spotify.com/track/4HBZA5flZLE435QTztThqH
38,"Party Girl",StaySolidRocky,12118271,https://open.spotify.com/track/3IJYUaN3tx04S4TYyZHKoP
39,"Go Crazy","Chris Brown",12041012,https://open.spotify.com/track/1IIKrJVP1C9N7iPtG6eOsK
40,"Before You Go","Lewis Capaldi",11940496,https://open.spotify.com/track/2gMXnyrvIjhVBUZwvLZDMP
41,"How You Like That",BLACKPINK,11694902,https://open.spotify.com/track/3vAn0qZzdyuHamcrpkfiX3
42,"GREECE (feat. Drake)","DJ Khaled",11679911,https://open.spotify.com/track/35RJhm1pEovTBwnNR0zWad
43,"Ay, DiOs Mío!","KAROL G",11436427,https://open.spotify.com/track/7x4ASXYEKfQBCewcZhK776
44,"Kings & Queens","Ava Max",11278669,https://open.spotify.com/track/76nqCfJOcFFWBJN32PAksn
45,"Mamichula - con Nicki Nicole",Trueno,11079027,https://open.spotify.com/track/4pXW6ZAHBz7ODXTRKklWrM
46,"TKN (feat. Travis Scott)",ROSALÍA,11078405,https://open.spotify.com/track/4w47S36wQGBhGg073q3nt7
47,"POPSTAR (feat. Drake)","DJ Khaled",11034596,https://open.spotify.com/track/6EDO9iiTtwNv6waLwa1UUq
48,"The Box","Roddy Ricch",10671283,https://open.spotify.com/track/0nbXyq5TXYPCO7pr3N8S4I
49,"Intentions (feat. Quavo)","Justin Bieber",10426714,https://open.spotify.com/track/4umIPjkehX1r7uhmGvXiSV
50,"Adore You","Harry Styles",10016629,https://open.spotify.com/track/3jjujdWJ72nww5eGnfs2E7
51,Supalonely,BENEE,9866509,https://open.spotify.com/track/4nK5YrxbMGZstTLbvj6Gxw
52,Circles,"Post Malone",9668899,https://open.spotify.com/track/21jGcNKet2qwijlDFuPiPb
53,Hawái,Maluma,9431783,https://open.spotify.com/track/4uoR6qeWeuL4Qeu2qJzkuG
54,Tusa,"KAROL G",9287840,https://open.spotify.com/track/7k4t7uLgtOxPwTpFmtJNTY
55,"the 1","Taylor Swift",9206304,https://open.spotify.com/track/0Jlcvv8IykzHaSmj49uNW8
56,Señorita,"Shawn Mendes",9077995,https://open.spotify.com/track/6v3KW9xbzN5yKLt9YKDYA2
57,goosebumps,"Travis Scott",8963191,https://open.spotify.com/track/6gBFPUFcJLzWGx4lenP6h2
58,"Be Kind (with Halsey)",Marshmello,8881582,https://open.spotify.com/track/3Z8FwOEN59mRMxDCtb8N0A
59,Memories,"Maroon 5",8795791,https://open.spotify.com/track/2b8fOow8UzyDFAE27YhOZM
60,"Sunday Best",Surfaces,8699708,https://open.spotify.com/track/1Cv1YLb4q0RzL6pybtaMLo
61,Falling,"Trevor Daniel",8618729,https://open.spotify.com/track/2rRJrJEo19S2J82BDsQ3F7
62,"Sunflower - Spider-Man: Into the Spider-Verse","Post Malone",8556852,https://open.spotify.com/track/0RiRZpuVRbi7oqRdSMwhQY
63,"Lucid Dreams","Juice WRLD",8518068,https://open.spotify.com/track/285pBltuF7vW8TeWk8hdRR
64,Secrets,Regard,8409063,https://open.spotify.com/track/66W1rVTnEv86dIkFhoiElg
65,"bad guy","Billie Eilish",8401464,https://open.spotify.com/track/2Fxmhks0bxGSBdJ92vM42m
66,"In Your Eyes","The Weeknd",8292527,https://open.spotify.com/track/7szuecWAPwGoV1e5vGu8tl
67,"Ride It",Regard,8138692,https://open.spotify.com/track/2tnVG71enUj33Ic2nFN6kZ
68,"HIGHEST IN THE ROOM","Travis Scott",8138179,https://open.spotify.com/track/3eekarcy7kvN4yt5ZFzltW
69,"Say So","Doja Cat",8063795,https://open.spotify.com/track/3Dv1eDb0MEgF93GpLXlucZ
70,"Stunnin' (feat. Harm Franklin)","Curtis Waters",8052838,https://open.spotify.com/track/2D0dj3hVkRQJCp63cxCPEx
71,"you broke me first","Tate McRae",7925543,https://open.spotify.com/track/45bE4HXI0AwGZXfZtMp8JR
72,"Nobody's Love","Maroon 5",7814157,https://open.spotify.com/track/3kwgqoBqTwoAH4nT29TYrq
73,"Hasta Que Dios Diga","Anuel AA",7805814,https://open.spotify.com/track/06s3QtMJVXw1AJX3UfvZG1
74,"THE SCOTTS","THE SCOTTS",7788422,https://open.spotify.com/track/39Yp9wwQiSRIDOvrVg7mbk
75,"Some Say - Felix Jaehn Remix",Nea,7770176,https://open.spotify.com/track/7C1trmcQQ5n5RNy4l6ziCv
76,Dior,"Pop Smoke",7731266,https://open.spotify.com/track/79s5XnCN4TJKTVMSmOx8Ep
77,"SICKO MODE","Travis Scott",7579838,https://open.spotify.com/track/2xLMifQCjDGFmkHkpNLD9h
78,"Life Is Good (feat. Drake)",Future,7561349,https://open.spotify.com/track/1K5KBOgreBi5fkEHvg5ap3
79,ROXANNE,"Arizona Zervas",7503588,https://open.spotify.com/track/696DnlkuDOXcMAnKlTgXXK
80,Conversations,"Juice WRLD",7453991,https://open.spotify.com/track/4K06PO78fW4mnBVenxGNob
81,"Lose Somebody",Kygo,7272655,https://open.spotify.com/track/1sgDyuLooyvEML4oHspNza
82,"Elegí (feat. Dímelo Flow)","Rauw Alejandro",7271101,https://open.spotify.com/track/50ZC4PM7hywH27RcCfViau
83,"Hate The Other Side (with Marshmello & The Kid Laroi)","Juice WRLD",7251637,https://open.spotify.com/track/0ada5XsQGLPUVbmTCkAP49
84,GOOBA,6ix9ine,7173853,https://open.spotify.com/track/4NhDYoQTYCdWHTvlbGVgwo
85,"lovely (with Khalid)","Billie Eilish",7162289,https://open.spotify.com/track/0u2P5u6lvoDfwTYjAADbn4
86,"PORFA Remix ( Feat. Maluma, Nicky Jam, Sech) - Remix",Feid,7159513,https://open.spotify.com/track/7lUdbnz7wsv3C9zzf4WHl9
87,Robbery,"Juice WRLD",7144845,https://open.spotify.com/track/6Hj9jySrnFppAI0sEMCZpJ
88,Azul,"J Balvin",7048365,https://open.spotify.com/track/2lCkncy6bIB0LTMT7kvrD1
89,"my ex's best friend (with blackbear)","Machine Gun Kelly",7045988,https://open.spotify.com/track/70rFIfYN7lU6iTgUIVP42w
90,"everything i wanted","Billie Eilish",6996720,https://open.spotify.com/track/3ZCTVFBt2Brf31RLEnCkWJ
91,Heather,"Conan Gray",6959738,https://open.spotify.com/track/4xqrdfXkTW4T0RauPLv3WA
92,"the last great american dynasty","Taylor Swift",6898462,https://open.spotify.com/track/2Eeur20xVqfUoM3Q7EFPFt
93,"Savage Remix (feat. Beyoncé)",Beyoncé,6895577,https://open.spotify.com/track/5v4GgrXPMghOnBBLmveLac
94,Favorito,Camilo,6878886,https://open.spotify.com/track/0jT8Nl0shPS8115is0wD2Q
95,"Yo Perreo Sola","Bad Bunny",6869611,https://open.spotify.com/track/0SqqAgdovOE24BzxIClpjw
96,august,"Taylor Swift",6855730,https://open.spotify.com/track/3hUxzQpSfdDqwM3ZTFQY0K
97,Safaera,"Bad Bunny",6802320,https://open.spotify.com/track/2DEZmgHKAvm41k4J3R2E9Y
98,"Play Date","Melanie Martinez",6723763,https://open.spotify.com/track/4DpNNXFMMxQEKl7r0ykkWA
99,Righteous,"Juice WRLD",6705475,https://open.spotify.com/track/5dOxHHMOFAbG3VH23t0xNm
100,Shallow,"Lady Gaga",6665424,https://open.spotify.com/track/2VxeLyX666F8uXCJ0dZF8B
101,Rojo,"J Balvin",6633591,https://open.spotify.com/track/380HmhwTE2NJgawn1NwkXi
102,"my tears ricochet","Taylor Swift",6623516,https://open.spotify.com/track/1MgV7FIyNxIG7WzMRJV5HC
103,"Banana (feat. Shaggy) - DJ FLe - Minisiren Remix",Conkarah,6557354,https://open.spotify.com/track/0dZpw3h6KZhcHec61qwevZ
104,"Got It On Me","Pop Smoke",6533968,https://open.spotify.com/track/25zlnOAzbVoOzIeXSvQFf1
105,"Are You Bored Yet? (feat. Clairo)",Wallows,6482264,https://open.spotify.com/track/57RA3JGafJm5zRtKJiKPIm
106,Believer,"Imagine Dragons",6387251,https://open.spotify.com/track/0pqnGHJpmpxLKifKRmU6WP
107,"Electric Love",BØRNS,6363880,https://open.spotify.com/track/2GiJYvgVaD2HtM8GqD9EgQ
108,"If the World Was Ending - feat. Julia Michaels","JP Saxe",6340042,https://open.spotify.com/track/2kJwzbxV2ppxnQoYw4GLBZ
109,"I Don't Care (with Justin Bieber)","Ed Sheeran",6303833,https://open.spotify.com/track/0hVXuCcriWRGvwMV1r5Yn9
110,"Chicago Freestyle (feat. Giveon)",Drake,6300429,https://open.spotify.com/track/4wVOKKEHUJxHCFFNUWDn0B
111,"My Oasis (feat. Burna Boy)","Sam Smith",6264088,https://open.spotify.com/track/2KoHxhRyWxJzA0VafWd5Nk
112,"Be Like That - feat. Swae Lee & Khalid","Kane Brown",6245781,https://open.spotify.com/track/5f1joOtoMeyppIcJGZQvqJ
113,"WHATS POPPIN","Jack Harlow",6239169,https://open.spotify.com/track/1jaTQ3nqY3oAAYyCTbIvnM
114,"GO (feat. Juice WRLD)","The Kid LAROI",6198647,https://open.spotify.com/track/2rPHUAeUPbNgTmK18FPTiZ
115,"Rags2Riches (feat. ATR Son Son)","Rod Wave",6195664,https://open.spotify.com/track/1ENdcyhqdylaLsPVgB83qq
116,"Life's A Mess (feat. Halsey)","Juice WRLD",6174085,https://open.spotify.com/track/5wWAwzGp2OaaoIkwcz6wZs
117,"Godzilla (feat. Juice WRLD)",Eminem,6156399,https://open.spotify.com/track/7FIWs0pqAYbP91WWM0vlTQ
118,"Tak Tiki Tak","Harry Nach",6148882,https://open.spotify.com/track/7gwwt1IaAWwmB7af0AcuBM
119,Falling,"Harry Styles",6124557,https://open.spotify.com/track/1ZMiCix7XSAbfAJlEZWMCp
120,"Oh Juliana",Niack,6110808,https://open.spotify.com/track/4xWzZmX4K1yyrdtRfbUvjt
121,"CÓMO SE SIENTE - Remix","Jhay Cortez",6086592,https://open.spotify.com/track/2tFwfmceQa1Y6nRPhYbEtC
122,Alane,"Robin Schulz",6020193,https://open.spotify.com/track/2u6Jm2klS4yvAlbSHlxUwI
123,"After Party","Don Toliver",5959775,https://open.spotify.com/track/527k23H0A4Q0UJN3vGs0Da
124,"Lose Control",MEDUZA,5907097,https://open.spotify.com/track/7CHi4DtfK4heMlQaudCuHK
125,Mariposa,"Peach Tree Rascals",5879724,https://open.spotify.com/track/4ja2gzrNh9VNigzoXfmbwD
126,"Rover (feat. DTG)",S1mba,5846694,https://open.spotify.com/track/4slSrbTK1sNK4I1mDYEthf
127,Physical,"Dua Lipa",5835385,https://open.spotify.com/track/3AzjcOeAmA57TIOr9zF1ZW
128,"Jocelyn Flores",XXXTENTACION,5768299,https://open.spotify.com/track/7m9OqQk4RVRkw9JJdeAw96
129,"hot girl bummer",blackbear,5738850,https://open.spotify.com/track/7aiClxsDWFRQ0Kzk5KI5ku
130,"We Paid (feat. 42 Dugg)","Lil Baby",5737644,https://open.spotify.com/track/6gxKUmycQX7uyMwJcweFjp
131,"Take You Dancing","Jason Derulo",5733340,https://open.spotify.com/track/59qrUpoplZxbIZxk6X0Bm3
132,"7 rings","Ariana Grande",5677255,https://open.spotify.com/track/6ocbgoVGwYJhOv1GgI9NsF
133,"rockstar (feat. 21 Savage)","Post Malone",5661388,https://open.spotify.com/track/0e7ipj03S05BNilyu5bRzt
134,"Boss Bitch","Doja Cat",5659724,https://open.spotify.com/track/78qd8dvwea0Gosb6Fe6j3k
135,"Shape of You","Ed Sheeran",5658561,https://open.spotify.com/track/7qiZfU4dY1lWllzX7mPBI3
136,"invisible string","Taylor Swift",5613321,https://open.spotify.com/track/6VsvKPJ4xjVNKpI8VVZ3SV
137,"Bohemian Rhapsody - Remastered 2011",Queen,5595162,https://open.spotify.com/track/4u7EnebtmKWzUH433cf5Qv
138,mirrorball,"Taylor Swift",5564072,https://open.spotify.com/track/0ZNU020wNYvgW84iljPkPP
139,Daylight,Joji,5556471,https://open.spotify.com/track/6Ed1q0X8oSKSm4IIhiQbYg
140,SAD!,XXXTENTACION,5523204,https://open.spotify.com/track/3ee8Jmje8o58CHK66QrVC2
141,"Beautiful People (feat. Khalid)","Ed Sheeran",5513712,https://open.spotify.com/track/70eFcWOvlMObDhURTqT4Fv
142,"DOLLAZ ON MY HEAD (feat. Young Thug)",Gunna,5506862,https://open.spotify.com/track/3nS9a01VvXHQriLqJYwRqG
143,"What's Love Got to Do with It",Kygo,5480282,https://open.spotify.com/track/3Be7CLdHZpyzsVijme39cW
144,"All Girls Are The Same","Juice WRLD",5466184,https://open.spotify.com/track/4VXIryQMWpIdGgYR4TrjT1
145,seven,"Taylor Swift",5459423,https://open.spotify.com/track/6KJqZcs9XDgVck7Lg9QOTC
146,Perfect,"Ed Sheeran",5410671,https://open.spotify.com/track/0tgVpDi06FyKpA1z0VMD4v
147,"RITMO (Bad Boys For Life)","Black Eyed Peas",5391823,https://open.spotify.com/track/4NCsrTzgVfsDo8nWyP8PPc
148,"when the party's over","Billie Eilish",5355973,https://open.spotify.com/track/43zdsphuZLzwA9k4DJhU0I
149,"Say You Won't Let Go","James Arthur",5337281,https://open.spotify.com/track/5uCax9HTNlzGybIStD3vDh
150,"OUT WEST (feat. Young Thug)",JACKBOYS,5323742,https://open.spotify.com/track/6gi6y1xwmVszDWkUqab1qw
151,"Tap In",Saweetie,5241453,https://open.spotify.com/track/4Hpib09wXgD84w4uwTPnYD
152,"El Mismo Aire - con Pablo Alborán",Camilo,5210060,https://open.spotify.com/track/5EbtodsuLbxrFDH6j5avVS
153,"Only You Freestyle","Headie One",5186426,https://open.spotify.com/track/4OENnoidV0h8gJV6bhrw7r
154,Happier,Marshmello,5160602,https://open.spotify.com/track/2dpaYNEQHiRxtZbfNsse99
155,"this is me trying","Taylor Swift",5128412,https://open.spotify.com/track/7kt9e9LFSpN1zQtYEl19o1
156,betty,"Taylor Swift",5112180,https://open.spotify.com/track/5kI4eCXXzyuIUXjQra0Cxi
157,"BLIND (feat. Young Thug)",DaBaby,5074613,https://open.spotify.com/track/2T5NBwKRySiCR78vVk08vr
158,"illicit affairs","Taylor Swift",5053658,https://open.spotify.com/track/2NmsngXHeC1GQ9wWrzhOMf
159,"Mood (feat. iann dior)",24kGoldn,4992142,https://open.spotify.com/track/3tjFYV6RSFtuktYl3ZtYcq
160,"Desce Pro Play (PA PA PA)","Mc Zaac",4971898,https://open.spotify.com/track/4zGtfOglDBfVUypabBwIjQ
161,PAM,"Justin Quiles",4936933,https://open.spotify.com/track/0eeKDrQxjqNl5bX5VCHDcn
162,"Without Me",Halsey,4911631,https://open.spotify.com/track/6FZDfxM3a3UCqtzo5pxSLZ
163,PORFA,Feid,4885732,https://open.spotify.com/track/4TOmcZvw0gHa7GiXRbcYAW
164,21,"Polo G",4865759,https://open.spotify.com/track/3JKgcAa7r07ocVWcV8bS0H
165,Jangueo,"Alex Rose",4811672,https://open.spotify.com/track/5m3jpKkgkfoMcym1qjToFg
166,"Jolie nana","Aya Nakamura",4788355,https://open.spotify.com/track/34FbkFgAbv4ffvhL2XQMVm
167,"Something Just Like This","The Chainsmokers",4767322,https://open.spotify.com/track/6RUKPb4LETWmmr3iAEQktW
168,"All of Me","John Legend",4762378,https://open.spotify.com/track/3U4isOIWM3VvDubwSI3y7a
169,Moonlight,XXXTENTACION,4754341,https://open.spotify.com/track/0JP9xo3adEtGSdUEISiszL
170,Freak,"Doja Cat",4736059,https://open.spotify.com/track/3aA6xB0tOilDDX17fIJ0Bl
171,Riptide,"Vance Joy",4735422,https://open.spotify.com/track/7yq4Qj7cqayVTp3FF9CWbm
172,"Walk Em Down (feat. Roddy Ricch)","NLE Choppa",4730908,https://open.spotify.com/track/0VTfHLWzaUUb2Lbw84xOdX
173,Reggaetonera,"Anuel AA",4719906,https://open.spotify.com/track/6yVkakCN460KOVol9ZazjH
174,"The Less I Know The Better","Tame Impala",4681100,https://open.spotify.com/track/6K4t31amVTZDgR3sKmwUJJ
175,"El Efecto","Rauw Alejandro",4678735,https://open.spotify.com/track/4SJHHpKhcuXwDsCsPqshXj
176,Coño,"Jason Derulo",4676754,https://open.spotify.com/track/5DV4ZSCqbFv74ui3ZhimXo
177,"Still Don't Know My Name",Labrinth,4671405,https://open.spotify.com/track/6N22FZs2ZhPBYi3b9XPajV
178,"Ballin' (with Roddy Ricch)",Mustard,4651794,https://open.spotify.com/track/3QzAOrNlsabgbMwlZt7TAY
179,"10,000 Hours (with Justin Bieber)","Dan + Shay",4651703,https://open.spotify.com/track/2wrJq5XKLnmhRXHIAf9xBa
180,PUNANI,6ix9ine,4625985,https://open.spotify.com/track/41xKiK40e7MFu1bqcGSz1d
181,"Let Her Go",Passenger,4622065,https://open.spotify.com/track/2jyjhRf6DVbMPU5zxagN2h
182,"Higher Love",Kygo,4607478,https://open.spotify.com/track/1kKYjjfNYxE0YYgLa7vgVY
183,Bläulich,"Apache 207",4599408,https://open.spotify.com/track/2WRTnY0slmFgWcrmEr8dPj
184,Anaranjado,"Jowell & Randy",4573709,https://open.spotify.com/track/0cRgJuB6TRtb5RZ2HkjSLh
185,"Como Llora",Juanfran,4551970,https://open.spotify.com/track/52zq2a71SGs3f1vJuv59ui
186,"I'm Yours","Jason Mraz",4529612,https://open.spotify.com/track/3S0OXQeoh0w6AY8WQVckRW
187,"Rags2Riches 2 (feat. Lil Baby)","Rod Wave",4523437,https://open.spotify.com/track/0qJeyYAgv6UpvewUxRXAhb
188,"Never Let Me Down",VIZE,4522005,https://open.spotify.com/track/5TGcyccg8Hkgn9jB7gUpMN
189,"Don't Stop Me Now - Remastered 2011",Queen,4521102,https://open.spotify.com/track/5T8EDUDqKcs6OSOwEsfqG7
190,Savage,"Megan Thee Stallion",4510218,https://open.spotify.com/track/55CHeLEfn5iJ0IIkgaa4si
191,"Be Alright","Dean Lewis",4506177,https://open.spotify.com/track/5qrSlOut2rNAWv3ubArkNy
192,Youngblood,"5 Seconds of Summer",4490904,https://open.spotify.com/track/2iUXsYOEPhVqEBwsqP70rE
193,"Get You The Moon (feat. Snøw)",Kina,4490411,https://open.spotify.com/track/4ZLzoOkj0MPWrTLvooIuaa
194,Lovefool,twocolors,4480837,https://open.spotify.com/track/51Of5p3lKZeOg6itfs4og4
195,"Flex (feat. Juice WRLD)","Polo G",4477889,https://open.spotify.com/track/2QqJTIlGKRLJC3onkavYEz
196,Hallucinate,"Dua Lipa",4467368,https://open.spotify.com/track/1nYeVF5vIBxMxfPoL0SIWg
197,"Sweet but Psycho","Ava Max",4467125,https://open.spotify.com/track/25sgk305KZfyuqVBQIahim
198,Wow.,"Post Malone",4461828,https://open.spotify.com/track/7xQAfvXzm3AkraOtGPWIZg
199,"Bandit (with YoungBoy Never Broke Again)","Juice WRLD",4446393,https://open.spotify.com/track/6Gg1gjgKi2AK4e0qzsR7sd
200,"Wake Me Up",Avicii,4441053,https://open.spotify.com/track/3B0irDyS69y5eAz15xV2Ee
