,,,"Note that these figures are generated using a formula that protects against any artificial inflation of chart positions.",
Position,"Track Name",Artist,Streams,URL
1,"Blinding Lights","The Weeknd",43653241,https://open.spotify.com/track/0sf12qNH5qcw8qpgymFOqD
2,"Dance Monkey","Tones And I",40578037,https://open.spotify.com/track/1rgnBhdG2JDFTbYkYRZAku
3,"The Box","Roddy Ricch",39857901,https://open.spotify.com/track/0nbXyq5TXYPCO7pr3N8S4I
4,"Don't Start Now","Dua Lipa",32565008,https://open.spotify.com/track/6WrI0LAC5M1Rw2MnX2ZvEg
5,"Intentions (feat. Quavo)","Justin Bieber",31250257,https://open.spotify.com/track/4umIPjkehX1r7uhmGvXiSV
6,Tusa,"KAROL G",28807586,https://open.spotify.com/track/7k4t7uLgtOxPwTpFmtJNTY
7,"After Hours","The Weeknd",27647920,https://open.spotify.com/track/4ejyZ4uJEXUURcgKp1kP8v
8,Falling,"Trevor Daniel",26592499,https://open.spotify.com/track/4TnjEaWOeW0eKTKIEvJyCa
9,ROXANNE,"Arizona Zervas",25517030,https://open.spotify.com/track/696DnlkuDOXcMAnKlTgXXK
10,"No Time To Die","Billie Eilish",25455582,https://open.spotify.com/track/73SpzrcaHk0RQPFP73vqVR
11,Yummy,"Justin Bieber",22886859,https://open.spotify.com/track/16wAOAZ2OkqoIDN7TpChjR
12,"Life Is Good (feat. Drake)",Future,21404894,https://open.spotify.com/track/5yY9lUy8nbvjM1Uyo1Uqoc
13,"everything i wanted","Billie Eilish",21349420,https://open.spotify.com/track/3ZCTVFBt2Brf31RLEnCkWJ
14,Circles,"Post Malone",20243969,https://open.spotify.com/track/21jGcNKet2qwijlDFuPiPb
15,Ignorantes,"Bad Bunny",19993952,https://open.spotify.com/track/3wYRLYuO1M88d8woWUIxct
16,"Someone You Loved","Lewis Capaldi",19624844,https://open.spotify.com/track/7qEHsqek33rTcFNT9PFqLf
17,"Say So","Doja Cat",18761305,https://open.spotify.com/track/3Dv1eDb0MEgF93GpLXlucZ
18,Memories,"Maroon 5",18651351,https://open.spotify.com/track/2b8fOow8UzyDFAE27YhOZM
19,"Godzilla (feat. Juice WRLD)",Eminem,18451953,https://open.spotify.com/track/7FIWs0pqAYbP91WWM0vlTQ
20,"bad guy","Billie Eilish",17071583,https://open.spotify.com/track/2Fxmhks0bxGSBdJ92vM42m
21,"Adore You","Harry Styles",16944169,https://open.spotify.com/track/3jjujdWJ72nww5eGnfs2E7
22,ON,BTS,16201396,https://open.spotify.com/track/2QyuXBcV1LJ2rq01KhreMF
23,"Blueberry Faygo","Lil Mosey",16125794,https://open.spotify.com/track/22LAwLoDA5b4AaGSkg6bKW
24,"Roses - Imanbek Remix","SAINt JHN",15484289,https://open.spotify.com/track/24Yi9hE78yPEbZ4kxyoXAI
25,Señorita,"Shawn Mendes",15365133,https://open.spotify.com/track/6v3KW9xbzN5yKLt9YKDYA2
26,"Before You Go","Lewis Capaldi",15135926,https://open.spotify.com/track/2gMXnyrvIjhVBUZwvLZDMP
27,"RITMO (Bad Boys For Life)","Black Eyed Peas",15024392,https://open.spotify.com/track/6cy3ki60hLwimwIje7tALf
28,"Forever (feat. Post Malone & Clever)","Justin Bieber",14839269,https://open.spotify.com/track/2ZlCGeK30BLRNSPC832pNZ
29,"Sigues Con El","Dímelo Flow",14797416,https://open.spotify.com/track/7sQKy5vlPQllr0k9IjYJv3
30,"You should be sad",Halsey,14673620,https://open.spotify.com/track/7lidXGPXPYLNThITAOTlkK
31,"Sunday Best",Surfaces,14583382,https://open.spotify.com/track/1Cv1YLb4q0RzL6pybtaMLo
32,"My Oh My (feat. DaBaby)","Camila Cabello",14579871,https://open.spotify.com/track/3yOlyBJuViE2YSGn3nVE1K
33,Physical,"Dua Lipa",14025576,https://open.spotify.com/track/5px6upUHM3fhOP621Edp4V
34,"ON (Feat. Sia)",BTS,13781757,https://open.spotify.com/track/3IB5qOeMayvpOdHxYCL5tZ
35,"Lose Control",MEDUZA,12683644,https://open.spotify.com/track/7CHi4DtfK4heMlQaudCuHK
36,Morado,"J Balvin",12640172,https://open.spotify.com/track/3mQ6SLdxxaL52Yte7KF2Ks
37,"To Die For","Sam Smith",12400772,https://open.spotify.com/track/2ZTYlnhhV1UAReg7wIGolx
38,"death bed (coffee for your head)",Powfu,12324048,https://open.spotify.com/track/7eJMfftS33KTjuF7lTsMCx
39,Vete,"Bad Bunny",12213844,https://open.spotify.com/track/5DxXgozhkPLgrbKFY91w0c
40,"Hola - Remix",Dalex,12168430,https://open.spotify.com/track/5stPVcRqb4qixbafP9e8lt
41,"High Fashion (feat. Mustard)","Roddy Ricch",12126351,https://open.spotify.com/track/07KXEDMj78x68D884wgVEm
42,"Feel Me","Selena Gomez",11862281,https://open.spotify.com/track/6XXYdF6pJR1K3wKvuxmu7n
43,Keii,"Anuel AA",11652926,https://open.spotify.com/track/5eEQCfq7MXQr6aHLNRUZLs
44,"Ride It",Regard,11591189,https://open.spotify.com/track/2tnVG71enUj33Ic2nFN6kZ
45,Suicidal,"YNW Melly",11379170,https://open.spotify.com/track/1iSqfoUFnQwV0QW1EfUit8
46,"Moral of the Story",Ashe,11187046,https://open.spotify.com/track/2nC3QhMI9reBIOWutbU3Tj
47,Filter,BTS,11101107,https://open.spotify.com/track/0ono6UCNVZ1XqOm6j78Blu
48,"Black Swan",BTS,10629604,https://open.spotify.com/track/3bkkMZEAhx7rTVz1C0itRQ
49,"Sunflower - Spider-Man: Into the Spider-Verse","Post Malone",10601465,https://open.spotify.com/track/0RiRZpuVRbi7oqRdSMwhQY
50,"I Don't Care (with Justin Bieber)","Ed Sheeran",10572246,https://open.spotify.com/track/0hVXuCcriWRGvwMV1r5Yn9
51,Fantasias,"Rauw Alejandro",10555144,https://open.spotify.com/track/6mAN61JH0dzyZpWslS11jy
52,Muévelo,"Nicky Jam",10452185,https://open.spotify.com/track/4VgYtXCVJ7IbWAZ5ryfvEQ
53,"What A Man Gotta Do","Jonas Brothers",10076621,https://open.spotify.com/track/4wNIkl5XGiAACjFBlDWuSd
54,"Louder than bombs",BTS,10016907,https://open.spotify.com/track/3op7HNwLli54MBjFGzIlZO
55,"hot girl bummer",blackbear,9993556,https://open.spotify.com/track/7aiClxsDWFRQ0Kzk5KI5ku
56,UGH!,BTS,9991177,https://open.spotify.com/track/1aKuG1GG76xPLUkjBbQo3W
57,"What If I Told You That I Love You","Ali Gatie",9941461,https://open.spotify.com/track/3cqPu20DGTGUoZtbJH2Dmi
58,"My Time",BTS,9934338,https://open.spotify.com/track/4vTgx6h4seHvkuFh84JXYP
59,SUGAR,BROCKHAMPTON,9707392,https://open.spotify.com/track/6U0FIYXCQ3TGrk4tFpLrEA
60,Diosa,"Myke Towers",9651597,https://open.spotify.com/track/3JHpk0DOTOzyh0777JFAky
61,BOP,DaBaby,9613143,https://open.spotify.com/track/6Ozh9Ok6h4Oi1wUSLtBseN
62,"Know Your Worth",Khalid,9597009,https://open.spotify.com/track/0TrPqhAMoaKUFLR7iYDokf
63,"WHATS POPPIN","Jack Harlow",9575063,https://open.spotify.com/track/3Q6F8RByyhRTJpRtZLY3cg
64,"10,000 Hours (with Justin Bieber)","Dan + Shay",9555597,https://open.spotify.com/track/2wrJq5XKLnmhRXHIAf9xBa
65,"when the party's over","Billie Eilish",9493192,https://open.spotify.com/track/43zdsphuZLzwA9k4DJhU0I
66,"lovely (with Khalid)","Billie Eilish",9384142,https://open.spotify.com/track/0u2P5u6lvoDfwTYjAADbn4
67,"00:00 (Zero O’Clock)",BTS,9372219,https://open.spotify.com/track/4AlihYDqxXshKhvh5tnMfP
68,"HIGHEST IN THE ROOM","Travis Scott",9258096,https://open.spotify.com/track/3eekarcy7kvN4yt5ZFzltW
69,"Ballin' (with Roddy Ricch)",Mustard,9246356,https://open.spotify.com/track/3QzAOrNlsabgbMwlZt7TAY
70,"Me Gusta",Shakira,9245187,https://open.spotify.com/track/5Xhqh4lwJPtMUTsdBztN1a
71,"Lose You To Love Me","Selena Gomez",9220744,https://open.spotify.com/track/4l0Mvzj72xxOpRrp6h8nHi
72,China,"Anuel AA",9032360,https://open.spotify.com/track/2ksOAxtIxY8yElEWw8RhgK
73,"Beautiful People (feat. Khalid)","Ed Sheeran",8951637,https://open.spotify.com/track/70eFcWOvlMObDhURTqT4Fv
74,Friends,BTS,8822365,https://open.spotify.com/track/7w05lsU2VLSeiT8Nukrv5M
75,"We are Bulletproof : the Eternal",BTS,8516710,https://open.spotify.com/track/44WLOqH7QayQOQdeUHeKUK
76,"Lucid Dreams","Juice WRLD",8467670,https://open.spotify.com/track/285pBltuF7vW8TeWk8hdRR
77,"If the World Was Ending - feat. Julia Michaels","JP Saxe",8452812,https://open.spotify.com/track/2kJwzbxV2ppxnQoYw4GLBZ
78,Shallow,"Lady Gaga",8423832,https://open.spotify.com/track/2VxeLyX666F8uXCJ0dZF8B
79,"Inner Child",BTS,8312399,https://open.spotify.com/track/4BKOjYosPhw334moS3wlbO
80,Rare,"Selena Gomez",8009517,https://open.spotify.com/track/7HMmFQsKsljwTw8bS7lu19
81,"No Me Conoce - Remix","Jhay Cortez",8005883,https://open.spotify.com/track/4R8BJggjosTswLxtkw8V7P
82,"Watermelon Sugar","Harry Styles",8002244,https://open.spotify.com/track/6UelLqGlWMcVH1E5c4H7lY
83,"LA CANCIÓN","J Balvin",7850621,https://open.spotify.com/track/0fea68AdmYNygeTGI4RC18
84,Moon,BTS,7850129,https://open.spotify.com/track/1xfXXujIlLZAx5wpu46Nyk
85,"Boy With Luv (feat. Halsey)",BTS,7836975,https://open.spotify.com/track/5KawlOMHjWeUjQtnuRs22c
86,Callaita,"Bad Bunny",7810932,https://open.spotify.com/track/2TH65lNHgvLxCKXM3apjxI
87,"No Idea","Don Toliver",7808215,https://open.spotify.com/track/3VyjsVV24RmBIbWJAeUJNu
88,"7 rings","Ariana Grande",7713677,https://open.spotify.com/track/6ocbgoVGwYJhOv1GgI9NsF
89,"Numbers (feat. Roddy Ricch, Gunna and London On Da Track)","A Boogie Wit da Hoodie",7643623,https://open.spotify.com/track/733c1CWmIGymoQXdp7Us88
90,Heartless,"The Weeknd",7564213,https://open.spotify.com/track/57vxBYXtHMk6H1aD29V7PU
91,Lalala,Y2K,7544881,https://open.spotify.com/track/51Fjme0JiitpyXKuyQiCDo
92,"OUT WEST (feat. Young Thug)",JACKBOYS,7541188,https://open.spotify.com/track/6gi6y1xwmVszDWkUqab1qw
93,"Never Seen the Rain","Tones And I",7506168,https://open.spotify.com/track/2grAr8pWMuLWn8ZYEE9wDV
94,"Bandit (with YoungBoy Never Broke Again)","Juice WRLD",7481654,https://open.spotify.com/track/6Gg1gjgKi2AK4e0qzsR7sd
95,"Alone, Pt. II","Alan Walker",7396697,https://open.spotify.com/track/0bMbDctzMmTyK2j74j3nF3
96,"It's You","Ali Gatie",7258138,https://open.spotify.com/track/5DqdesEfbRyOlSS3Tf6c29
97,Medusa,"Jhay Cortez",7222083,https://open.spotify.com/track/3qM0vBxIe4VUbK0Z0smuVP
98,"TOES (feat. Lil Baby & Moneybagg Yo)",DaBaby,7209729,https://open.spotify.com/track/2FvD20Z8aoWIePi7PoN8sG
99,"Old Town Road - Remix","Lil Nas X",7043546,https://open.spotify.com/track/2YpeDb67231RjR0MgVLzsG
100,"Goodbyes (Feat. Young Thug)","Post Malone",7037168,https://open.spotify.com/track/6vBdBCoOhKHiYDDOcorfNo
101,Woah,"Lil Baby",6995411,https://open.spotify.com/track/598yNsG1JFrGd4n2kMoz7F
102,"Ayy Macarena",Tyga,6901340,https://open.spotify.com/track/6LcauUZjF1eXQrgqMUecHX
103,"Old Me","5 Seconds of Summer",6894881,https://open.spotify.com/track/5RUUkFNqH3GRKHg1xjprOb
104,"Outro : Ego",BTS,6857808,https://open.spotify.com/track/3r9FFjLrAIQjoR8pSHVPC9
105,Happier,Marshmello,6844513,https://open.spotify.com/track/2dpaYNEQHiRxtZbfNsse99
106,"How Do You Sleep?","Sam Smith",6720527,https://open.spotify.com/track/6b2RcmUt1g9N9mQ3CbjX2Y
107,"Whine Up","Nicky Jam",6670596,https://open.spotify.com/track/2pWOMNQJW3g2zmGjP0Vkb0
108,"Modern Loneliness",Lauv,6656281,https://open.spotify.com/track/7MZF7YLxOP2to9iblSulLc
109,"Interlude : Shadow",BTS,6655856,https://open.spotify.com/track/2Nib4r0saYQf2pUV4RFDhl
110,"Own It (feat. Ed Sheeran & Burna Boy)",Stormzy,6652494,https://open.spotify.com/track/4QPEwDdOMhY7rNS05mTyMR
111,Tattoo,"Rauw Alejandro",6577458,https://open.spotify.com/track/7na7Bk98usp84FaOJFPv3d
112,Believer,"Imagine Dragons",6553440,https://open.spotify.com/track/0pqnGHJpmpxLKifKRmU6WP
113,"CITY OF ANGELS",24kGoldn,6490097,https://open.spotify.com/track/6ap9lSRJ0iLriGLqoJ44cq
114,Blanco,"J Balvin",6478707,https://open.spotify.com/track/2rc7BkzO8qepMFAxHtOrXc
115,Girl,"Myke Towers",6457886,https://open.spotify.com/track/43NqTeL8pgBxKHPMiJKUP5
116,"Still Be Friends (feat. Tory Lanez & Tyga)",G-Eazy,6435042,https://open.spotify.com/track/0JjM9bKm4wrwohMslcm892
117,"rockstar (feat. 21 Savage)","Post Malone",6423221,https://open.spotify.com/track/0e7ipj03S05BNilyu5bRzt
118,Dior,"Pop Smoke",6411187,https://open.spotify.com/track/79s5XnCN4TJKTVMSmOx8Ep
119,Bruises,"Lewis Capaldi",6405508,https://open.spotify.com/track/4Of7rzpRpV1mWRbhp5rAqG
120,Respect,BTS,6373954,https://open.spotify.com/track/37TSJmYKLxXmx8OehFpqMN
121,"ocean eyes","Billie Eilish",6372355,https://open.spotify.com/track/2uIX8YMNjGMD7441kqyyNU
122,Ransom,"Lil Tecca",6357163,https://open.spotify.com/track/1lOe9qE0vR9zwWQAOk6CoO
123,"Bohemian Rhapsody - Remastered 2011",Queen,6341069,https://open.spotify.com/track/4u7EnebtmKWzUH433cf5Qv
124,Sucker,"Jonas Brothers",6277300,https://open.spotify.com/track/22vgEDb5hykfaTwLuskFGD
125,"Without Me",Halsey,6222698,https://open.spotify.com/track/6FZDfxM3a3UCqtzo5pxSLZ
126,"Bellaquita - Remix",Dalex,6199616,https://open.spotify.com/track/1Xnn1TPyr5h0hpRAT4B4EA
127,Wow.,"Post Malone",6170891,https://open.spotify.com/track/7xQAfvXzm3AkraOtGPWIZg
128,"Life Is Good (feat. Drake, DaBaby & Lil Baby) - Remix",Future,6143239,https://open.spotify.com/track/4iiWcajF1fEUpwcUewc464
129,"South of the Border (feat. Camila Cabello & Cardi B)","Ed Sheeran",6139108,https://open.spotify.com/track/4vUmTMuQqjdnvlZmAH61Qk
130,Definitivamente,"Daddy Yankee",6119079,https://open.spotify.com/track/113PlnpZbHd3WIqeYjhZWv
131,"Shape of You","Ed Sheeran",6113353,https://open.spotify.com/track/7qiZfU4dY1lWllzX7mPBI3
132,"Adicto (with Anuel AA & Ozuna)",Tainy,6092370,https://open.spotify.com/track/3jbT1Y5MoPwEIpZndDDwVq
133,"Get You The Moon (feat. Snøw)",Kina,6076372,https://open.spotify.com/track/4ZLzoOkj0MPWrTLvooIuaa
134,Robbery,"Juice WRLD",5967430,https://open.spotify.com/track/6Hj9jySrnFppAI0sEMCZpJ
135,"Money In The Grave (Drake ft. Rick Ross)",Drake,5935491,https://open.spotify.com/track/5ry2OE6R2zPQFDO85XkgRb
136,"Say You Won't Let Go","James Arthur",5926960,https://open.spotify.com/track/5uCax9HTNlzGybIStD3vDh
137,Aventura,Lunay,5919025,https://open.spotify.com/track/37zdqI4r1gswIzczSBkRon
138,"Que Tire Pa Lante","Daddy Yankee",5906299,https://open.spotify.com/track/6RyaV7owmVU6fzEPE17sF1
139,"Good as Hell (feat. Ariana Grande)",Lizzo,5846409,https://open.spotify.com/track/2rjjNUYONZqC7wSd1i6OFq
140,Falling,"Harry Styles",5813360,https://open.spotify.com/track/1ZMiCix7XSAbfAJlEZWMCp
141,VIBEZ,DaBaby,5800737,https://open.spotify.com/track/0fySG6A6qLE8IvDpayb5bM
142,"Lights Up","Harry Styles",5722994,https://open.spotify.com/track/4jAIqgrPjKLTY9Gbez25Qb
143,GOODMORNINGTOKYO!,"TOKYO’S REVENGE",5697657,https://open.spotify.com/track/0Q2n5yzl2XRqYbV77tZNYp
144,"SICKO MODE","Travis Scott",5692719,https://open.spotify.com/track/2xLMifQCjDGFmkHkpNLD9h
145,"Dancing With A Stranger (with Normani)","Sam Smith",5683370,https://open.spotify.com/track/6Qs4SXO9dwPj5GKvVOv8Ki
146,SAD!,XXXTENTACION,5664416,https://open.spotify.com/track/3ee8Jmje8o58CHK66QrVC2
147,July,"Noah Cyrus",5624935,https://open.spotify.com/track/5a6pdCHlWS2ekOOQ70QnAr
148,"Jocelyn Flores",XXXTENTACION,5603493,https://open.spotify.com/track/7m9OqQk4RVRkw9JJdeAw96
149,"Go Stupid (feat. NLE Choppa & Mike WiLL Made-It)","Polo G",5601464,https://open.spotify.com/track/74fV8TuLZKVzSIOOGu8wwI
150,"me & ur ghost",blackbear,5571126,https://open.spotify.com/track/4yJiXq86uM56uIfIZgE440
151,Maniac,"Conan Gray",5557236,https://open.spotify.com/track/7hpJ9tATWb2vztlq99hERP
152,Perfect,"Ed Sheeran",5548377,https://open.spotify.com/track/0tgVpDi06FyKpA1z0VMD4v
153,"Piece Of Your Heart",MEDUZA,5542188,https://open.spotify.com/track/1DFD5Fotzgn6yYXkYsKiGs
154,"Tudo Ok","Thiaguinho MT",5510844,https://open.spotify.com/track/4HUZBG98TYbxSR9V1V2DWS
155,Quizas,"Rich Music LTD",5497408,https://open.spotify.com/track/5Id5B3dxJZhPcV9GzgYZZe
156,"No Judgement","Niall Horan",5449684,https://open.spotify.com/track/5IUOU5xkzGHsRFOYNu3GSK
157,"Liberdade Provisória - Ao Vivo","Henrique & Juliano",5430476,https://open.spotify.com/track/3Ghyp3X5Ua9ypHnBIgOObI
158,"Trampoline (with ZAYN)",SHAED,5397892,https://open.spotify.com/track/2ez6qvOTHKeI3ss80NGqnI
159,"Eastside (with Halsey & Khalid)","benny blanco",5389964,https://open.spotify.com/track/7FGq80cy8juXBCD2nrqdWU
160,"Sweet but Psycho","Ava Max",5387339,https://open.spotify.com/track/25sgk305KZfyuqVBQIahim
161,"bury a friend","Billie Eilish",5383482,https://open.spotify.com/track/4SSnFejRGlZikf02HLewEF
162,"I Like Me Better",Lauv,5372224,https://open.spotify.com/track/2P91MQbaiQOfbiz9VqhqKQ
163,"thank u, next","Ariana Grande",5342754,https://open.spotify.com/track/3e9HZxeyfWwjeyPAMmWSSQ
164,"Girls Like You (feat. Cardi B)","Maroon 5",5319226,https://open.spotify.com/track/7fa9MBXhVfQ8P8Df9OEbD8
165,goosebumps,"Travis Scott",5311204,https://open.spotify.com/track/6gBFPUFcJLzWGx4lenP6h2
166,"Futsal Shuffle 2020","Lil Uzi Vert",5302368,https://open.spotify.com/track/2Ec33AVlkTTq8BHFgBTdQs
167,"Can We Kiss Forever?",Kina,5277324,https://open.spotify.com/track/58wyJLv6yH1La9NIZPl3ne
168,Starboy,"The Weeknd",5240604,https://open.spotify.com/track/7MXVkk9YMctZqd1Srtv4MB
169,"Higher Love",Kygo,5201553,https://open.spotify.com/track/6oJ6le65B3SEqPwMRNXWjY
170,"All of Me","John Legend",5161704,https://open.spotify.com/track/3U4isOIWM3VvDubwSI3y7a
171,"Truth Hurts",Lizzo,5147825,https://open.spotify.com/track/3HWzoMvoF3TQfYg4UPszDq
172,"Perreo en La Luna","Rich Music LTD",5135469,https://open.spotify.com/track/0RDgqtvOHLwcI6yz9bjsZV
173,"Hate Me (with Juice WRLD)","Ellie Goulding",5130390,https://open.spotify.com/track/6kls8cSlUyHW2BUOkDJIZE
174,"Lose Yourself - From ""8 Mile"" Soundtrack",Eminem,5118004,https://open.spotify.com/track/1v7L65Lzy0j0vdpRjJewt1
175,Moonlight,XXXTENTACION,5116109,https://open.spotify.com/track/0JP9xo3adEtGSdUEISiszL
176,"Better Now","Post Malone",5083752,https://open.spotify.com/track/7dt6x5M1jzdTEt8oCbisTK
177,"All I Want - From ""High School Musical: The Musical: The Series""","Olivia Rodrigo",5082201,https://open.spotify.com/track/4Yxc55NX3tAXC2mHRAhtcW
178,"all the good girls go to hell","Billie Eilish",5074485,https://open.spotify.com/track/6IRdLKIyS4p7XNiP8r6rsx
179,"You Need To Calm Down","Taylor Swift",5060482,https://open.spotify.com/track/6RRNNciQGZEXnqk8SQ9yv5
180,SENTADÃO,"PEDRO SAMPAIO",5013019,https://open.spotify.com/track/4lKuzrdZrJuCAedbIslF3A
181,I.F.L.Y.,Bazzi,5001556,https://open.spotify.com/track/4a6q8CR2hzLk2plDkSxkfD
182,"Lottery (Renegade)","K CAMP",4994448,https://open.spotify.com/track/4dZTZbmJBCCofAExHwefda
183,"Si Te Vas",Sech,4954292,https://open.spotify.com/track/6Y4PDQv4XjYjHLeLmvyOt0
184,"Que Calor (with J Balvin & El Alfa)","Major Lazer",4950254,https://open.spotify.com/track/1G2CAJeP7rCwOZjlSJ0Zw3
185,Takeaway,"The Chainsmokers",4950209,https://open.spotify.com/track/3g0mEQx3NTanacLseoP0Gw
186,"Rich Rich",Ufo361,4938864,https://open.spotify.com/track/3VFT90E0yYjdHSFoGv02us
187,Youngblood,"5 Seconds of Summer",4936493,https://open.spotify.com/track/2iUXsYOEPhVqEBwsqP70rE
188,"If I Can't Have You","Shawn Mendes",4921021,https://open.spotify.com/track/2bT1PH7Cw3J9p3t7nlXCdh
189,Indeciso,Reik,4897374,https://open.spotify.com/track/59s0s39NFWScuHDbHytI14
190,Tutu,Camilo,4897181,https://open.spotify.com/track/1nocRtwyNPVtGcIJqfgdzZ
191,"High Hopes","Panic! At The Disco",4883343,https://open.spotify.com/track/1rqqCSm0Qe4I9rUvWncaom
192,"No Guidance (feat. Drake)","Chris Brown",4876529,https://open.spotify.com/track/6XHVuErjQ4XNm6nDPVCxVX
193,"i love you","Billie Eilish",4863910,https://open.spotify.com/track/6CcJMwBtXByIz4zQLzFkKc
194,"Be Alright","Dean Lewis",4856342,https://open.spotify.com/track/5qrSlOut2rNAWv3ubArkNy
195,"The Less I Know The Better","Tame Impala",4853131,https://open.spotify.com/track/6K4t31amVTZDgR3sKmwUJJ
196,Mejor,Dalex,4851895,https://open.spotify.com/track/1mF6sMUsRU9MisrdB9qWvg
197,"SLOW DANCING IN THE DARK",Joji,4825540,https://open.spotify.com/track/0rKtyWc8bvkriBthvHKY8d
198,"Soltera - Remix",Lunay,4809360,https://open.spotify.com/track/4t9a07PAghtQMRAIP9FQ7Z
199,Infeliz,Arcangel,4802236,https://open.spotify.com/track/4z6wo6PJG4Fve45OXK6D9m
200,"Call Out My Name","The Weeknd",4781481,https://open.spotify.com/track/09mEdoA6zrmBPgTEN5qXmN
