,,,"Note that these figures are generated using a formula that protects against any artificial inflation of chart positions.",
Position,"Track Name",Artist,Streams,URL
1,"Dance Monkey","Tones And I",44439902,https://open.spotify.com/track/1rgnBhdG2JDFTbYkYRZAku
2,ROXANNE,"Arizona Zervas",31485166,https://open.spotify.com/track/696DnlkuDOXcMAnKlTgXXK
3,Memories,"Maroon 5",28348963,https://open.spotify.com/track/2b8fOow8UzyDFAE27YhOZM
4,Heartless,"The Weeknd",28298094,https://open.spotify.com/track/57vxBYXtHMk6H1aD29V7PU
5,"everything i wanted","Billie Eilish",27081940,https://open.spotify.com/track/3ZCTVFBt2Brf31RLEnCkWJ
6,Circles,"Post Malone",26093189,https://open.spotify.com/track/21jGcNKet2qwijlDFuPiPb
7,"Blinding Lights","The Weeknd",26070135,https://open.spotify.com/track/0sf12qNH5qcw8qpgymFOqD
8,"Don't Start Now","Dua Lipa",25181606,https://open.spotify.com/track/6WrI0LAC5M1Rw2MnX2ZvEg
9,"All I Want for Christmas Is You","Mariah Carey",22394175,https://open.spotify.com/track/0bYg9bo50gSsH3LtXe2SQn
10,"RITMO (Bad Boys For Life)","Black Eyed Peas",22331599,https://open.spotify.com/track/6cy3ki60hLwimwIje7tALf
11,"Someone You Loved","Lewis Capaldi",21979719,https://open.spotify.com/track/7qEHsqek33rTcFNT9PFqLf
12,Señorita,"Shawn Mendes",21139630,https://open.spotify.com/track/6v3KW9xbzN5yKLt9YKDYA2
13,"Lose You To Love Me","Selena Gomez",20690962,https://open.spotify.com/track/1HfMVBKM75vxSfsQ5VefZ5
14,Falling,"Trevor Daniel",20635758,https://open.spotify.com/track/4TnjEaWOeW0eKTKIEvJyCa
15,Tusa,"KAROL G",20584187,https://open.spotify.com/track/7k4t7uLgtOxPwTpFmtJNTY
16,"HIGHEST IN THE ROOM","Travis Scott",18602268,https://open.spotify.com/track/3eekarcy7kvN4yt5ZFzltW
17,Vete,"Bad Bunny",18447897,https://open.spotify.com/track/5DxXgozhkPLgrbKFY91w0c
18,"hot girl bummer",blackbear,17826384,https://open.spotify.com/track/7aiClxsDWFRQ0Kzk5KI5ku
19,"Last Christmas",Wham!,17615075,https://open.spotify.com/track/2FRnf9qhLbvw8fu4IBXx78
20,"bad guy","Billie Eilish",16469192,https://open.spotify.com/track/2Fxmhks0bxGSBdJ92vM42m
21,"Ride It",Regard,16039012,https://open.spotify.com/track/2tnVG71enUj33Ic2nFN6kZ
22,"Santa Tell Me","Ariana Grande",14107437,https://open.spotify.com/track/0lizgQ7Qw35od7CYaoMBZb
23,"Before You Go","Lewis Capaldi",13644675,https://open.spotify.com/track/2gMXnyrvIjhVBUZwvLZDMP
24,China,"Anuel AA",13618990,https://open.spotify.com/track/2ksOAxtIxY8yElEWw8RhgK
25,"Beautiful People (feat. Khalid)","Ed Sheeran",13500128,https://open.spotify.com/track/70eFcWOvlMObDhURTqT4Fv
26,"Watermelon Sugar","Harry Styles",12448702,https://open.spotify.com/track/1e9oZCCiX42nJl0AcqriVo
27,"10,000 Hours (with Justin Bieber)","Dan + Shay",12374844,https://open.spotify.com/track/2wrJq5XKLnmhRXHIAf9xBa
28,"It's Beginning to Look a Lot like Christmas","Michael Bublé",12258394,https://open.spotify.com/track/0lLdorYw7lVrJydTINhWdI
29,"Sunflower - Spider-Man: Into the Spider-Verse","Post Malone",12093137,https://open.spotify.com/track/0RiRZpuVRbi7oqRdSMwhQY
30,Fantasias,"Rauw Alejandro",12012192,https://open.spotify.com/track/6mAN61JH0dzyZpWslS11jy
31,"How Do You Sleep?","Sam Smith",11950589,https://open.spotify.com/track/6b2RcmUt1g9N9mQ3CbjX2Y
32,"I Don't Care (with Justin Bieber)","Ed Sheeran",11775616,https://open.spotify.com/track/0hVXuCcriWRGvwMV1r5Yn9
33,"South of the Border (feat. Camila Cabello & Cardi B)","Ed Sheeran",11523903,https://open.spotify.com/track/4vUmTMuQqjdnvlZmAH61Qk
34,"LA CANCIÓN","J Balvin",11356603,https://open.spotify.com/track/0fea68AdmYNygeTGI4RC18
35,Lalala,Y2K,11345666,https://open.spotify.com/track/51Fjme0JiitpyXKuyQiCDo
36,"Rockin' Around The Christmas Tree","Brenda Lee",11155568,https://open.spotify.com/track/2EjXfH91m7f8HiJN1yQg97
37,"Lights Up","Harry Styles",11038552,https://open.spotify.com/track/5aJEh9Oqdz7PRLKTpH25pB
38,"Jingle Bell Rock","Bobby Helms",10901943,https://open.spotify.com/track/3hBXvHLlTHvnbwrPbeoyAj
39,"Lose Control",MEDUZA,10859238,https://open.spotify.com/track/7CHi4DtfK4heMlQaudCuHK
40,"Trampoline (with ZAYN)",SHAED,10792882,https://open.spotify.com/track/1iQDltZqI7BXnHrFy4Qo1k
41,BOP,DaBaby,10748197,https://open.spotify.com/track/6Ozh9Ok6h4Oi1wUSLtBseN
42,"Goodbyes (Feat. Young Thug)","Post Malone",10613980,https://open.spotify.com/track/6vBdBCoOhKHiYDDOcorfNo
43,Callaita,"Bad Bunny",10561825,https://open.spotify.com/track/2TH65lNHgvLxCKXM3apjxI
44,Mistletoe,"Justin Bieber",10534122,https://open.spotify.com/track/7xapw9Oy21WpfEcib2ErSA
45,"It's the Most Wonderful Time of the Year","Andy Williams",10399628,https://open.spotify.com/track/5hslUAKq9I9CG2bAulFkHN
46,"Adicto (with Anuel AA & Ozuna)",Tainy,10352341,https://open.spotify.com/track/3jbT1Y5MoPwEIpZndDDwVq
47,Liar,"Camila Cabello",10190064,https://open.spotify.com/track/7LzouaWGFCy4tkXDOOnEyM
48,"Que Tire Pa Lante","Daddy Yankee",10128998,https://open.spotify.com/track/6RyaV7owmVU6fzEPE17sF1
49,"No Me Conoce - Remix","Jhay Cortez",10027304,https://open.spotify.com/track/4R8BJggjosTswLxtkw8V7P
50,"Bandit (with YoungBoy Never Broke Again)","Juice WRLD",9906361,https://open.spotify.com/track/6Gg1gjgKi2AK4e0qzsR7sd
51,"Whine Up","Nicky Jam",9565871,https://open.spotify.com/track/2pWOMNQJW3g2zmGjP0Vkb0
52,Ransom,"Lil Tecca",9158385,https://open.spotify.com/track/1lOe9qE0vR9zwWQAOk6CoO
53,"Do They Know It's Christmas? - 1984 Version","Band Aid",8896113,https://open.spotify.com/track/0247StOpd3AkeBQzANX4Zf
54,"Ayy Macarena",Tyga,8883283,https://open.spotify.com/track/6LcauUZjF1eXQrgqMUecHX
55,"Look At Her Now","Selena Gomez",8838709,https://open.spotify.com/track/4yI3HpbSFSgFZtJP2kDe5m
56,"Into the Unknown","Idina Menzel",8711295,https://open.spotify.com/track/3Z0oQ8r78OUaHvGPiDBR3W
57,"Yellow Hearts","Ant Saunders",8631681,https://open.spotify.com/track/2W4yABdLc4Jnds67Poi5Nl
58,"Own It (feat. Ed Sheeran & Burna Boy)",Stormzy,8615169,https://open.spotify.com/track/07s9NNOT0sZQp7TyolLLgu
59,"Mean It",Lauv,8536243,https://open.spotify.com/track/3GRSqlALWISqLeNncZMbpX
60,"Let It Snow! Let It Snow! Let It Snow! (with The B. Swanson Quartet)","Frank Sinatra",8457215,https://open.spotify.com/track/4kKdvXD0ez7jp1296JmAts
61,Aventura,Lunay,8444583,https://open.spotify.com/track/37zdqI4r1gswIzczSBkRon
62,"Holly Jolly Christmas","Michael Bublé",8368170,https://open.spotify.com/track/6tjituizSxwSmBB5vtgHZE
63,"Old Town Road - Remix","Lil Nas X",8363507,https://open.spotify.com/track/2YpeDb67231RjR0MgVLzsG
64,"It's You","Ali Gatie",8268559,https://open.spotify.com/track/5DqdesEfbRyOlSS3Tf6c29
65,Shallow,"Lady Gaga",8185172,https://open.spotify.com/track/2VxeLyX666F8uXCJ0dZF8B
66,"Take What You Want (feat. Ozzy Osbourne & Travis Scott)","Post Malone",8175998,https://open.spotify.com/track/7CZyCXKG6d5ALeq41sLzbw
67,"Good as Hell (feat. Ariana Grande) - Remix",Lizzo,8166053,https://open.spotify.com/track/07Oz5StQ7GRoygNLaXs2pd
68,"7 rings","Ariana Grande",8141345,https://open.spotify.com/track/6ocbgoVGwYJhOv1GgI9NsF
69,"Up All Night",Khalid,8108093,https://open.spotify.com/track/1mpD5Q8IM32I4bF6eCpU74
70,"lovely (with Khalid)","Billie Eilish",8107035,https://open.spotify.com/track/0u2P5u6lvoDfwTYjAADbn4
71,"Der Bratan bleibt der gleiche","Capital Bra",7909105,https://open.spotify.com/track/2M39v73rNJmAXUXIW0oagP
72,"Happy Xmas (War Is Over) - Remastered 2010","John Lennon",7839092,https://open.spotify.com/track/3zJw3rugfpVrmBeDDnUYzy
73,"when the party's over","Billie Eilish",7810964,https://open.spotify.com/track/43zdsphuZLzwA9k4DJhU0I
74,Indeciso,Reik,7788540,https://open.spotify.com/track/59s0s39NFWScuHDbHytI14
75,"Si Te Vas",Sech,7783128,https://open.spotify.com/track/6Y4PDQv4XjYjHLeLmvyOt0
76,Quizas,"Rich Music LTD",7776616,https://open.spotify.com/track/5Id5B3dxJZhPcV9GzgYZZe
77,"LOYAL (feat. Drake)",PARTYNEXTDOOR,7762254,https://open.spotify.com/track/5bvnqVuq7UFl0txSlHpsfS
78,"Underneath the Tree","Kelly Clarkson",7654743,https://open.spotify.com/track/3nAp4IvdMPPWEH9uuXFFV5
79,"Feliz Navidad","José Feliciano",7517050,https://open.spotify.com/track/7taXf5odg9xCAZERYfyOkS
80,"Hola - Remix",Dalex,7481957,https://open.spotify.com/track/5stPVcRqb4qixbafP9e8lt
81,"Loco Contigo (feat. J. Balvin & Tyga)","DJ Snake",7465470,https://open.spotify.com/track/6osaMSJh9NguagEDQcZaKx
82,"Yo x Ti, Tu x Mi",ROSALÍA,7372721,https://open.spotify.com/track/7BlBVFwvbWvcwNcUarQmjk
83,Graveyard,Halsey,7286914,https://open.spotify.com/track/6V9fHiv84WlVTg7CSnIVY2
84,"Lover (Remix) [feat. Shawn Mendes]","Taylor Swift",7190131,https://open.spotify.com/track/3i9UVldZOE0aD0JnyfAZZ0
85,"Truth Hurts",Lizzo,7072070,https://open.spotify.com/track/5qmq61DAAOUaW8AUo8xKhh
86,Happier,Marshmello,7032791,https://open.spotify.com/track/2dpaYNEQHiRxtZbfNsse99
87,Tutu,Camilo,7017981,https://open.spotify.com/track/1nocRtwyNPVtGcIJqfgdzZ
88,"Wonderful Christmastime [Edited Version] - Remastered 2011 / Edited Version","Paul McCartney",6977896,https://open.spotify.com/track/7Lbxvt42JsNSKVCaN63qhD
89,"Driving Home for Christmas - 2019 Remaster","Chris Rea",6930566,https://open.spotify.com/track/27qAMKrDdKEs8HDXcvR24R
90,"Money In The Grave (Drake ft. Rick Ross)",Drake,6918318,https://open.spotify.com/track/5ry2OE6R2zPQFDO85XkgRb
91,Fantasía,Ozuna,6692952,https://open.spotify.com/track/40rXWke6SnXiGkSmaT8ZUr
92,"Follow God","Kanye West",6678278,https://open.spotify.com/track/2QpGZOhTCHHiKmpSO9FW4h
93,"Piece Of Your Heart",MEDUZA,6670729,https://open.spotify.com/track/1DFD5Fotzgn6yYXkYsKiGs
94,"223's (feat. 9lokknine)","YNW Melly",6664824,https://open.spotify.com/track/29ZXwWOOLz9t5fa3eT3i7T
95,"Bohemian Rhapsody - Remastered 2011",Queen,6663611,https://open.spotify.com/track/4u7EnebtmKWzUH433cf5Qv
96,"Soltera - Remix",Lunay,6638573,https://open.spotify.com/track/4t9a07PAghtQMRAIP9FQ7Z
97,"No Guidance (feat. Drake)","Chris Brown",6608084,https://open.spotify.com/track/6XHVuErjQ4XNm6nDPVCxVX
98,"Without Me",Halsey,6568029,https://open.spotify.com/track/5p7ujcrUXASCNwRaWNHR1C
99,Woah,"Lil Baby",6541722,https://open.spotify.com/track/598yNsG1JFrGd4n2kMoz7F
100,"Hot (Remix) [feat. Gunna and Travis Scott]","Travis Scott",6535564,https://open.spotify.com/track/56AMYGJzxBO6p8v0wEe9de
101,Believer,"Imagine Dragons",6475087,https://open.spotify.com/track/0pqnGHJpmpxLKifKRmU6WP
102,"White Christmas","Bing Crosby",6460800,https://open.spotify.com/track/4so0Wek9Ig1p6CRCHuINwW
103,Wow.,"Post Malone",6426566,https://open.spotify.com/track/7xQAfvXzm3AkraOtGPWIZg
104,"No Idea","Don Toliver",6380903,https://open.spotify.com/track/3VyjsVV24RmBIbWJAeUJNu
105,Sucker,"Jonas Brothers",6377966,https://open.spotify.com/track/22vgEDb5hykfaTwLuskFGD
106,"Ballin' (with Roddy Ricch)",Mustard,6274804,https://open.spotify.com/track/3QzAOrNlsabgbMwlZt7TAY
107,Candy,"Doja Cat",6235278,https://open.spotify.com/track/1VJwtWR6z7SpZRwipI12be
108,"The Christmas Song (Merry Christmas To You)","Nat King Cole",6230127,https://open.spotify.com/track/4PS1e8f2LvuTFgUs1Cn3ON
109,"Nice To Meet Ya","Niall Horan",6225972,https://open.spotify.com/track/3cphb8kdsjElYR7r5icK3H
110,"DJ No Pare (feat. Zion, Dalex, Lenny Tavárez) - Remix","Justin Quiles",6208572,https://open.spotify.com/track/1ndyl3wJCFs872XZ3ztPk6
111,Panini,"Lil Nas X",6194451,https://open.spotify.com/track/1000nHvUdawXuUHgBod4Wv
112,"Stuck In A Dream (feat. Gunna)","Lil Mosey",6181320,https://open.spotify.com/track/7iHHxY2NLlJRAmlAmC4ahQ
113,"Ne reviens pas",Gradur,6165516,https://open.spotify.com/track/4TnFANpjVwVKWzkxNzIyFH
114,"thank u, next","Ariana Grande",6155603,https://open.spotify.com/track/3e9HZxeyfWwjeyPAMmWSSQ
115,"rockstar (feat. 21 Savage)","Post Malone",6148442,https://open.spotify.com/track/0e7ipj03S05BNilyu5bRzt
116,"Hate Me (with Juice WRLD)","Ellie Goulding",6131473,https://open.spotify.com/track/6kls8cSlUyHW2BUOkDJIZE
117,"Shape of You","Ed Sheeran",6086593,https://open.spotify.com/track/7qiZfU4dY1lWllzX7mPBI3
118,"SICKO MODE","Travis Scott",6061390,https://open.spotify.com/track/2xLMifQCjDGFmkHkpNLD9h
119,Camelot,"NLE Choppa",6057924,https://open.spotify.com/track/4sWuPniHClkInYAnzXAYUF
120,"Combatchy (feat. MC Rebecca)",Anitta,5997619,https://open.spotify.com/track/2bPtwnrpFNEe8N7Q85kLHw
121,"Have Yourself A Merry Little Christmas","Sam Smith",5970712,https://open.spotify.com/track/1Qi2wh8fFgDV7tl4Sj3f2K
122,"Otro Trago - Remix",Sech,5909814,https://open.spotify.com/track/4bTZeO72FwMa6wKOiqoynL
123,"Higher Love",Kygo,5896734,https://open.spotify.com/track/6oJ6le65B3SEqPwMRNXWjY
124,"A Holly Jolly Christmas - Single Version","Burl Ives",5837873,https://open.spotify.com/track/65Q2mv3UlVi9eO70OpsmSe
125,"Que Calor (with J Balvin & El Alfa)","Major Lazer",5836408,https://open.spotify.com/track/1G2CAJeP7rCwOZjlSJ0Zw3
126,"Con Altura",ROSALÍA,5828354,https://open.spotify.com/track/2qG5sZ7Si6sdK74qLxedYM
127,"Dancing With A Stranger (with Normani)","Sam Smith",5804396,https://open.spotify.com/track/6Qs4SXO9dwPj5GKvVOv8Ki
128,VIBEZ,DaBaby,5790620,https://open.spotify.com/track/0fySG6A6qLE8IvDpayb5bM
129,"QUE PRETENDES","J Balvin",5725936,https://open.spotify.com/track/25ZAibhr3bdlMCLmubZDVt
130,"Say You Won't Let Go","James Arthur",5725835,https://open.spotify.com/track/5uCax9HTNlzGybIStD3vDh
131,"Girls Like You (feat. Cardi B)","Maroon 5",5706301,https://open.spotify.com/track/7fa9MBXhVfQ8P8Df9OEbD8
132,"Sweet but Psycho","Ava Max",5705349,https://open.spotify.com/track/25sgk305KZfyuqVBQIahim
133,"Let It Snow! Let It Snow! Let It Snow!","Dean Martin",5682413,https://open.spotify.com/track/2uFaJJtFpPDc5Pa95XzTvg
134,"The London (feat. J. Cole & Travis Scott)","J. Cole",5672783,https://open.spotify.com/track/3s4mrPrEFFPF0LmAfutW0n
135,"Merry Christmas Everyone","Shakin' Stevens",5647968,https://open.spotify.com/track/4rRIovg4TvxLUiUrpGI6lE
136,"bury a friend","Billie Eilish",5647423,https://open.spotify.com/track/4SSnFejRGlZikf02HLewEF
137,"Eastside (with Halsey & Khalid)","benny blanco",5636812,https://open.spotify.com/track/7FGq80cy8juXBCD2nrqdWU
138,Roller,"Apache 207",5623792,https://open.spotify.com/track/6hw1Sy9wZ8UCxYGdpKrU6M
139,"Only Human","Jonas Brothers",5608409,https://open.spotify.com/track/0DiDStADDVh3SvAsoJAFMk
140,"Takeaway (feat. Lennon Stella)","The Chainsmokers",5594233,https://open.spotify.com/track/63VyEdzMM3w4ZQ1WtARa2S
141,"Sleigh Ride","The Ronettes",5586283,https://open.spotify.com/track/1ODZGydlown4VesUP8HLJX
142,"Lucid Dreams","Juice WRLD",5578437,https://open.spotify.com/track/285pBltuF7vW8TeWk8hdRR
143,"Bellaquita - Remix",Dalex,5551469,https://open.spotify.com/track/1Xnn1TPyr5h0hpRAT4B4EA
144,Bruises,"Lewis Capaldi",5551398,https://open.spotify.com/track/4Of7rzpRpV1mWRbhp5rAqG
145,"6 Kiss","Trippie Redd",5544673,https://open.spotify.com/track/7tgjDlQsMR8RvkdlNCJA58
146,Perfect,"Ed Sheeran",5517202,https://open.spotify.com/track/0tgVpDi06FyKpA1z0VMD4v
147,"11 PM",Maluma,5505457,https://open.spotify.com/track/7KbF6AdprOXEEHlsq11Z6d
148,"It's Beginning to Look a Lot Like Christmas (with Mitchell Ayres & His Orchestra)","Perry Como",5504417,https://open.spotify.com/track/2pXpURmn6zC5ZYDMms6fwa
149,"If I Can't Have You","Shawn Mendes",5504401,https://open.spotify.com/track/2bT1PH7Cw3J9p3t7nlXCdh
150,"Get You The Moon (feat. Snøw)",Kina,5481659,https://open.spotify.com/track/4ZLzoOkj0MPWrTLvooIuaa
151,"fuck, i'm lonely (with Anne-Marie) - from “13 Reasons Why: Season 3”",Lauv,5479753,https://open.spotify.com/track/4wopYJ5wpYOM6ogm2Jugnw
152,"Tip Toe (feat. A Boogie Wit da Hoodie)","Roddy Ricch",5459089,https://open.spotify.com/track/5j1yOqWONR9T6l43AzJ6Es
153,Orphans,Coldplay,5402485,https://open.spotify.com/track/03T4ttRCiLXST6MZjeMwmR
154,Blanco,"J Balvin",5381841,https://open.spotify.com/track/2rc7BkzO8qepMFAxHtOrXc
155,"Used To Love (with Dean Lewis)","Martin Garrix",5379962,https://open.spotify.com/track/7pWK1kMgHy5lNNiIfuRbkP
156,goosebumps,"Travis Scott",5377007,https://open.spotify.com/track/6gBFPUFcJLzWGx4lenP6h2
157,VALENTINO,24kGoldn,5365917,https://open.spotify.com/track/6piAUJJQFD8oHDUr0b7l7q
158,"Show Yourself","Idina Menzel",5332232,https://open.spotify.com/track/50WeOnXhM1H7AZEeIDoWfZ
159,"Talk (feat. Disclosure)",Khalid,5320783,https://open.spotify.com/track/6TqXcAFInzjp0bODyvrWEq
160,"If the World Was Ending - feat. Julia Michaels","JP Saxe",5293200,https://open.spotify.com/track/2kJwzbxV2ppxnQoYw4GLBZ
161,"Santa Claus Is Coming to Town","Michael Bublé",5227718,https://open.spotify.com/track/5Ber68jZ7ytegr2UISEdb7
162,"Turn Me On (feat. Vula)",Riton,5226386,https://open.spotify.com/track/0qaWEvPkts34WF68r8Dzx9
163,I.F.L.Y.,Bazzi,5226004,https://open.spotify.com/track/4a6q8CR2hzLk2plDkSxkfD
164,"Who Needs Love","Trippie Redd",5223668,https://open.spotify.com/track/2ktxr00GpTtbMNeBjNeY8D
165,"Into the Unknown - Panic! At The Disco Version","Panic! At The Disco",5198066,https://open.spotify.com/track/421eObjg0DTm2qajJl5OJm
166,"Be Alright","Dean Lewis",5187489,https://open.spotify.com/track/5qrSlOut2rNAWv3ubArkNy
167,"Pa' Olvidarme De Ella","Piso 21",5183962,https://open.spotify.com/track/1cVlW9WQiGlFdWUXFdFZGh
168,"Better Now","Post Malone",5169914,https://open.spotify.com/track/7dt6x5M1jzdTEt8oCbisTK
169,"Jingle Bell Rock - Daryl's Version","Daryl Hall & John Oates",5165590,https://open.spotify.com/track/6pVW5LRWgeLaHudxauOTJU
170,SAD!,XXXTENTACION,5147594,https://open.spotify.com/track/3ee8Jmje8o58CHK66QrVC2
171,"Con Calma","Daddy Yankee",5120664,https://open.spotify.com/track/5w9c2J52mkdntKOmRLeM2m
172,"High Hopes","Panic! At The Disco",5119447,https://open.spotify.com/track/1rqqCSm0Qe4I9rUvWncaom
173,Youngblood,"5 Seconds of Summer",5117080,https://open.spotify.com/track/2iUXsYOEPhVqEBwsqP70rE
174,"Fairytale of New York (feat. Kirsty MacColl)","The Pogues",5095967,https://open.spotify.com/track/3VTNVsTTu05dmTsVFrmGpK
175,"Post Malone (feat. RANI)","Sam Feldt",5079797,https://open.spotify.com/track/36orMWv2PgvnzXsd5CJ0yL
176,"Can We Kiss Forever?",Kina,5030448,https://open.spotify.com/track/58wyJLv6yH1La9NIZPl3ne
177,Lover,"Taylor Swift",5019740,https://open.spotify.com/track/1dGr1c8CrMLDpV6mPbImSI
178,"You Need To Calm Down","Taylor Swift",5001329,https://open.spotify.com/track/6RRNNciQGZEXnqk8SQ9yv5
179,"MIDDLE CHILD","J. Cole",4988472,https://open.spotify.com/track/2JvzF1RMd7lE3KmFlsyZD8
180,"Hasta Que Salga el Sol",Ozuna,4968395,https://open.spotify.com/track/0dDboLfmRNsTBscy4j3Rnl
181,"Christmas (Baby Please Come Home)","Mariah Carey",4958776,https://open.spotify.com/track/3PIDciSFdrQxSQSihim3hN
182,"Let Me Down Slowly","Alec Benjamin",4943717,https://open.spotify.com/track/2qxmye6gAegTMjLKEBoR3d
183,Moonlight,XXXTENTACION,4937140,https://open.spotify.com/track/0JP9xo3adEtGSdUEISiszL
184,Death,"Trippie Redd",4933254,https://open.spotify.com/track/3Kd6Wp3lG5HXMB2dlvuy7y
185,"all the good girls go to hell","Billie Eilish",4926395,https://open.spotify.com/track/6IRdLKIyS4p7XNiP8r6rsx
186,"Enemies (feat. DaBaby)","Post Malone",4923299,https://open.spotify.com/track/0Xek5rqai2jcOWCYWJfVCF
187,Trigger,"Major Lazer",4890061,https://open.spotify.com/track/0Z26mbSHJ1dkUu7g9DDgif
188,"I Like Me Better",Lauv,4887599,https://open.spotify.com/track/2P91MQbaiQOfbiz9VqhqKQ
189,"Qué Pena",Maluma,4832509,https://open.spotify.com/track/5099x34vBakWpGkHourFxP
190,Suge,DaBaby,4817888,https://open.spotify.com/track/2gwkD6igEhQbDQegRCcdoB
191,Saint-Tropez,"Post Malone",4796769,https://open.spotify.com/track/05mDaV9Vb3wrzjF6OPZnhq
192,"Blue Christmas","Elvis Presley",4786067,https://open.spotify.com/track/3QiAAp20rPC3dcAtKtMaqQ
193,"All of Me","John Legend",4770253,https://open.spotify.com/track/3U4isOIWM3VvDubwSI3y7a
194,"Living Proof","Camila Cabello",4755572,https://open.spotify.com/track/1jg9clsGCDqOumfS0X5xm9
195,"boyfriend (with Social House)","Ariana Grande",4754501,https://open.spotify.com/track/0Ryd8975WihbObpp5cPW1t
196,"Calma - Remix","Pedro Capó",4739203,https://open.spotify.com/track/5iwz1NiezX7WWjnCgY5TH4
197,"Jocelyn Flores",XXXTENTACION,4734168,https://open.spotify.com/track/7m9OqQk4RVRkw9JJdeAw96
198,"i'm so tired...",Lauv,4707951,https://open.spotify.com/track/2iwS33Jfev1QBiuhWVWZHY
199,"3 Nights","Dominic Fike",4692639,https://open.spotify.com/track/1tNJrcVe6gwLEiZCtprs1u
200,"Hollywood's Bleeding","Post Malone",4689780,https://open.spotify.com/track/7sWRlDoTDX8geTR8zzr2vt
