,,,"Note that these figures are generated using a formula that protects against any artificial inflation of chart positions.",
Position,"Track Name",Artist,Streams,URL
1,Beggin',Måneskin,51833305,https://open.spotify.com/track/3Wrjm47oTz2sjIgck11l5e
2,"good 4 u","Olivia Rodrigo",50319030,https://open.spotify.com/track/4ZtFanR9U6ndgddUvNcjcG
3,"Bad Habits","Ed Sheeran",37303889,https://open.spotify.com/track/6PQ88X9TkUIAUIZJHW2upE
4,"MONTERO (Call Me By Your Name)","Lil Nas X",34334459,https://open.spotify.com/track/67BtfxlNbhBmCDR2L2l8qd
5,"Todo De Ti","Rauw Alejandro",33286977,https://open.spotify.com/track/5RwV8BvLfX5injfqYodke9
6,Yonaguni,"Bad Bunny",33163336,https://open.spotify.com/track/2JPLbjOn0wPCngEot2STUS
7,"Kiss Me More (feat. SZA)","Doja Cat",31426239,https://open.spotify.com/track/3DarAbFujv6eYNliUTyqtz
8,"I WANNA BE YOUR SLAVE",Måneskin,28083554,https://open.spotify.com/track/4pt5fDVTg5GhEvEtlz9dKk
9,"Qué Más Pues?","J Balvin",26352868,https://open.spotify.com/track/6hf0RpxTbOprT5nnwzkk8e
10,"Levitating (feat. DaBaby)","Dua Lipa",26195815,https://open.spotify.com/track/5nujrmhLynf4yMoMtj8AQF
11,"Peaches (feat. Daniel Caesar & Giveon)","Justin Bieber",23725509,https://open.spotify.com/track/4iJyoBOLtHqaGxP12qzhQI
12,"deja vu","Olivia Rodrigo",23706623,https://open.spotify.com/track/6HU7h9RYOaPRFeh0R3UeAr
13,Butter,BTS,23229255,https://open.spotify.com/track/2bgTY4UwhfBYhGT4HUYStN
14,"AM Remix","Nio Garcia",23042972,https://open.spotify.com/track/05bfbizlM5AX6Mf1RRyMho
15,traitor,"Olivia Rodrigo",20952576,https://open.spotify.com/track/5CZ40GBx1sQ9agT82CLQCT
16,"Save Your Tears (with Ariana Grande) (Remix)","The Weeknd",20640230,https://open.spotify.com/track/37BZB0z9T8Xu7U3e65qxFy
17,"You Right","Doja Cat",19738847,https://open.spotify.com/track/0k4d5YPDr1r7FX77VdqWez
18,happier,"Olivia Rodrigo",18998490,https://open.spotify.com/track/2tGvwE8GcFKwNdAXMnlbfl
19,"Nicky Jam: Bzrp Music Sessions, Vol. 41",Bizarrap,18555226,https://open.spotify.com/track/03LfOYi0icz4souspZVVhq
20,"drivers license","Olivia Rodrigo",18074652,https://open.spotify.com/track/5wANPM4fQCJwkGd4rN57mH
21,"Leave The Door Open","Bruno Mars",17397969,https://open.spotify.com/track/7MAibcTli4IisCtbHKrGMh
22,"Astronaut In The Ocean","Masked Wolf",16859296,https://open.spotify.com/track/0BGwAKW4u8kWOhWFflZxfl
23,"favorite crime","Olivia Rodrigo",16484193,https://open.spotify.com/track/5JCoSi02qi3jJeHdZXMmR8
24,"Friday (feat. Mufasa & Hypeman) - Dopamine Re-Edit",Riton,15963923,https://open.spotify.com/track/4cG7HUWYHBV6R6tHn1gxrl
25,"Blinding Lights","The Weeknd",15627686,https://open.spotify.com/track/0VjIjW4GlUZAMYd2vXMi3b
26,"Pareja Del Año","Sebastian Yatra",14894327,https://open.spotify.com/track/2rCbl9naJYhaxjLsfx88uM
27,"Build a Bitch","Bella Poarch",14015554,https://open.spotify.com/track/7BoobGhD4x5K96Me0hqC8Q
28,RAPSTAR,"Polo G",13969447,https://open.spotify.com/track/18vXApRmJSgQ6wG2ll9AOg
29,"jealousy, jealousy","Olivia Rodrigo",13225068,https://open.spotify.com/track/0MMyJUC3WNnFS1lit5pTjk
30,"Fiel - Remix",Wisin,13170668,https://open.spotify.com/track/43qcs9NpJhDxtG91zxFkj7
31,DÁKITI,"Bad Bunny",13073573,https://open.spotify.com/track/4MzXwWMhyBbmu6hOcLVD49
32,"Watermelon Sugar","Harry Styles",12747127,https://open.spotify.com/track/6UelLqGlWMcVH1E5c4H7lY
33,"Poblado - Remix","J Balvin",12638129,https://open.spotify.com/track/1WedZeiezCmCEOzLwhx0hV
34,"Heat Waves","Glass Animals",12457530,https://open.spotify.com/track/02MWAaffLxlfxAUY7c5dvx
35,brutal,"Olivia Rodrigo",12086958,https://open.spotify.com/track/6SRsiMl7w1USE4mFqrOhHC
36,"ZITTI E BUONI",Måneskin,12037163,https://open.spotify.com/track/776AftMmFFAWUIEAb3lHhw
37,Dynamite,BTS,12016121,https://open.spotify.com/track/4saklk6nie3yiGePpBwUoc
38,Dinero,"Trinidad Cardona",11855568,https://open.spotify.com/track/3ggtU1ZOKO8ZNiqPNyXGcm
39,"The Business",Tiësto,11629827,https://open.spotify.com/track/6f3Slt0GbA2bPZlz0aIFXN
40,2/Catorce,"Rauw Alejandro",11566494,https://open.spotify.com/track/0PwFN7vRvY80Hnkoew2x3f
41,"Beautiful Mistakes (feat. Megan Thee Stallion)","Maroon 5",11153403,https://open.spotify.com/track/5zFglKYiknIxks8geR8rcL
42,Rasputin,Majestic,10983279,https://open.spotify.com/track/0b18g3G5spr4ZCkz7Y6Q0Q
43,"Mood (feat. iann dior)",24kGoldn,10927768,https://open.spotify.com/track/4jPy3l0RUwlUI9T5XHBW2m
44,"Your Love (9PM)",ATB,10743162,https://open.spotify.com/track/5YaskwnGDZFDRipaqzbwQx
45,"Heartbreak Anniversary",Giveon,10733910,https://open.spotify.com/track/3FAJ6O0NOHQV8Mc5Ri6ENp
46,"Thot Shit","Megan Thee Stallion",10676414,https://open.spotify.com/track/5zNW5ARjYhJQJz1AChP33n
47,"WUSYANAME (feat. Youngboy Never Broke Again & Ty Dolla $ign)","Tyler, The Creator",10360127,https://open.spotify.com/track/5B0kgjHULYJhAQkK5XsMoC
48,"Heartbreak Anthem (with David Guetta & Little Mix)",Galantis,10195564,https://open.spotify.com/track/5K6Ssv4Z3zRvxt0P6EKUAP
49,"Ain't Shit","Doja Cat",10086024,https://open.spotify.com/track/5lAnYvAIkSDNXqfo7DyFUm
50,Miénteme,TINI,9967080,https://open.spotify.com/track/0cOa970mzTWAxKtltpkpLc
51,"Save Your Tears","The Weeknd",9926599,https://open.spotify.com/track/5QO79kh1waicV47BqGRL3g
52,"Leave Before You Love Me (with Jonas Brothers)",Marshmello,9563617,https://open.spotify.com/track/4qu63nuBpdn0qHUHuObEj1
53,"EL MAKINON","KAROL G",9484000,https://open.spotify.com/track/2FSGUA0gFgGeQdprjtGM2M
54,"Don't Start Now","Dua Lipa",9299338,https://open.spotify.com/track/3PfIrDoz19wz7qK7tYeu62
55,Fiel,"Los Legendarios",9253917,https://open.spotify.com/track/7Bk0uXKk1uPT0XuQbpFzvs
56,Run,OneRepublic,9212635,https://open.spotify.com/track/2UbVnbE5FH6008mAm6Mmgw
57,"Wants and Needs (feat. Lil Baby)",Drake,9113772,https://open.spotify.com/track/65OVbaJR5O1RmwOQx0875b
58,telepatía,"Kali Uchis",9033201,https://open.spotify.com/track/6tDDoYIxWvMLTdKpjFkc1B
59,"Goosebumps - Remix","Travis Scott",8897348,https://open.spotify.com/track/5uEYRdEIh9Bo4fpjDd4Na9
60,"Someone You Loved","Lewis Capaldi",8880547,https://open.spotify.com/track/7qEHsqek33rTcFNT9PFqLf
61,Arcade,"Duncan Laurence",8791238,https://open.spotify.com/track/1J14CdDAvBTE1AJYUOwl6C
62,"Botella Tras Botella","Gera MX",8769242,https://open.spotify.com/track/2MnLkFqY9Rpg9s3Zv6ZJdK
63,Freaks,"Surf Curse",8673605,https://open.spotify.com/track/7EkWXAI1wn8Ii883ecd9xr
64,"enough for you","Olivia Rodrigo",8389514,https://open.spotify.com/track/2TOzTqQXNmR2zDJXihjZ2e
65,"t r a n s p a r e n t s o u l feat. Travis Barker",WILLOW,8377667,https://open.spotify.com/track/1QL7nSDZCwZMnbisV4KOXt
66,"Hold On","Justin Bieber",8313092,https://open.spotify.com/track/1nahzW3kfMuwReTka28tH5
67,"Meu Pedaço de Pecado","João Gomes",8303653,https://open.spotify.com/track/2kJRlOyrxsy7Ot3c5TZ8Q6
68,"Ramenez la coupe à la maison",Vegedream,8291139,https://open.spotify.com/track/1m0UFnuTktOkksvjbF9z0m
69,BED,"Joel Corry",8252974,https://open.spotify.com/track/0siYMEsGrzzzlWLXK5zJfS
70,"Sweater Weather","The Neighbourhood",8196101,https://open.spotify.com/track/2QjOHCTQ1Jl3zawyYOpxh6
71,Wrecked,"Imagine Dragons",8052694,https://open.spotify.com/track/2d1MywHy6FwKdzxFuSJnwl
72,512,Mora,8043733,https://open.spotify.com/track/5jzEwSyyymBlf1fa1o39T2
73,"Dance Monkey","Tones And I",7979620,https://open.spotify.com/track/1rgnBhdG2JDFTbYkYRZAku
74,"Head & Heart (feat. MNEK)","Joel Corry",7973831,https://open.spotify.com/track/6cx06DFPPHchuUAcTxznu9
75,"Ram Pam Pam","Natti Natasha",7947321,https://open.spotify.com/track/4DHDIdeayp8xvlyg22wREO
76,"Sal y Perrea",Sech,7943316,https://open.spotify.com/track/5u7twkeask1VIyDeNTElSU
77,"Need To Know","Doja Cat",7857482,https://open.spotify.com/track/3Vi5XqYrmQgOYBajMWSvCi
78,"Iko Iko (My Bestie)","Justin Wellington",7695321,https://open.spotify.com/track/7MC4XR9M9amdmKQr2iDF7i
79,"Tiroteo - Remix","Marc Seguí",7625863,https://open.spotify.com/track/4OwhwvKESFtuu06dTgct7i
80,"2:50 Remix",MYA,7578180,https://open.spotify.com/track/74znaWw1hmQBusGPSOuTFy
81,Up,"Cardi B",7443285,https://open.spotify.com/track/1M4OcYkxAtu3ErzSgDEfoi
82,"LA NOCHE DE ANOCHE","Bad Bunny",7413345,https://open.spotify.com/track/2XIc1pqjXV3Cr2BQUGNBck
83,"1 step forward, 3 steps back","Olivia Rodrigo",7336600,https://open.spotify.com/track/4wcBRRpIfesgcyUtis7PEg
84,"WITHOUT YOU","The Kid LAROI",7334545,https://open.spotify.com/track/27OeeYzk6klgBh83TSvGMA
85,"Talking to the Moon","Bruno Mars",7312005,https://open.spotify.com/track/161DnLWsx1i3u1JT05lzqU
86,Levitating,"Dua Lipa",7222572,https://open.spotify.com/track/39LLxExYz6ewLAcYrzQQyP
87,Circles,"Post Malone",7204969,https://open.spotify.com/track/21jGcNKet2qwijlDFuPiPb
88,Reckless,"Madison Beer",7100828,https://open.spotify.com/track/5ajjAnNRh8bxFvaVHzpPjh
89,"Roses - Imanbek Remix","SAINt JHN",7069253,https://open.spotify.com/track/0zLCBJZSiELJf02ucPP9wb
90,Bandido,"Myke Towers",7025957,https://open.spotify.com/track/1xK1Gg9SxG8fy2Ya373oqb
91,"Lost Cause","Billie Eilish",7024277,https://open.spotify.com/track/2xdwCJLfKCkat14mlgR26M
92,positions,"Ariana Grande",7013364,https://open.spotify.com/track/35mvY5S1H3J2QZyna3TFe0
93,"We're Good","Dua Lipa",6972480,https://open.spotify.com/track/1diS6nkxMQc3wwC4G1j0bh
94,"Before You Go","Lewis Capaldi",6968949,https://open.spotify.com/track/2gMXnyrvIjhVBUZwvLZDMP
95,911,Sech,6825127,https://open.spotify.com/track/2p2Q23iaaPSEa1tI6TsCVX
96,"Lemonade (feat. Gunna, Don Toliver & NAV)","Internet Money",6809642,https://open.spotify.com/track/7hxHWCCAIIxFLCzvDgnQHX
97,"Best Friend (feat. Doja Cat)",Saweetie,6803092,https://open.spotify.com/track/20BOju91NaEFK5Py4VJ2pp
98,"Shape of You","Ed Sheeran",6799207,https://open.spotify.com/track/7qiZfU4dY1lWllzX7mPBI3
99,Believer,"Imagine Dragons",6791783,https://open.spotify.com/track/0pqnGHJpmpxLKifKRmU6WP
100,Streets,"Doja Cat",6779287,https://open.spotify.com/track/60ynsPSSKe6O3sfwRnIBRf
101,"Wasting Time ( feat. Drake )","Brent Faiyaz",6731106,https://open.spotify.com/track/48WidxP9CqyYtk97pwGZ3c
102,"By Your Side (feat. Tom Grennan)","Calvin Harris",6608824,https://open.spotify.com/track/0vR2rIVORmgeKiGIgNT0fV
103,"Não, Não Vou","Mari Fernandez",6587265,https://open.spotify.com/track/0xBQvhJAm6f7J142ympKOn
104,"Sunflower - Spider-Man: Into the Spider-Verse","Post Malone",6576771,https://open.spotify.com/track/0RiRZpuVRbi7oqRdSMwhQY
105,"ROCKSTAR (feat. Roddy Ricch)",DaBaby,6504998,https://open.spotify.com/track/7ytR5pFWmSjzHJIeQkgog4
106,"lovely (with Khalid)","Billie Eilish",6503803,https://open.spotify.com/track/0u2P5u6lvoDfwTYjAADbn4
107,Runaway,AURORA,6495445,https://open.spotify.com/track/1v1oIWf2Xgh54kIWuKsDf6
108,Perfect,"Ed Sheeran",6442063,https://open.spotify.com/track/0tgVpDi06FyKpA1z0VMD4v
109,"Baila Conmigo (with Rauw Alejandro)","Selena Gomez",6437159,https://open.spotify.com/track/079Ey5uxL04AKPQgVQwx5h
110,"Little Bit of Love","Tom Grennan",6423678,https://open.spotify.com/track/3Iba59sFmGhQ4kbCY5L8AX
111,"In Da Getto","J Balvin",6414152,https://open.spotify.com/track/63aj87TQG6F3RVO5nbG2VQ
112,"Body (Remix) [feat. ArrDee, E1 (3x3), ZT (3x3), Bugzy Malone, Buni, Fivio Foreign & Darkoo]","Tion Wayne",6397305,https://open.spotify.com/track/6uvMKqNlrSvcC4NaKnrwjZ
113,Sommergewitter,Pashanim,6392139,https://open.spotify.com/track/2H7jZg2HliuQhZjfBblLrZ
114,Loco,"Justin Quiles",6385944,https://open.spotify.com/track/6PDlkWmrq2ZKiUuFt2aQsH
115,"Cover Me In Sunshine",P!nk,6374344,https://open.spotify.com/track/0UKUfxIkDAMZz7hMdiVX3m
116,Señorita,"Shawn Mendes",6351553,https://open.spotify.com/track/6v3KW9xbzN5yKLt9YKDYA2
117,"you broke me first","Tate McRae",6342877,https://open.spotify.com/track/45bE4HXI0AwGZXfZtMp8JR
118,"Late At Night","Roddy Ricch",6304339,https://open.spotify.com/track/1fxYz1s15pyZLsJT0Hdh1m
119,"Another Love","Tom Odell",6273397,https://open.spotify.com/track/7jtQIBanIiJOMS6RyCx6jZ
120,"Miss The Rage (feat. Playboi Carti)","Trippie Redd",6181634,https://open.spotify.com/track/2BITQ360Knh6qNAOqR7Dyq
121,Memories,"Maroon 5",6122422,https://open.spotify.com/track/4cktbXiXOapiLBMprHFErI
122,"hope ur ok","Olivia Rodrigo",6093406,https://open.spotify.com/track/1zejeOnykpCoyVSit6Bwp3
123,"Calling My Phone","Lil Tjay",6092703,https://open.spotify.com/track/3J8EOeKLTLXORtWPpOU5bE
124,AM,"Nio Garcia",6077522,https://open.spotify.com/track/2dNhNlpZAtV4lwAFW45LIv
125,"Paradise (feat. Dermot Kennedy)",MEDUZA,6023943,https://open.spotify.com/track/6ft4hAq6yde8jPZY2i5zLr
126,Bipolar,"Mc Davi",5994410,https://open.spotify.com/track/0qxLQ6opocOGyFnlXqJ53x
127,"Daddy Issues","The Neighbourhood",5988979,https://open.spotify.com/track/5E30LdtzQTGqRvNd7l6kG5
128,Heather,"Conan Gray",5986367,https://open.spotify.com/track/4xqrdfXkTW4T0RauPLv3WA
129,"No Me Conocen (Remix) [con DUKI, Rei & Tiago PZK]",BANDIDO,5976747,https://open.spotify.com/track/7COGuXyTr12KvdaYXMqheC
130,Riptide,"Vance Joy",5964745,https://open.spotify.com/track/7yq4Qj7cqayVTp3FF9CWbm
131,"I Don't Do Drugs (feat. Ariana Grande)","Doja Cat",5912293,https://open.spotify.com/track/0FFsgUoFibYISzMxuGS61W
132,"Renegade (feat. Taylor Swift)","Big Red Machine",5876058,https://open.spotify.com/track/1aU1wpYBSpP0M6IiihY5Ue
133,"Volta Bebê, Volta Neném","Dj Guuga",5870285,https://open.spotify.com/track/4wQUopWk9Ed7Ng5qpKN5qd
134,"Wasted Love (feat. Lagique)",Ofenbach,5833896,https://open.spotify.com/track/2pPO9YecZimmuVQfIzfV6U
135,"Baby Me Atende","Matheus Fernandes",5828531,https://open.spotify.com/track/5R9KPXQVeyqsHZoPLMgfNy
136,Hawái,Maluma,5822408,https://open.spotify.com/track/1yoMvmasuxZfqHEipJhRbp
137,"Bohemian Rhapsody - Remastered 2011",Queen,5810584,https://open.spotify.com/track/4u7EnebtmKWzUH433cf5Qv
138,goosebumps,"Travis Scott",5789376,https://open.spotify.com/track/6gBFPUFcJLzWGx4lenP6h2
139,Shallow,"Lady Gaga",5759898,https://open.spotify.com/track/2VxeLyX666F8uXCJ0dZF8B
140,Alcohol-Free,TWICE,5758961,https://open.spotify.com/track/3iPbmpKBMflYd7UjdYftoj
141,"Take Me To Church",Hozier,5721795,https://open.spotify.com/track/3dYD57lRAUcMHufyqn9GcI
142,"Ball If I Want To",DaBaby,5714775,https://open.spotify.com/track/0cu0rhnlCnJ7JIeHRiLpj3
143,"Follow You","Imagine Dragons",5679082,https://open.spotify.com/track/7FdUvDkaE24o3FPIWTvzv2
144,"Dreams - 2004 Remaster","Fleetwood Mac",5671669,https://open.spotify.com/track/0ofHAoxe9vBkTCp2UQIavz
145,"WAP (feat. Megan Thee Stallion)","Cardi B",5656634,https://open.spotify.com/track/4Oun2ylbjFKMPTiaSbbCih
146,34+35,"Ariana Grande",5653307,https://open.spotify.com/track/6Im9k8u9iIzKMrmV7BWtlF
147,"Red Light Green Light",DaBaby,5652129,https://open.spotify.com/track/1YDebgap5OFwXEBG18NJvy
148,"Tell Em",Cochise,5639206,https://open.spotify.com/track/7nc7mlSdWYeFom84zZ8Wr8
149,"bad guy","Billie Eilish",5631211,https://open.spotify.com/track/2Fxmhks0bxGSBdJ92vM42m
150,"The Nights",Avicii,5621742,https://open.spotify.com/track/0ct6r3EGTcMLPtrXHDvVjc
151,"Lucid Dreams","Juice WRLD",5563134,https://open.spotify.com/track/285pBltuF7vW8TeWk8hdRR
152,Yellow,Coldplay,5527728,https://open.spotify.com/track/3AJwUDP919kvQ9QcozQPxg
153,"Wake Me Up",Avicii,5512661,https://open.spotify.com/track/0nrRP2bk19rLc0orkWPQk2
154,"Say You Won't Let Go","James Arthur",5484469,https://open.spotify.com/track/5uCax9HTNlzGybIStD3vDh
155,"Mr. Brightside","The Killers",5450209,https://open.spotify.com/track/003vvx7Niy0yvhvHt4a68B
156,"Adore You","Harry Styles",5448137,https://open.spotify.com/track/3jjujdWJ72nww5eGnfs2E7
157,"Smells Like Teen Spirit",Nirvana,5421684,https://open.spotify.com/track/1f3yAtsJtY87CTmM8RLnxf
158,"Não Nasceu pra Namorar","MC Zaquin",5418911,https://open.spotify.com/track/6pQKUKBpwr6GhfhcFFFozo
159,"JUGGERNAUT (feat. Lil Uzi Vert & Pharrell Williams)","Tyler, The Creator",5392334,https://open.spotify.com/track/7z4xW9WY86uH3gd1V9pfCM
160,Holiday,KSI,5384305,https://open.spotify.com/track/6nV2dFZXpv1JlqDWBeTXRl
161,"death bed (coffee for your head)",Powfu,5361658,https://open.spotify.com/track/7eJMfftS33KTjuF7lTsMCx
162,"Counting Stars",OneRepublic,5351747,https://open.spotify.com/track/2tpWsVSb9UEmDRxAl1zhX1
163,"All Eyes On Me","Bo Burnham",5347263,https://open.spotify.com/track/3rV5y8rcQrwRt9fWGLmjOQ
164,"EVERY CHANCE I GET (feat. Lil Baby & Lil Durk)","DJ Khaled",5321544,https://open.spotify.com/track/1EJIcDYXwSqipW5dFe4uJz
165,"Good Days",SZA,5307124,https://open.spotify.com/track/3YJJjQPAbDT7mGpX3WtQ9A
166,"Another One Bites The Dust - Remastered 2011",Queen,5264599,https://open.spotify.com/track/5vdp5UmvTsnMEMESIF2Ym7
167,"Dick (feat. Doja Cat)",StarBoi3,5258628,https://open.spotify.com/track/3nY8AqaMNNHHLYV4380ol0
168,"For The Night (feat. Lil Baby & DaBaby)","Pop Smoke",5257152,https://open.spotify.com/track/0PvFJmanyNQMseIFrU708S
169,"Faz Amor Comigo Só Hoje - Ao Vivo","Israel & Rodolffo",5254618,https://open.spotify.com/track/7Kba4OaxQFQ1zlknQUpNqN
170,"One Dance",Drake,5252870,https://open.spotify.com/track/1zi7xx7UVEFkmKfv06H8x0
171,"What You Know Bout Love","Pop Smoke",5244548,https://open.spotify.com/track/1tkg4EHVoqnhR6iFEXb60y
172,"Every Breath You Take","The Police",5239157,https://open.spotify.com/track/1JSTJqkT5qHq8MDJnJbRE1
173,"Solar Power",Lorde,5234112,https://open.spotify.com/track/3KdoeNlEN0BoAKWzaRLNZa
174,Aloha,Maluma,5200116,https://open.spotify.com/track/5RAIMjdrCEjpjaR5tBATXU
175,"MI FAI IMPAZZIRE",BLANCO,5194011,https://open.spotify.com/track/1x3Qb8np6S1UvpSLthwEJN
176,"Martin & Gina","Polo G",5182724,https://open.spotify.com/track/1VLtjHwRWOVJiE5Py7JxoQ
177,"7 rings","Ariana Grande",5163502,https://open.spotify.com/track/6ocbgoVGwYJhOv1GgI9NsF
178,"Ride It",Regard,5159845,https://open.spotify.com/track/2tnVG71enUj33Ic2nFN6kZ
179,"Breaking Me",Topic,5155455,https://open.spotify.com/track/3H7ihDc1dqLriiWXwsc2po
180,"All of Me","John Legend",5153066,https://open.spotify.com/track/3U4isOIWM3VvDubwSI3y7a
181,"As the World Caves In","Sarah Cothran",5149618,https://open.spotify.com/track/7LAmsNJpBaNvNg7VZPXxSv
182,"Your Power","Billie Eilish",5135380,https://open.spotify.com/track/5qNh5WtzMbfpSj2jLlBkoD
183,"Me Fije","Alex Rose",5122712,https://open.spotify.com/track/6Et5KimMg3IXwD6lJPGmQw
184,"Sexo Virtual","Rauw Alejandro",5114701,https://open.spotify.com/track/0giiXonRhODYy4J1iy4Lb3
185,"Ficha Limpa","Gusttavo Lima",5100026,https://open.spotify.com/track/5SwyN9hzmWjBsINlif8li8
186,"His & Hers (feat. Don Toliver, Lil Uzi Vert & Gunna)","Internet Money",5086639,https://open.spotify.com/track/2IePEfMAtqWS6rLXXFZIgI
187,"Our Song",Anne-Marie,5068705,https://open.spotify.com/track/5zqObw7wjBgL9TDiAymxPn
188,"Love Tonight - Edit",Shouse,5036244,https://open.spotify.com/track/6OufwUcCqo81guU2jAlDVP
189,"Lieben wir","Shirin David",5029898,https://open.spotify.com/track/49gzU1IS1B6P3GATSZ5eCE
190,Whoopty,CJ,5013017,https://open.spotify.com/track/1t9WgS8FN0534tLBRwbaxO
191,"Batom de Cereja - Ao Vivo","Israel & Rodolffo",5011753,https://open.spotify.com/track/2MZQAvsA7aZDssppBLRxYp
192,"Prisoner (feat. Dua Lipa)","Miley Cyrus",5005018,https://open.spotify.com/track/2Oycxb8QbPkpHTo8ZrmG0B
193,"Stereo Hearts (feat. Adam Levine)","Gym Class Heroes",4992345,https://open.spotify.com/track/0qOnSQQF0yzuPWsXrQ9paz
194,"Here's Your Perfect","Jamie Miller",4981946,https://open.spotify.com/track/2aTKrdenCq5qBOoJPFdn4P
195,Reloj,"Rauw Alejandro",4980155,https://open.spotify.com/track/4loQgPwJHocL3dFwLfjb1J
196,Closer,"The Chainsmokers",4979533,https://open.spotify.com/track/7BKLCZ1jbUBVqRi2FVlTVw
197,malibu,sangiovanni,4973063,https://open.spotify.com/track/01hEpx8jnOG4q7nDK14Rhi
198,"Eladio Carrion: Bzrp Music Sessions, Vol. 40",Bizarrap,4965913,https://open.spotify.com/track/1VauUM5CBX7nkLcgafQL2B
199,"The Real Slim Shady",Eminem,4943359,https://open.spotify.com/track/3yfqSUWxFvZELEM4PmlwIR
200,"Do I Wanna Know?","Arctic Monkeys",4938586,https://open.spotify.com/track/3rq5w4bQGigXOfdN30ATJt
