,,,"Note that these figures are generated using a formula that protects against any artificial inflation of chart positions.",
Position,"Track Name",Artist,Streams,URL
1,rockstar,"Post Malone",30769464,https://open.spotify.com/track/7wGoVu4Dady5GV0Sv4UIsx
2,Havana,"Camila Cabello",26213719,https://open.spotify.com/track/0ofbQMrRDsUaVKq2mGLEAb
3,"New Rules","Dua Lipa",22842546,https://open.spotify.com/track/2ekn2ttSfGqwhhate0LSR0
4,"River (feat. Ed Sheeran)",Eminem,22115164,https://open.spotify.com/track/5UEnHoDYpsxlfzWLZIc7LD
5,Wolves,"Selena Gomez",20800608,https://open.spotify.com/track/7EmGUiUaOSGDnUUQUDrOXC
6,Perfect,"Ed Sheeran",18357808,https://open.spotify.com/track/0tgVpDi06FyKpA1z0VMD4v
7,"Échame La Culpa","Luis Fonsi",18074719,https://open.spotify.com/track/1zsG4eaZmkA1dvjDDsAGLK
8,"Shape of You","Ed Sheeran",17570858,https://open.spotify.com/track/7qiZfU4dY1lWllzX7mPBI3
9,"What Lovers Do (feat. SZA)","Maroon 5",17477163,https://open.spotify.com/track/3hBBKuWJfxlIlnd9QFoC8k
10,"Him & I (with Halsey)",G-Eazy,17462783,https://open.spotify.com/track/5k38wzpLb15YgncyWdTZE4
11,"Let You Down",NF,17282065,https://open.spotify.com/track/6mrKP2jyIQmM0rw6fQryjr
12,"Gucci Gang","Lil Pump",15921790,https://open.spotify.com/track/43ZyHQITOjhciSUUNPVRHc
13,"Too Good At Goodbyes","Sam Smith",15502779,https://open.spotify.com/track/1mXVgsBdtIVeCLJnSnmtdV
14,Silence,Marshmello,15112294,https://open.spotify.com/track/7vGuf3Y35N4wmASOKLUVVU
15,"Perfect Duet (Ed Sheeran & Beyoncé)","Ed Sheeran",14996086,https://open.spotify.com/track/1bhUWB0zJMIKr9yVPrkEuI
16,"I Fall Apart","Post Malone",14395657,https://open.spotify.com/track/75ZvA4QfFiZvzhj2xkaWAh
17,Corazón,Maluma,13600157,https://open.spotify.com/track/4lESS6vuruP6a79KWRaQou
18,"Dusk Till Dawn - Radio Edit",ZAYN,12978460,https://open.spotify.com/track/1j4kHkkpqZRBwE0A4CN4Yv
19,"Let Me Go (with Alesso, Florida Georgia Line & watt)","Hailee Steinfeld",12977633,https://open.spotify.com/track/5AEtlRudpgdT5FtNiuly6Y
20,"No Limit",G-Eazy,12557918,https://open.spotify.com/track/2DQ1ITjI0YoLFzuADN1ZBW
21,Downtown,Anitta,12243044,https://open.spotify.com/track/3Ga6eKrUFf12ouh9Yw3v2D
22,Criminal,"Natti Natasha",12012034,https://open.spotify.com/track/6Za3190Sbw39BBC77WSS1C
23,"Young Dumb & Broke",Khalid,11926151,https://open.spotify.com/track/5Z3GHaZ6ec9bsiI5BenrbY
24,Thunder,"Imagine Dragons",11665009,https://open.spotify.com/track/0tKcYR2II1VCQWT79i5NrW
25,Sensualidad,"Bad Bunny",11626025,https://open.spotify.com/track/5hcisvFMidkMJlElTO9Qmw
26,"Mi Gente","J Balvin",11451420,https://open.spotify.com/track/2rb5MvYT7ZIxbKW5hfcHx8
27,"Meant to Be (feat. Florida Georgia Line)","Bebe Rexha",11337902,https://open.spotify.com/track/7iDa6hUg2VgEL1o1HjmfBn
28,"Bartier Cardi (feat. 21 Savage)","Cardi B",11285907,https://open.spotify.com/track/75FDPwaULRdYDn4StFN2rT
29,"Despacito - Remix","Luis Fonsi",11169945,https://open.spotify.com/track/5CtI0qwDJkDQGwXD1H1cLb
30,"XO Tour Llif3","Lil Uzi Vert",11110774,https://open.spotify.com/track/7GX5flRQZVHRAGd6B4TmDO
31,"How Long","Charlie Puth",11011585,https://open.spotify.com/track/32DGGj6KlNuBr6WaqRxpxi
32,"Feel It Still","Portugal. The Man",10920312,https://open.spotify.com/track/6QgjcU0zLnzq5OrUoSZ3OK
33,"I Miss You (feat. Julia Michaels)","Clean Bandit",10694252,https://open.spotify.com/track/2xmrfQpmS2iJExTlklLoAL
34,Unforgettable,"French Montana",10572262,https://open.spotify.com/track/3B54sVLJ402zGa6Xm4YGNe
35,1-800-273-8255,Logic,10215136,https://open.spotify.com/track/5tz69p7tJuGPeMGwNTxYuV
36,"Candy Paint","Post Malone",10164294,https://open.spotify.com/track/42CeaId2XNlxugDvyqHfDf
37,"Me Rehúso","Danny Ocean",10109248,https://open.spotify.com/track/6De0lHrwBfPfrhorm9q1Xl
38,"Se Preparó",Ozuna,10079450,https://open.spotify.com/track/1m69ELEgE6k5ZWsap40ozt
39,Congratulations,"Post Malone",10019761,https://open.spotify.com/track/3a1lNhkSLSkpJE4MSHpDu9
40,Stargazing,Kygo,9792452,https://open.spotify.com/track/0Zbbxnx4SGGHoIow4PpISP
41,"Déjala Que Vuelva (feat. Manuel Turizo)","Piso 21",9677603,https://open.spotify.com/track/33bnxcjePIkcmNjEFTJX0l
42,Mayores,"Becky G",9523877,https://open.spotify.com/track/7JNh1cfm0eXjqFVOzKLyau
43,"Man's Not Hot","Big Shaq",9408776,https://open.spotify.com/track/2nUJvBO87SkxCViQsLc9Zr
44,HUMBLE.,"Kendrick Lamar",9374115,https://open.spotify.com/track/7KXjTSCq5nL1LoYtL7XAwS
45,"Ric Flair Drip (& Metro Boomin)",Offset,9282390,https://open.spotify.com/track/7sO5G9EABYOXQKNPNiE9NR
46,"Vai malandra (feat. Tropkillaz & DJ Yuri Martins)",Anitta,9186447,https://open.spotify.com/track/6u0EAxf1OJTLS7CvInuNd7
47,"Something Just Like This","The Chainsmokers",9034798,https://open.spotify.com/track/6RUKPb4LETWmmr3iAEQktW
48,"So Far Away (feat. Jamie Scott & Romy Dya)","Martin Garrix",8711976,https://open.spotify.com/track/0OlnLZY4cmQzT6ZGttvWBM
49,"Never Be the Same","Camila Cabello",8588867,https://open.spotify.com/track/6VpQdig9pdpTSIFItgkJV5
50,"Bank Account","21 Savage",8575541,https://open.spotify.com/track/2fQrGHiQOvpL9UgPvtYy6G
51,Attention,"Charlie Puth",8474396,https://open.spotify.com/track/4iLqG9SeJSnt0cSPICSjxv
52,Anywhere,"Rita Ora",8222440,https://open.spotify.com/track/7EI6Iki24tBHAMxtb4xQN2
53,"More Than You Know","Axwell /\ Ingrosso",7994741,https://open.spotify.com/track/71bBFbfn2OBK5QwUJSLS44
54,"Havana - Remix","Camila Cabello",7771750,https://open.spotify.com/track/3whrwq4DtvucphBPUogRuJ
55,"Sorry Not Sorry","Demi Lovato",7696064,https://open.spotify.com/track/3m660poUr1chesgkkjQM7P
56,"Lonely Together (feat. Rita Ora)",Avicii,7670636,https://open.spotify.com/track/2OALaHcDdKkjYEpAr0Qzab
57,"Perro Fiel (feat. Nicky Jam)",Shakira,7597732,https://open.spotify.com/track/70lnL3QaSOIIyMa2X9aVRL
58,"All Falls Down (feat. Juliander)","Alan Walker",7499091,https://open.spotify.com/track/5yFSF6qQA1rcLsQRnBsZgb
59,Believer,"Imagine Dragons",7271716,https://open.spotify.com/track/0CcQNd8CINkwQfe1RDtGV6
60,"I Like Me Better",Lauv,7238310,https://open.spotify.com/track/1wjzFQodRWrPcQ0AnYnvQ9
61,"Tip Toe (feat. French Montana)","Jason Derulo",7200977,https://open.spotify.com/track/2z4pcBLQXF2BXKFvd0BuB6
62,"Que Va","Alex Sensation",7088995,https://open.spotify.com/track/7ofxPmTNMj2GP07g1VZa0O
63,MotorSport,Migos,7085441,https://open.spotify.com/track/1YZfcVLbbJwfizR5cDOp3q
64,"Bodak Yellow","Cardi B",7034863,https://open.spotify.com/track/2771LMNxwf62FTAdpJMQfM
65,"There's Nothing Holdin' Me Back","Shawn Mendes",6929306,https://open.spotify.com/track/79cuOz3SPQTuFrp8WgftAu
66,"Codeine Dreaming (feat. Lil Wayne)","Kodak Black",6857634,https://open.spotify.com/track/4DTpngLjoHj5gFxEZFeD3J
67,"Home (with Machine Gun Kelly, X Ambassadors & Bebe Rexha)","Machine Gun Kelly",6853150,https://open.spotify.com/track/0OI7AFifLSoGzpb8bdBLLV
68,"Báilame - Remix",Nacho,6751639,https://open.spotify.com/track/3VClLWqNn80Llv0PJOsKgr
69,"Felices los 4",Maluma,6738010,https://open.spotify.com/track/0qYTZCo5Bwh1nsUFGZP3zn
70,"Symphony (feat. Zara Larsson)","Clean Bandit",6665747,https://open.spotify.com/track/1x5sYLZiu9r5E43kMlt9f8
71,"Bum Bum Tam Tam","MC Fioti",6664769,https://open.spotify.com/track/4zWO4gvuFtw6EJZC5FFGlr
72,Closer,"The Chainsmokers",6656029,https://open.spotify.com/track/7BKLCZ1jbUBVqRi2FVlTVw
73,"Friends (with BloodPop®)","Justin Bieber",6620450,https://open.spotify.com/track/7nZmah2llfvLDiUjm0kiyz
74,"PICK IT UP (feat. A$AP Rocky)","Famous Dex",6429729,https://open.spotify.com/track/3ncgNpxLoBQ65ABk4djDyd
75,"Plain Jane","A$AP Ferg",6393108,https://open.spotify.com/track/4dVpf9jZjcORqGTLUaeYj9
76,"Escápate Conmigo (feat. Ozuna)",Wisin,6372956,https://open.spotify.com/track/1KSqYYJFyfTecXFk9M0prc
77,"Suena El Dembow","Joey Montana",6289780,https://open.spotify.com/track/5TysCiZtv1HnSWcTcUFusI
78,"Tell Me You Love Me","Demi Lovato",6288296,https://open.spotify.com/track/5Htb1uFQ1KrkFXlefS8oGj
79,"I'm the One (feat. Justin Bieber, Quavo, Chance the Rapper & Lil Wayne)","DJ Khaled",6261548,https://open.spotify.com/track/3DXncPQOG4VBw3QHh3S817
80,"Despacito (Featuring Daddy Yankee)","Luis Fonsi",6230684,https://open.spotify.com/track/4aWmUDTfIPGksMNLV2rQP2
81,"Feels (feat. Pharrell Williams, Katy Perry & Big Sean)","Calvin Harris",6205486,https://open.spotify.com/track/5bcTCxgc7xVfSaMV3RuVke
82,"LOVE. FEAT. ZACARI.","Kendrick Lamar",6190848,https://open.spotify.com/track/6PGoSes0D9eUDeeAafB2As
83,"Strip That Down","Liam Payne",6174585,https://open.spotify.com/track/6EpRaXYhGOB3fj4V2uDkMJ
84,"One Dance",Drake,6137340,https://open.spotify.com/track/1xznGGDReH1oQq0xzbwXa3
85,"Jocelyn Flores",XXXTENTACION,6137178,https://open.spotify.com/track/7m9OqQk4RVRkw9JJdeAw96
86,"Robarte un Beso","Carlos Vives",6052497,https://open.spotify.com/track/0JcNysfWVWaMS7R6vzGB2k
87,"Say You Won't Let Go","James Arthur",6026012,https://open.spotify.com/track/5uCax9HTNlzGybIStD3vDh
88,"Galway Girl","Ed Sheeran",6024090,https://open.spotify.com/track/0afhq8XCExXpqazXczTSve
89,"Bad At Love",Halsey,5999503,https://open.spotify.com/track/7y9iMe8SOB6z3NoHE2OfXl
90,goosebumps,"Travis Scott",5983422,https://open.spotify.com/track/6gBFPUFcJLzWGx4lenP6h2
91,"Wild Thoughts (feat. Rihanna & Bryson Tiller)","DJ Khaled",5969539,https://open.spotify.com/track/1OAh8uOEOvTDqkKFsKksCi
92,Betrayed,"Lil Xan",5943900,https://open.spotify.com/track/6NWl2m8asvH83xjuXVNsuG
93,"Sky Walker (feat. Travis Scott)",Miguel,5834794,https://open.spotify.com/track/5WoaF1B5XIEnWfmb5NZikf
94,"MIC Drop (feat. Desiigner) [Steve Aoki Remix]",BTS,5818022,https://open.spotify.com/track/7Ed6BkggCS2KaKY5YlINaF
95,"It Ain't Me (with Selena Gomez)",Kygo,5793719,https://open.spotify.com/track/3eR23VReFzcdmS7TYCrhCe
96,"BUTTERFLY EFFECT","Travis Scott",5776028,https://open.spotify.com/track/1yxgsra98r3qAtxqiGZPiX
97,"That's What I Like","Bruno Mars",5733866,https://open.spotify.com/track/0KKkJNfGyhkQ5aFogxQAPU
98,"Glorious (feat. Skylar Grey)",Macklemore,5677606,https://open.spotify.com/track/0CokSRCu5hZgPxcZBaEzVE
99,"Swalla (feat. Nicki Minaj & Ty Dolla $ign)","Jason Derulo",5666536,https://open.spotify.com/track/6kex4EBAj0WHXDKZMEJaaF
100,Location,Khalid,5612166,https://open.spotify.com/track/152lZdxL1OR0ZMW6KquMif
101,"Real Friends","Camila Cabello",5550953,https://open.spotify.com/track/4V6MRo0CEAC9MwAm7dkPuL
102,Mama,"Jonas Blue",5550897,https://open.spotify.com/track/0NiXXAI876aGImAd6rTj8w
103,Bonita,"J Balvin",5524615,https://open.spotify.com/track/693iqPOQvhI7PobtR8CC8v
104,Vuelve,"Daddy Yankee",5474517,https://open.spotify.com/track/0lJCqIx5BhZtf6QtYI2fbv
105,"End Game","Taylor Swift",5463387,https://open.spotify.com/track/2x0WlnmfG39ZuDmstl9xfX
106,SUTRA,"Sebastian Yatra",5445062,https://open.spotify.com/track/5TmZYdHW6HJ9gt7Aokuql5
107,Naked,"James Arthur",5380264,https://open.spotify.com/track/7krbSH3rd8lhIZvuzTV3Bl
108,"Look What You Made Me Do","Taylor Swift",5360192,https://open.spotify.com/track/5troof8mcGO3AafoDbk1gc
109,"Bella y Sensual","Romeo Santos",5337616,https://open.spotify.com/track/0ERbK7qVqveCaBWIiYCrl3
110,"I Get the Bag (feat. Migos)","Gucci Mane",5237620,https://open.spotify.com/track/1XRgIKC5TPwo7nWGyKqgG0
111,"Dirty Sexy Money (feat. Charli XCX & French Montana)","David Guetta",5155306,https://open.spotify.com/track/0tPQPaOKM32WgMSbPCYyRH
112,"Mask Off",Future,5133585,https://open.spotify.com/track/0VgkVdmE4gld66l8iyGjgx
113,Bella,Wolfine,5130171,https://open.spotify.com/track/4R55IUi2x7S5ek2SpebOiE
114,Stay,Zedd,5107347,https://open.spotify.com/track/0I20rLT2MJDhcF96AjbNYo
115,"Whatever It Takes","Imagine Dragons",5037261,https://open.spotify.com/track/4IWAyPf1KMq7JCyGeCjTeH
116,Photograph,"Ed Sheeran",4936598,https://open.spotify.com/track/6fxVffaTuwjgEk5h9QyRjy
117,"Una Lady Como Tú","Manuel Turizo",4936442,https://open.spotify.com/track/7MHN1aCFtLXjownGhvEQlF
118,"What About Us",P!nk,4924822,https://open.spotify.com/track/0Qh38w01QRXK6KHIv0e3hb
119,"Pretty Girl - Cheat Codes X CADE Remix","Maggie Lindemann",4856058,https://open.spotify.com/track/1NDxZ7cFAo481dtYWdrUnR
120,IDGAF,"Dua Lipa",4847913,https://open.spotify.com/track/76cy1WJvNGJTj78UqeA5zr
121,"Without You (feat. Sandro Cavazza)",Avicii,4843562,https://open.spotify.com/track/6WbADFqMvR8N5u0BvtsWQE
122,"Go Flex","Post Malone",4834620,https://open.spotify.com/track/5yuShbu70mtHXY0yLzCQLQ
123,"Mi Gente (feat. Beyoncé)","J Balvin",4821810,https://open.spotify.com/track/7fwXWKdDNI5IutOMc5OKYw
124,"I Don’t Wanna Live Forever (Fifty Shades Darker) - From ""Fifty Shades Darker (Original Motion Picture Soundtrack)""",ZAYN,4766664,https://open.spotify.com/track/3NdDpSvN911VPGivFlV5d0
125,Starboy,"The Weeknd",4707366,https://open.spotify.com/track/5aAx2yezTd8zXrkmtKl66Z
126,"Rewrite The Stars","Zac Efron",4693532,https://open.spotify.com/track/630sXRhIcfwr2e4RdNtjKN
127,"Castle on the Hill","Ed Sheeran",4680307,https://open.spotify.com/track/6PCUP3dWmTjcTtXY02oFdT
128,"3 A.M.","Jesse & Joy",4634747,https://open.spotify.com/track/0yyZN5ASdrYu0XYWFzfxUu
129,Wait,"Maroon 5",4628567,https://open.spotify.com/track/1Qg9jWGDkKAGZXj5v2OG59
130,"This Is Me","Keala Settle",4598787,https://open.spotify.com/track/2xGjteMU3E1tkEPVFBO08U
131,"Ahora Dice","Chris Jedi",4580081,https://open.spotify.com/track/22eADXu8DfOAUEDw4vU8qy
132,"Thinking out Loud","Ed Sheeran",4551127,https://open.spotify.com/track/1Slwb6dOYkBlWal1PGtnNg
133,"Rockabye (feat. Sean Paul & Anne-Marie)","Clean Bandit",4532232,https://open.spotify.com/track/5knuzwU65gJK7IF5yJsuaW
134,"Wanted You (feat. Lil Uzi Vert)",NAV,4515164,https://open.spotify.com/track/790MhTXPFrYkrqCKvpg4t1
135,"Scared to Be Lonely","Martin Garrix",4501582,https://open.spotify.com/track/3ebXMykcMXOcLeJ9xZ17XH
136,Sober,G-Eazy,4497031,https://open.spotify.com/track/3qk4wRMDlaeagZGjSYbsOV
137,Issues,"Julia Michaels",4474397,https://open.spotify.com/track/7vu0JkJh0ldukEYbTVcqd0
138,"Fuck Love (feat. Trippie Redd)",XXXTENTACION,4439642,https://open.spotify.com/track/7AQim7LbvFVZJE3O8TYgf2
139,"2U (feat. Justin Bieber)","David Guetta",4431451,https://open.spotify.com/track/3A7qX2QjDlPnazUsRk5y0M
140,"Billie Jean","Michael Jackson",4317606,https://open.spotify.com/track/5ChkMS8OtdzJeqyybCc9R5
141,"Roll in Peace (feat. XXXTENTACION)","Kodak Black",4304946,https://open.spotify.com/track/40oKW22ZNNkEdZLJTScaQI
142,Passionfruit,Drake,4303794,https://open.spotify.com/track/7hDc8b7IXETo14hHIHdnhd
143,"Slippery (feat. Gucci Mane)",Migos,4289203,https://open.spotify.com/track/6p8NuHm8uCGnn2Dtbtf7zE
144,Redbone,"Childish Gambino",4272585,https://open.spotify.com/track/3kxfsdsCpFgN412fpnW85Y
145,"White Iverson","Post Malone",4262115,https://open.spotify.com/track/6eT7xZZlB2mwyzJ2sUKG6w
146,"Slow Hands","Niall Horan",4252974,https://open.spotify.com/track/38yBBH2jacvDxrznF7h08J
147,"Reggaetón Lento (Remix)",CNCO,4239142,https://open.spotify.com/track/5PB8zB1MOZASboLquvinMF
148,"Tú Foto",Ozuna,4226122,https://open.spotify.com/track/5zSOVwaY3sVjnmLhuEfsuf
149,"Back to You (feat. Bebe Rexha & Digital Farm Animals)","Louis Tomlinson",4224318,https://open.spotify.com/track/7F9vK8hNFMml4GtHsaXui6
150,"Stir Fry",Migos,4215012,https://open.spotify.com/track/4fndbjoz1qJyK6JcLdKfzm
151,"I Feel It Coming","The Weeknd",4205686,https://open.spotify.com/track/5GXAXm5YOmYT0kL5jHvYBt
152,"Don't Let Me Down (feat. Daya)","The Chainsmokers",4203824,https://open.spotify.com/track/0QsvXIfqM0zZoerQfsI9lm
153,"Explícale (feat. Bad Bunny)",Yandel,4198799,https://open.spotify.com/track/1LszjjoVwDDZcWUQbzeDLG
154,"No Promises (feat. Demi Lovato)","Cheat Codes",4154823,https://open.spotify.com/track/1louJpMmzEicAn7lzDalPW
155,"Can't Hold Us - feat. Ray Dalton","Macklemore & Ryan Lewis",4152363,https://open.spotify.com/track/3bidbhpOYeV4knp8AIu8Xn
156,Saint,"Huncho Jack",4148336,https://open.spotify.com/track/7foypmc7KZyU716Yv63BPe
157,Paris,"The Chainsmokers",4139525,https://open.spotify.com/track/72jbDTw1piOOj770jWNeaG
158,"Ghostface Killers","21 Savage",4123876,https://open.spotify.com/track/5u6vkDnOyaf8LsteDAj2ub
159,"Your Song","Rita Ora",4106819,https://open.spotify.com/track/4c2W3VKsOFoIg2SFaO6DY5
160,Happier,"Ed Sheeran",4097335,https://open.spotify.com/track/2RttW7RAu5nOAfq6YFvApB
161,"Too Much To Ask","Niall Horan",4082904,https://open.spotify.com/track/4v094LQ9eF10k2O2Te2ngK
162,"Slide (feat. Frank Ocean & Migos)","Calvin Harris",4081388,https://open.spotify.com/track/7tr2za8SQg2CI8EDgrdtNl
163,"The Greatest Show","Hugh Jackman",4068016,https://open.spotify.com/track/43ay9lQZ5rfNcOOHhRF2cM
164,"Walk On Water (feat. Beyoncé)",Eminem,4059471,https://open.spotify.com/track/5PIBgH1cUFwu5IiUk9tnN9
165,DNA.,"Kendrick Lamar",4051265,https://open.spotify.com/track/6HZILIRieu8S0iqY8kIKhj
166,"A Different Way (with Lauv)","DJ Snake",4041480,https://open.spotify.com/track/0Wv5wuenRLI3BcwgT3HPIP
167,"The Way Life Goes (feat. Oh Wonder)","Lil Uzi Vert",4031694,https://open.spotify.com/track/2eAZfqOm4EnOF9VvN50Tyc
168,"Cheap Thrills",Sia,3967889,https://open.spotify.com/track/27SdWb2rFzO6GWiYDBTD9j
169,"Olha a Explosão","MC Kevinho",3840017,https://open.spotify.com/track/6m2LNopVJKsvBB9l7Z1rwn
170,"24K Magic","Bruno Mars",3810339,https://open.spotify.com/track/6b8Be6ljOzmkOmFslEb23P
171,Dreamer,"Axwell /\ Ingrosso",3792747,https://open.spotify.com/track/0RTzJVkunbGwuRjXDFHnjf
172,"Dubai Shit","Huncho Jack",3781196,https://open.spotify.com/track/6urLjX35oXXRYtcH1b3dCh
173,"El Farsante",Ozuna,3769708,https://open.spotify.com/track/5EId1m4DNwTf3at31w8bPJ
174,"...Ready For It?","Taylor Swift",3729605,https://open.spotify.com/track/2yLa0QULdQr0qAIvVwN6B5
175,"Bad and Boujee (feat. Lil Uzi Vert)",Migos,3711873,https://open.spotify.com/track/4Km5HrUvYTaSUfiSGPJeQR
176,"Never Enough","Loren Allred",3711418,https://open.spotify.com/track/0Gl5s8IhMmQE5YQwM8Qx1J
177,"Pumped Up Kicks","Foster The People",3684926,https://open.spotify.com/track/7w87IxuO7BDcJ3YUqCyMTT
178,"Good Old Days (feat. Kesha)",Macklemore,3660553,https://open.spotify.com/track/2Za1AlJNvksouPPWbXpR2X
179,"There for You","Martin Garrix",3652678,https://open.spotify.com/track/6jA8HL9i4QGzsj6fjoxp8Y
180,"Hey Ya!",Outkast,3635414,https://open.spotify.com/track/2PpruBYCo4H7WOBJ7Q2EwM
181,"Look At Me!",XXXTENTACION,3605275,https://open.spotify.com/track/6eYxmK9fdL4hwLnXG2zY3s
182,"Hey DJ",CNCO,3603304,https://open.spotify.com/track/209gZgcfLq2aUuu51vOWBl
183,"Was du Liebe nennst",Bausa,3600702,https://open.spotify.com/track/4hKWUzhQWsOkgT6LnDEASe
184,"Quiero Repetir",Ozuna,3596188,https://open.spotify.com/track/0MIcPSq9n2z5H8TAfEstri
185,"Sign of the Times","Harry Styles",3582590,https://open.spotify.com/track/5Ohxk2dO5COHF1krpoPigN
186,Chambea,"Bad Bunny",3557919,https://open.spotify.com/track/6ElmxV9B2mSNscEjP27M7i
187,"Síguelo Bailando",Ozuna,3550311,https://open.spotify.com/track/5Y9fnynLlIvqtM710MHzfz
188,Delicate,"Taylor Swift",3544827,https://open.spotify.com/track/6NFyWDv5CjfwuzoCkw47Xf
189,"Lose Yourself - From ""8 Mile"" Soundtrack",Eminem,3542909,https://open.spotify.com/track/7w9bgPAmPTtrkt2v16QWvQ
190,"Loco Enamorado","Abraham Mateo",3518291,https://open.spotify.com/track/4N1c5rmWOzRmB9SMacr5wB
191,"CAN'T STOP THE FEELING! (Original Song from DreamWorks Animation's ""TROLLS"")","Justin Timberlake",3517918,https://open.spotify.com/track/6JV2JOEocMgcZxYSZelKcc
192,"A Million Dreams","Ziv Zaifman",3514340,https://open.spotify.com/track/0RoA7ObU6phWpqhlC9zH4Z
193,"Let Me Love You","DJ Snake",3504950,https://open.spotify.com/track/4pdPtRcBmOSQDlJ3Fk945m
194,GUMMO,6ix9ine,3478052,https://open.spotify.com/track/2vjmyyAnDUzilFYxOlTdO1
195,September,"Earth, Wind & Fire",3476906,https://open.spotify.com/track/1mqlc0vEP9mU1kZgTi6LIQ
196,"La Modelo",Ozuna,3475428,https://open.spotify.com/track/2m2ZGfJcs3lHWNPzhWH3XH
197,"The Weekend - Funk Wav Remix",SZA,3461444,https://open.spotify.com/track/0P6AWOA4LG1XOctzaVu5tt
198,"Agora Vai Sentar","MC's Jhowzinho & Kadinho",3457583,https://open.spotify.com/track/0pDaqgIForVNO4jrtTxcWT
199,"Déjate Llevar","Juan Magán",3445360,https://open.spotify.com/track/3xWEI23MLJrD0dpDcDUTW6
200,"Wonderwall - Remastered",Oasis,3433897,https://open.spotify.com/track/5qqabIl2vWzo9ApSC317sa
