,,,"Note that these figures are generated using a formula that protects against any artificial inflation of chart positions.",
Position,"Track Name",Artist,Streams,URL
1,rockstar,"Post Malone",45176611,https://open.spotify.com/track/7wGoVu4Dady5GV0Sv4UIsx
2,"New Rules","Dua Lipa",25035207,https://open.spotify.com/track/2ekn2ttSfGqwhhate0LSR0
3,"Too Good At Goodbyes - Edit","Sam Smith",23400162,https://open.spotify.com/track/0mel2N9Ws9r4yLQn5QE21Y
4,"Dusk Till Dawn - Radio Edit",ZAYN,22568652,https://open.spotify.com/track/1j4kHkkpqZRBwE0A4CN4Yv
5,Havana,"Camila Cabello",22032273,https://open.spotify.com/track/0ofbQMrRDsUaVKq2mGLEAb
6,1-800-273-8255,Logic,21168832,https://open.spotify.com/track/5tz69p7tJuGPeMGwNTxYuV
7,"What Lovers Do (feat. SZA)","Maroon 5",19275651,https://open.spotify.com/track/4mxWSdf71VFO52qFeY0fZt
8,Silence,Marshmello,18862800,https://open.spotify.com/track/7vGuf3Y35N4wmASOKLUVVU
9,"Mi Gente","J Balvin",18509169,https://open.spotify.com/track/2rb5MvYT7ZIxbKW5hfcHx8
10,Perfect,"Ed Sheeran",18075233,https://open.spotify.com/track/0tgVpDi06FyKpA1z0VMD4v
11,"Look What You Made Me Do","Taylor Swift",16869269,https://open.spotify.com/track/6uFsE1JgZ20EXyU0JQZbUR
12,"Sorry Not Sorry","Demi Lovato",16029077,https://open.spotify.com/track/3m660poUr1chesgkkjQM7P
13,Unforgettable,"French Montana",15911570,https://open.spotify.com/track/3B54sVLJ402zGa6Xm4YGNe
14,"Friends (with BloodPop®)","Justin Bieber",15143908,https://open.spotify.com/track/7nZmah2llfvLDiUjm0kiyz
15,Thunder,"Imagine Dragons",15050217,https://open.spotify.com/track/0tKcYR2II1VCQWT79i5NrW
16,"Young Dumb & Broke",Khalid,15004912,https://open.spotify.com/track/5Z3GHaZ6ec9bsiI5BenrbY
17,"Glorious (feat. Skylar Grey)",Macklemore,14933305,https://open.spotify.com/track/0CokSRCu5hZgPxcZBaEzVE
18,"Shape of You","Ed Sheeran",14839426,https://open.spotify.com/track/7qiZfU4dY1lWllzX7mPBI3
19,"I Fall Apart","Post Malone",14825919,https://open.spotify.com/track/75ZvA4QfFiZvzhj2xkaWAh
20,"Mi Gente (feat. Beyoncé)","J Balvin",14558470,https://open.spotify.com/track/7fwXWKdDNI5IutOMc5OKYw
21,"Jocelyn Flores",XXXTENTACION,14331319,https://open.spotify.com/track/7m9OqQk4RVRkw9JJdeAw96
22,"XO Tour Llif3","Lil Uzi Vert",14154736,https://open.spotify.com/track/7GX5flRQZVHRAGd6B4TmDO
23,"Bodak Yellow","Cardi B",13499177,https://open.spotify.com/track/2771LMNxwf62FTAdpJMQfM
24,"Bank Account","21 Savage",12779603,https://open.spotify.com/track/2fQrGHiQOvpL9UgPvtYy6G
25,Congratulations,"Post Malone",12547174,https://open.spotify.com/track/3a1lNhkSLSkpJE4MSHpDu9
26,Attention,"Charlie Puth",12392662,https://open.spotify.com/track/4iLqG9SeJSnt0cSPICSjxv
27,"Feels (feat. Pharrell Williams, Katy Perry & Big Sean)","Calvin Harris",12307881,https://open.spotify.com/track/5bcTCxgc7xVfSaMV3RuVke
28,Stargazing,Kygo,12070085,https://open.spotify.com/track/0Zbbxnx4SGGHoIow4PpISP
29,"Lonely Together (feat. Rita Ora)",Avicii,11708555,https://open.spotify.com/track/2OALaHcDdKkjYEpAr0Qzab
30,"Feel It Still","Portugal. The Man",11538659,https://open.spotify.com/track/6QgjcU0zLnzq5OrUoSZ3OK
31,"Me Rehúso","Danny Ocean",11451870,https://open.spotify.com/track/6De0lHrwBfPfrhorm9q1Xl
32,"Without You (feat. Sandro Cavazza)",Avicii,11242698,https://open.spotify.com/track/6WbADFqMvR8N5u0BvtsWQE
33,"More Than You Know","Axwell /\ Ingrosso",11182659,https://open.spotify.com/track/3PEgB3fkiojxms35ntsTgs
34,"Gucci Gang","Lil Pump",11048137,https://open.spotify.com/track/43ZyHQITOjhciSUUNPVRHc
35,"Back to You (feat. Bebe Rexha & Digital Farm Animals)","Louis Tomlinson",10982506,https://open.spotify.com/track/7F9vK8hNFMml4GtHsaXui6
36,"What About Us",P!nk,10980788,https://open.spotify.com/track/31MkGwj0SWgZaTvEt5Hgxv
37,"Despacito - Remix","Luis Fonsi",10969164,https://open.spotify.com/track/5CtI0qwDJkDQGwXD1H1cLb
38,HUMBLE.,"Kendrick Lamar",10839510,https://open.spotify.com/track/7KXjTSCq5nL1LoYtL7XAwS
39,"I Like Me Better",Lauv,10602780,https://open.spotify.com/track/1wjzFQodRWrPcQ0AnYnvQ9
40,"Strip That Down","Liam Payne",10305979,https://open.spotify.com/track/6EpRaXYhGOB3fj4V2uDkMJ
41,"Wild Thoughts (feat. Rihanna & Bryson Tiller)","DJ Khaled",10154068,https://open.spotify.com/track/1OAh8uOEOvTDqkKFsKksCi
42,"Se Preparó",Ozuna,10074215,https://open.spotify.com/track/1m69ELEgE6k5ZWsap40ozt
43,Mama,"Jonas Blue",9900008,https://open.spotify.com/track/0NiXXAI876aGImAd6rTj8w
44,"There's Nothing Holdin' Me Back","Shawn Mendes",9878488,https://open.spotify.com/track/79cuOz3SPQTuFrp8WgftAu
45,"How Long","Charlie Puth",9818878,https://open.spotify.com/track/32DGGj6KlNuBr6WaqRxpxi
46,Pray,"Sam Smith",9335237,https://open.spotify.com/track/0D8ZpOXVjapLXrjz5VfZSD
47,Mayores,"Becky G",9179323,https://open.spotify.com/track/7JNh1cfm0eXjqFVOzKLyau
48,Believer,"Imagine Dragons",9074783,https://open.spotify.com/track/0CcQNd8CINkwQfe1RDtGV6
49,"Felices los 4",Maluma,9035114,https://open.spotify.com/track/0qYTZCo5Bwh1nsUFGZP3zn
50,"The Way Life Goes (feat. Oh Wonder)","Lil Uzi Vert",9028458,https://open.spotify.com/track/2eAZfqOm4EnOF9VvN50Tyc
51,"Something Just Like This","The Chainsmokers",8730273,https://open.spotify.com/track/6RUKPb4LETWmmr3iAEQktW
52,"Let Me Go (with Alesso, Florida Georgia Line & watt)","Hailee Steinfeld",8510552,https://open.spotify.com/track/5AEtlRudpgdT5FtNiuly6Y
53,Bonita,"J Balvin",8377631,https://open.spotify.com/track/693iqPOQvhI7PobtR8CC8v
54,"Let You Down",NF,8100866,https://open.spotify.com/track/52okn5MNA47tk87PeZJLEL
55,"Homemade Dynamite (Feat. Khalid, Post Malone & SZA) - REMIX",Lorde,7897754,https://open.spotify.com/track/69Naniu2KjKjaQOBUagE8U
56,"2U (feat. Justin Bieber)","David Guetta",7858613,https://open.spotify.com/track/3A7qX2QjDlPnazUsRk5y0M
57,Criminal,"Natti Natasha",7801326,https://open.spotify.com/track/2SmgFAhQkQCQPyBiBxR6Te
58,"Too Much To Ask","Niall Horan",7740369,https://open.spotify.com/track/3hRZsdTF5uyGA2uhNqEuhm
59,"BUTTERFLY EFFECT","Travis Scott",7711606,https://open.spotify.com/track/1yxgsra98r3qAtxqiGZPiX
60,"Reggaetón Lento (Remix)",CNCO,7639403,https://open.spotify.com/track/3zoYkqS4y2BsGVShPL2nTE
61,"Good Old Days (feat. Kesha)",Macklemore,7483143,https://open.spotify.com/track/2Za1AlJNvksouPPWbXpR2X
62,Questions,"Chris Brown",7386209,https://open.spotify.com/track/5XQMr19TL7Mfksq9zihbOu
63,"I'm the One (feat. Justin Bieber, Quavo, Chance the Rapper & Lil Wayne)","DJ Khaled",7385493,https://open.spotify.com/track/3DXncPQOG4VBw3QHh3S817
64,"Báilame - Remix",Nacho,7371711,https://open.spotify.com/track/3VClLWqNn80Llv0PJOsKgr
65,"Escápate Conmigo",Wisin,7334677,https://open.spotify.com/track/2cnKEkpVUSV4wnjQiTWfH6
66,"I Get The Bag (feat. Migos)","Gucci Mane",6937893,https://open.spotify.com/track/1HTtUBEY3tuw2btgwwI2Ja
67,Location,Khalid,6935128,https://open.spotify.com/track/152lZdxL1OR0ZMW6KquMif
68,"Robarte un Beso","Carlos Vives",6781096,https://open.spotify.com/track/4z3GJkrtH97Bj6fRta983T
69,"Despacito (Featuring Daddy Yankee)","Luis Fonsi",6714452,https://open.spotify.com/track/4aWmUDTfIPGksMNLV2rQP2
70,"Una Lady Como Tú","Manuel Turizo",6695368,https://open.spotify.com/track/7MHN1aCFtLXjownGhvEQlF
71,"Swalla (feat. Nicki Minaj & Ty Dolla $ign)","Jason Derulo",6640203,https://open.spotify.com/track/6kex4EBAj0WHXDKZMEJaaF
72,goosebumps,"Travis Scott",6622814,https://open.spotify.com/track/6gBFPUFcJLzWGx4lenP6h2
73,"Your Song","Rita Ora",6611773,https://open.spotify.com/track/4c2W3VKsOFoIg2SFaO6DY5
74,"Go Flex","Post Malone",6490817,https://open.spotify.com/track/5yuShbu70mtHXY0yLzCQLQ
75,"Que Va","Alex Sensation",6488382,https://open.spotify.com/track/7ofxPmTNMj2GP07g1VZa0O
76,"Meant to Be (feat. Florida Georgia Line)","Bebe Rexha",6379945,https://open.spotify.com/track/7iDa6hUg2VgEL1o1HjmfBn
77,"Fuck Love (feat. Trippie Redd)",XXXTENTACION,6242738,https://open.spotify.com/track/7AQim7LbvFVZJE3O8TYgf2
78,"Slow Hands","Niall Horan",6219906,https://open.spotify.com/track/167NczpNbRF7oWakJaY3Hh
79,"Bad At Love",Halsey,6210951,https://open.spotify.com/track/7y9iMe8SOB6z3NoHE2OfXl
80,"Say You Won't Let Go","James Arthur",6188131,https://open.spotify.com/track/5uCax9HTNlzGybIStD3vDh
81,"...Ready For It?","Taylor Swift",6139423,https://open.spotify.com/track/19WjVVgXjdKXfLXoaDPwTM
82,"A Different Way (with Lauv)","DJ Snake",6067464,https://open.spotify.com/track/0Wv5wuenRLI3BcwgT3HPIP
83,"There for You","Martin Garrix",6056872,https://open.spotify.com/track/6jA8HL9i4QGzsj6fjoxp8Y
84,"Roll in Peace (feat. XXXTENTACION)","Kodak Black",5893847,https://open.spotify.com/track/40oKW22ZNNkEdZLJTScaQI
85,"Ahora Dice","Chris Jedi",5880334,https://open.spotify.com/track/22eADXu8DfOAUEDw4vU8qy
86,"Symphony (feat. Zara Larsson)","Clean Bandit",5783829,https://open.spotify.com/track/1x5sYLZiu9r5E43kMlt9f8
87,DNA,BTS,5729133,https://open.spotify.com/track/5SE57ljOIUJ1ybL9U6CuBH
88,"Help Me Out (with Julia Michaels)","Maroon 5",5727868,https://open.spotify.com/track/2uSLx5uwRIhiA3sJJraNqX
89,"Mask Off",Future,5698645,https://open.spotify.com/track/3rOSwuTsUlJp0Pu0MkN8r8
90,"Tú Foto",Ozuna,5664481,https://open.spotify.com/track/5zSOVwaY3sVjnmLhuEfsuf
91,"Suena El Dembow","Joey Montana",5648725,https://open.spotify.com/track/5TysCiZtv1HnSWcTcUFusI
92,"Love Galore (feat. Travis Scott)",SZA,5586138,https://open.spotify.com/track/0q75NwOoFiARAVp4EXU4Bs
93,"It Ain't Me (with Selena Gomez)",Kygo,5515627,https://open.spotify.com/track/3eR23VReFzcdmS7TYCrhCe
94,"Pretty Girl - Cheat Codes X CADE Remix","Maggie Lindemann",5487260,https://open.spotify.com/track/1NDxZ7cFAo481dtYWdrUnR
95,"Drowning (feat. Kodak Black)","A Boogie Wit da Hoodie",5485599,https://open.spotify.com/track/1f5cbQtDrykjarZVrShaDI
96,"That's What I Like","Bruno Mars",5442462,https://open.spotify.com/track/0KKkJNfGyhkQ5aFogxQAPU
97,"If I'm Lucky","Jason Derulo",5395915,https://open.spotify.com/track/6eUncuJutsFi9BGO1JaBHh
98,"Galway Girl","Ed Sheeran",5357326,https://open.spotify.com/track/0afhq8XCExXpqazXczTSve
99,"Slippery (feat. Gucci Mane)",Migos,5355773,https://open.spotify.com/track/6p8NuHm8uCGnn2Dtbtf7zE
100,"Rake It Up","Yo Gotti",5338859,https://open.spotify.com/track/6c7D34787LOtPm8tzhsLgH
101,"Everybody Dies In Their Nightmares",XXXTENTACION,5299989,https://open.spotify.com/track/3GVkPk8mqxz0itaAriG1L7
102,"No Promises (feat. Demi Lovato)","Cheat Codes",5163589,https://open.spotify.com/track/1louJpMmzEicAn7lzDalPW
103,Closer,"The Chainsmokers",5144388,https://open.spotify.com/track/7BKLCZ1jbUBVqRi2FVlTVw
104,"Explícale (feat. Bad Bunny)",Yandel,5125876,https://open.spotify.com/track/1LszjjoVwDDZcWUQbzeDLG
105,"White Iverson","Post Malone",5120004,https://open.spotify.com/track/6eT7xZZlB2mwyzJ2sUKG6w
106,Redbone,"Childish Gambino",5110682,https://open.spotify.com/track/3kxfsdsCpFgN412fpnW85Y
107,"Stay (with Alessia Cara)",Zedd,5081103,https://open.spotify.com/track/0dA2Mk56wEzDgegdC6R17g
108,"Hey DJ",CNCO,5019813,https://open.spotify.com/track/209gZgcfLq2aUuu51vOWBl
109,DNA.,"Kendrick Lamar",4916277,https://open.spotify.com/track/6HZILIRieu8S0iqY8kIKhj
110,Transportin',"Kodak Black",4899836,https://open.spotify.com/track/1WIZiOuNO3woKfdlSK2gNn
111,"Plain Jane","A$AP Ferg",4879570,https://open.spotify.com/track/4dVpf9jZjcORqGTLUaeYj9
112,"I Don’t Wanna Live Forever (Fifty Shades Darker) - From ""Fifty Shades Darker (Original Motion Picture Soundtrack)""",ZAYN,4875498,https://open.spotify.com/track/3NdDpSvN911VPGivFlV5d0
113,"Perro Fiel (feat. Nicky Jam)",Shakira,4860513,https://open.spotify.com/track/70lnL3QaSOIIyMa2X9aVRL
114,"El Farsante",Ozuna,4853424,https://open.spotify.com/track/5EId1m4DNwTf3at31w8bPJ
115,"Rich Love (with Seeb)",OneRepublic,4817431,https://open.spotify.com/track/7aF09WaavZAmAWuUeYxlYD
116,OK,"Robin Schulz",4775988,https://open.spotify.com/track/3bWAqKDWg6u1davspr5IkS
117,"Krippy Kush",Farruko,4743100,https://open.spotify.com/track/7FfpP3YZ6fOWMdxkIAtud9
118,"Bella y Sensual","Romeo Santos",4622712,https://open.spotify.com/track/0ERbK7qVqveCaBWIiYCrl3
119,Starboy,"The Weeknd",4615351,https://open.spotify.com/track/5aAx2yezTd8zXrkmtKl66Z
120,Photograph,"Ed Sheeran",4594188,https://open.spotify.com/track/6fxVffaTuwjgEk5h9QyRjy
121,Issues,"Julia Michaels",4549770,https://open.spotify.com/track/6D0b04NJIKfEMg040WioJQ
122,"Would You Ever",Skrillex,4547942,https://open.spotify.com/track/57p8CBvPOxrvyCbn6ttl5r
123,Malibu,"Miley Cyrus",4525595,https://open.spotify.com/track/1UZOjK1BwmwWU14Erba9CZ
124,"Swish Swish","Katy Perry",4435087,https://open.spotify.com/track/2kVHAQKVtczchKctctzbtK
125,Passionfruit,Drake,4399422,https://open.spotify.com/track/7hDc8b7IXETo14hHIHdnhd
126,"One Dance",Drake,4392518,https://open.spotify.com/track/1xznGGDReH1oQq0xzbwXa3
127,Magnolia,"Playboi Carti",4358825,https://open.spotify.com/track/1e1JKLEDKP7hEQzJfNAgPl
128,"Thinking out Loud","Ed Sheeran",4357846,https://open.spotify.com/track/1Slwb6dOYkBlWal1PGtnNg
129,"The Race",Tay-K,4306864,https://open.spotify.com/track/5RCfvwDewu6p2x1mEI6smX
130,"Know No Better (feat. Travis Scott, Camila Cabello & Quavo)","Major Lazer",4303867,https://open.spotify.com/track/3Ytr1SUCUi6J3L9dRFx5iH
131,"Look At Me!",XXXTENTACION,4295265,https://open.spotify.com/track/7floNISpH8VF4z4459Qo18
132,"Fetish (feat. Gucci Mane)","Selena Gomez",4284761,https://open.spotify.com/track/0XLOf9LhyazPX9Ld8jPiUq
133,"3 A.M.","Jesse & Joy",4281041,https://open.spotify.com/track/0yyZN5ASdrYu0XYWFzfxUu
134,Praying,Kesha,4247052,https://open.spotify.com/track/0jdny0dhgjUwoIp5GkqEaA
135,"Loco Enamorado","Abraham Mateo",4191580,https://open.spotify.com/track/4N1c5rmWOzRmB9SMacr5wB
136,"Easy Love",Lauv,4189508,https://open.spotify.com/track/2ZE3DJuizYTad2S4CvRRhK
137,"OMG (feat. Quavo)","Camila Cabello",4160880,https://open.spotify.com/track/4xBjsLUSjcx2h7PcRikpQp
138,"I Feel It Coming","The Weeknd",4156318,https://open.spotify.com/track/5GXAXm5YOmYT0kL5jHvYBt
139,"Scared to Be Lonely","Martin Garrix",4155660,https://open.spotify.com/track/3ebXMykcMXOcLeJ9xZ17XH
140,"Rockabye (feat. Sean Paul & Anne-Marie)","Clean Bandit",4152298,https://open.spotify.com/track/5knuzwU65gJK7IF5yJsuaW
141,"LOVE. FEAT. ZACARI.","Kendrick Lamar",4137892,https://open.spotify.com/track/6PGoSes0D9eUDeeAafB2As
142,"Relationship (feat. Future)","Young Thug",3990254,https://open.spotify.com/track/25oOaleife6E2MIKmFkPvg
143,"Body Like A Back Road","Sam Hunt",3989067,https://open.spotify.com/track/7mldq42yDuxiUNn08nvzHO
144,"LOYALTY. FEAT. RIHANNA.","Kendrick Lamar",3924489,https://open.spotify.com/track/6SwRhMLwNqEi6alNPVG00n
145,"Lose Yourself - From ""8 Mile"" Soundtrack",Eminem,3919494,https://open.spotify.com/track/5Z01UMMf7V1o0MzF86s6WJ
146,"Most Girls","Hailee Steinfeld",3916541,https://open.spotify.com/track/2mfUa8bLs2s5N4VaqJZ4lZ
147,Vuelve,"Daddy Yankee",3913782,https://open.spotify.com/track/0lJCqIx5BhZtf6QtYI2fbv
148,"Como Antes (feat. Wisin)",Yandel,3907956,https://open.spotify.com/track/5YzA563GXTuwQaRq24z1k5
149,"Candy Paint","Post Malone",3895860,https://open.spotify.com/track/4wdZdkEugVVorAfzqRqC6N
150,"Stay With Me","Sam Smith",3882379,https://open.spotify.com/track/5Db9VIdDsN5yu3Eu7CT0i4
151,"Sign of the Times","Harry Styles",3880036,https://open.spotify.com/track/5Ohxk2dO5COHF1krpoPigN
152,"Mr. Brightside","The Killers",3861834,https://open.spotify.com/track/7oK9VyNzrYvRFo7nQEYkWN
153,"Castle on the Hill","Ed Sheeran",3851231,https://open.spotify.com/track/6PCUP3dWmTjcTtXY02oFdT
154,"We Don't Talk Anymore (feat. Selena Gomez)","Charlie Puth",3832655,https://open.spotify.com/track/68EMU2RD1ECNeOeJ5qAXCV
155,"Si Tú La Ves (feat. Wisin)","Nicky Jam",3832626,https://open.spotify.com/track/4yN6xPLopmTLvc27pO9LIE
156,"Slide (feat. Frank Ocean & Migos)","Calvin Harris",3828019,https://open.spotify.com/track/7tr2za8SQg2CI8EDgrdtNl
157,"do re mi (feat. Gucci Mane)",blackbear,3824827,https://open.spotify.com/track/53mrVsi49rLHIaKBiSvElG
158,"The Last Of The Real Ones","Fall Out Boy",3804651,https://open.spotify.com/track/7cQMJ0wDqVS5iM0JIvP6Ay
159,"Sola (Remix) [feat. Daddy Yankee, Wisin, Farruko, Zion & Lennox]","Anuel AA",3795531,https://open.spotify.com/track/5q2JbCNi4FcnglgPfxcV65
160,"I Just Can't",R3HAB,3744346,https://open.spotify.com/track/3gfmFoJgmn9LiIj5mV8oSS
161,"Wonderwall - Remastered",Oasis,3737929,https://open.spotify.com/track/5qqabIl2vWzo9ApSC317sa
162,"It's A Vibe","2 Chainz",3724104,https://open.spotify.com/track/6H0AwSQ20mo62jGlPGB8S6
163,"iSpy (feat. Lil Yachty)",KYLE,3710726,https://open.spotify.com/track/2EEeOnHehOozLq4aS0n6SL
164,"La Rompe Corazones","Daddy Yankee",3707835,https://open.spotify.com/track/4okba5wu9mMLXx79DXLKi3
165,"'Till I Collapse",Eminem,3694081,https://open.spotify.com/track/6yr8GiTHWvFfi4o6Q5ebdT
166,"Ahora Me Llama","KAROL G",3692863,https://open.spotify.com/track/61HHDBLqF3AmSvLfHKNGd2
167,Happier,"Ed Sheeran",3687702,https://open.spotify.com/track/2RttW7RAu5nOAfq6YFvApB
168,"Solo Dance","Martin Jensen",3680696,https://open.spotify.com/track/6HUnnBwYZqcED1eQztxMBN
169,"Otra vez (feat. J Balvin)","Zion & Lennox",3663146,https://open.spotify.com/track/3QwBODjSEzelZyVjxPOHdq
170,Paris,"The Chainsmokers",3658583,https://open.spotify.com/track/72jbDTw1piOOj770jWNeaG
171,"Me llamas (feat. Maluma) - Remix","Piso 21",3647596,https://open.spotify.com/track/5hEM0JchdVzQ5PwvSfITeX
172,"Let Me Love You","DJ Snake",3637989,https://open.spotify.com/track/4pdPtRcBmOSQDlJ3Fk945m
173,"The Scientist",Coldplay,3625083,https://open.spotify.com/track/75JFxkI2RXiU7L9VXzMkle
174,"What Ifs (feat. Lauren Alaina)","Kane Brown",3614088,https://open.spotify.com/track/7zVCrzzEJU7u24sbJPXA5W
175,"Bad and Boujee (feat. Lil Uzi Vert)",Migos,3608386,https://open.spotify.com/track/4Km5HrUvYTaSUfiSGPJeQR
176,"Treat You Better","Shawn Mendes",3607592,https://open.spotify.com/track/4Hf7WnR761jpxPr5D46Bcd
177,Boss,"Lil Pump",3592368,https://open.spotify.com/track/1rsAFUCa6BVMgRQ3FCQQsi
178,"Man's Not Hot","Big Shaq",3585108,https://open.spotify.com/track/2nUJvBO87SkxCViQsLc9Zr
179,Instruction,"Jax Jones",3574247,https://open.spotify.com/track/2ytH5wDuqhgLTiDVYioteq
180,"Crying in the Club","Camila Cabello",3545869,https://open.spotify.com/track/1SJtlNRJDeYHioymcvsqev
181,"Me Enamoré",Shakira,3509121,https://open.spotify.com/track/4qknM1pQz53QOyfDVTjcM9
182,"Sigo Extrañándote","J Balvin",3498948,https://open.spotify.com/track/6qDF4wWL49CAVbgT7yuHl8
183,"Don't Let Me Down (feat. Daya)","The Chainsmokers",3484317,https://open.spotify.com/track/0QsvXIfqM0zZoerQfsI9lm
184,"No Limit",G-Eazy,3478252,https://open.spotify.com/track/2Xqd0wUttjueBfdcltADOv
185,"The Spectre","Alan Walker",3435022,https://open.spotify.com/track/2DGa7iaidT5s0qnINlwMjJ
186,Signs,Drake,3429663,https://open.spotify.com/track/5EnYT6F7wEcdege6mDHEfO
187,Starving,"Hailee Steinfeld",3421339,https://open.spotify.com/track/6875MeXyCW0wLyT72Eetmo
188,"In the End","Linkin Park",3401486,https://open.spotify.com/track/60a0Rd6pjrkxjPbaKzXjfq
189,"Chantaje (feat. Maluma)",Shakira,3391735,https://open.spotify.com/track/6mICuAdrwEjh6Y6lroV2Kg
190,"Bad Liar","Selena Gomez",3388472,https://open.spotify.com/track/1sCxVKWImDZSZKvG0U9B23
191,"I'm Not The Only One","Sam Smith",3381474,https://open.spotify.com/track/0fioLzGM8ngbD1w6fMmm45
192,"24K Magic","Bruno Mars",3373499,https://open.spotify.com/track/6b8Be6ljOzmkOmFslEb23P
193,"Sauce It Up","Lil Uzi Vert",3359504,https://open.spotify.com/track/1uL78kFWxhz3umTMWJu8n5
194,"Love Yourself","Justin Bieber",3342976,https://open.spotify.com/track/3hB5DgAiMAQ4DzYbsMq1IT
195,"New Freezer (feat. Kendrick Lamar)","Rich The Kid",3307700,https://open.spotify.com/track/4pYZLpX23Vx8rwDpJCpPTA
196,"Curve (feat. The Weeknd)","Gucci Mane",3301382,https://open.spotify.com/track/1tp1xMJ1uaOktksskS0Fzs
197,wokeuplikethis*,"Playboi Carti",3297298,https://open.spotify.com/track/59J5nzL1KniFHnU120dQzt
198,"First Time",Kygo,3287540,https://open.spotify.com/track/2Gl0FzuLxflY6nPifJp5Dr
199,"CAN'T STOP THE FEELING! (Original Song from DreamWorks Animation's ""TROLLS"")","Justin Timberlake",3269256,https://open.spotify.com/track/6JV2JOEocMgcZxYSZelKcc
200,"Now Or Never",Halsey,3266162,https://open.spotify.com/track/7i2DJ88J7jQ8K7zqFX2fW8
