,,,"Note that these figures are generated using a formula that protects against any artificial inflation of chart positions.",
Position,"Track Name",Artist,Streams,URL
1,"WAP (feat. Megan Thee Stallion)","Cardi B",41933823,https://open.spotify.com/track/4Oun2ylbjFKMPTiaSbbCih
2,"Mood (feat. iann dior)",24kGoldn,39888834,https://open.spotify.com/track/3tjFYV6RSFtuktYl3ZtYcq
3,Hawái,Maluma,34192033,https://open.spotify.com/track/1yoMvmasuxZfqHEipJhRbp
4,Dynamite,BTS,27962670,https://open.spotify.com/track/0t1kP63rueHleOhQkYSXFY
5,"Watermelon Sugar","Harry Styles",25237621,https://open.spotify.com/track/6UelLqGlWMcVH1E5c4H7lY
6,"Blinding Lights","The Weeknd",25078277,https://open.spotify.com/track/0VjIjW4GlUZAMYd2vXMi3b
7,"Savage Love (Laxed - Siren Beat)","Jawsh 685",24513500,https://open.spotify.com/track/1xQ6trAsedVPCdbtDAmk0c
8,"ROCKSTAR (feat. Roddy Ricch)",DaBaby,23199458,https://open.spotify.com/track/7ytR5pFWmSjzHJIeQkgog4
9,"Lemonade (feat. Gunna, Don Toliver & NAV)","Internet Money",22618350,https://open.spotify.com/track/2DQNYMRjisN3KAPj1bEwOI
10,"Laugh Now Cry Later (feat. Lil Durk)",Drake,22432951,https://open.spotify.com/track/2SAqBLGA283SUiwJ3xOUVI
11,"For The Night (feat. Lil Baby & DaBaby)","Pop Smoke",20306118,https://open.spotify.com/track/0PvFJmanyNQMseIFrU708S
12,"Head & Heart (feat. MNEK)","Joel Corry",19152664,https://open.spotify.com/track/6cx06DFPPHchuUAcTxznu9
13,Heather,"Conan Gray",18344016,https://open.spotify.com/track/4xqrdfXkTW4T0RauPLv3WA
14,"POPSTAR (feat. Drake)","DJ Khaled",18238487,https://open.spotify.com/track/6EDO9iiTtwNv6waLwa1UUq
15,"you broke me first","Tate McRae",17658459,https://open.spotify.com/track/45bE4HXI0AwGZXfZtMp8JR
16,"Breaking Me",Topic,17474321,https://open.spotify.com/track/3H7ihDc1dqLriiWXwsc2po
17,"Ice Cream (with Selena Gomez)",BLACKPINK,17462680,https://open.spotify.com/track/2J4P46vCFm1rPkNkp9pZWX
18,"Roses - Imanbek Remix","SAINt JHN",17408459,https://open.spotify.com/track/2Wo6QQD1KMDWeFkkjLqwx5
19,"Mood Swings (feat. Lil Tjay)","Pop Smoke",16730803,https://open.spotify.com/track/5rZlwNFl01HqLWBQGryKSm
20,"Ay, DiOs Mío!","KAROL G",16273543,https://open.spotify.com/track/7x4ASXYEKfQBCewcZhK776
21,"UN DIA (ONE DAY) (Feat. Tainy)","J Balvin",15447808,https://open.spotify.com/track/0EhpEsp4L0oRGM0vmeaN5e
22,"Relación - Remix",Sech,14762375,https://open.spotify.com/track/35UUpTmrcFXNIVIN26ujXl
23,"La Curiosidad","Jay Wheeler",14383023,https://open.spotify.com/track/4HYDUMY0xSpeBr0AMY9cUz
24,"Come & Go (with Marshmello)","Juice WRLD",14382547,https://open.spotify.com/track/2Y0wPrPQBrGhoLn14xRYCG
25,"Dance Monkey","Tones And I",13795664,https://open.spotify.com/track/1rgnBhdG2JDFTbYkYRZAku
26,"La Jeepeta - Remix","Nio Garcia",13294696,https://open.spotify.com/track/6bvfJf4KjonPMuPfGfy3S2
27,Caramelo,Ozuna,13255050,https://open.spotify.com/track/5Jm4w8jmPEBTLjI9vH4fXo
28,"Someone You Loved","Lewis Capaldi",13239991,https://open.spotify.com/track/7qEHsqek33rTcFNT9PFqLf
29,"Midnight Sky","Miley Cyrus",13182952,https://open.spotify.com/track/27ycaQnQAxaPiyeg3nr2aB
30,"Tattoo - Remix with Camilo","Rauw Alejandro",13082821,https://open.spotify.com/track/4ZRrLHqzhGRXYj2qcB4s5S
31,"Rain On Me (with Ariana Grande)","Lady Gaga",12619310,https://open.spotify.com/track/7ju97lgwC2rKQ6wwsf9no9
32,"Before You Go","Lewis Capaldi",12465022,https://open.spotify.com/track/2gMXnyrvIjhVBUZwvLZDMP
33,"Wishing Well","Juice WRLD",12090787,https://open.spotify.com/track/2U5WueTLIK5WJLD7mvDODv
34,"WHATS POPPIN (feat. DaBaby, Tory Lanez & Lil Wayne) - Remix","Tory Lanez",12047779,https://open.spotify.com/track/2MbdDtCv5LUVjYy9RuGTgC
35,"Take You Dancing","Jason Derulo",11984962,https://open.spotify.com/track/59qrUpoplZxbIZxk6X0Bm3
36,"death bed (coffee for your head)",Powfu,11895975,https://open.spotify.com/track/7eJMfftS33KTjuF7lTsMCx
37,"Go Crazy","Chris Brown",11768007,https://open.spotify.com/track/1IIKrJVP1C9N7iPtG6eOsK
38,"Agua (with J Balvin) - Music From ""Sponge On The Run"" Movie",Tainy,11156875,https://open.spotify.com/track/1pqnQ41XbfKjaFu6M0eGJp
39,"Smile (with The Weeknd)","Juice WRLD",11095669,https://open.spotify.com/track/6wQlQrTY5mVS8EGaFZVwVF
40,"GREECE (feat. Drake)","DJ Khaled",10971638,https://open.spotify.com/track/35RJhm1pEovTBwnNR0zWad
41,"Don't Start Now","Dua Lipa",10795691,https://open.spotify.com/track/3PfIrDoz19wz7qK7tYeu62
42,"Blueberry Faygo","Lil Mosey",10649910,https://open.spotify.com/track/22LAwLoDA5b4AaGSkg6bKW
43,"Kings & Queens","Ava Max",10344930,https://open.spotify.com/track/76nqCfJOcFFWBJN32PAksn
44,"Break My Heart","Dua Lipa",10206252,https://open.spotify.com/track/017PF4Q3l4DBUiWoXk4OWT
45,"How You Like That",BLACKPINK,10033475,https://open.spotify.com/track/3vAn0qZzdyuHamcrpkfiX3
46,"Djadja (feat. Maluma) - Remix","Aya Nakamura",10006788,https://open.spotify.com/track/13vDU8nPsvTGEVTMB8Vw7g
47,"The Woo (feat. 50 Cent & Roddy Ricch)","Pop Smoke",9796982,https://open.spotify.com/track/1H7KnK26kc1YyellpbINEn
48,"Stuck with U (with Justin Bieber)","Ariana Grande",9727546,https://open.spotify.com/track/4HBZA5flZLE435QTztThqH
49,"ily (i love you baby) (feat. Emilee)","Surf Mesa",9696703,https://open.spotify.com/track/62aP9fBQKYKxi7PDXwcUAS
50,Relación,Sech,9485959,https://open.spotify.com/track/3ZG8N7aWw2meb6UrI5ZmnZ
51,Circles,"Post Malone",9151877,https://open.spotify.com/track/21jGcNKet2qwijlDFuPiPb
52,"Mi Cuarto","Jerry Di",9122447,https://open.spotify.com/track/6fmQjRuo7XvRFCK2qex5hQ
53,"Still Don't Know My Name",Labrinth,8910417,https://open.spotify.com/track/6N22FZs2ZhPBYi3b9XPajV
54,"Toosie Slide",Drake,8785753,https://open.spotify.com/track/466cKvZn1j45IpxDdYZqdA
55,goosebumps,"Travis Scott",8783998,https://open.spotify.com/track/6gBFPUFcJLzWGx4lenP6h2
56,"OK Not To Be OK",Marshmello,8772844,https://open.spotify.com/track/0zzVTGyRrWpQu8Fr28NRAv
57,"Una Locura",Ozuna,8748532,https://open.spotify.com/track/5y7DaS3jAc9eZzcSOoUIwU
58,"The Box","Roddy Ricch",8721565,https://open.spotify.com/track/0nbXyq5TXYPCO7pr3N8S4I
59,"Adore You","Harry Styles",8663125,https://open.spotify.com/track/3jjujdWJ72nww5eGnfs2E7
60,"Mamichula - con Nicki Nicole",Trueno,8582246,https://open.spotify.com/track/4pXW6ZAHBz7ODXTRKklWrM
61,MAMACITA,"Black Eyed Peas",8572320,https://open.spotify.com/track/24IgCW19L8lXKyFZwzFtD3
62,"Ayer Me Llamó Mi Ex (feat. Lenny Santos)",KHEA,8562007,https://open.spotify.com/track/6C6mUonH6MNdSg5pw7kOc9
63,"Mad at Disney","salem ilese",8472100,https://open.spotify.com/track/7aGyRfJWtLqgJaZoG9lJhE
64,"my ex's best friend (with blackbear)","Machine Gun Kelly",8341113,https://open.spotify.com/track/70rFIfYN7lU6iTgUIVP42w
65,"Lucid Dreams","Juice WRLD",8228225,https://open.spotify.com/track/285pBltuF7vW8TeWk8hdRR
66,Tusa,"KAROL G",8148121,https://open.spotify.com/track/7k4t7uLgtOxPwTpFmtJNTY
67,"Sunflower - Spider-Man: Into the Spider-Verse","Post Malone",8132787,https://open.spotify.com/track/0RiRZpuVRbi7oqRdSMwhQY
68,"Party Girl",StaySolidRocky,8123472,https://open.spotify.com/track/3IJYUaN3tx04S4TYyZHKoP
69,Señorita,"Shawn Mendes",8100516,https://open.spotify.com/track/6v3KW9xbzN5yKLt9YKDYA2
70,Memories,"Maroon 5",8094990,https://open.spotify.com/track/2b8fOow8UzyDFAE27YhOZM
71,Falling,"Trevor Daniel",7944403,https://open.spotify.com/track/2rRJrJEo19S2J82BDsQ3F7
72,"HIGHEST IN THE ROOM","Travis Scott",7826408,https://open.spotify.com/track/3eekarcy7kvN4yt5ZFzltW
73,Robbery,"Juice WRLD",7791897,https://open.spotify.com/track/6Hj9jySrnFppAI0sEMCZpJ
74,"Electric Love",BØRNS,7723308,https://open.spotify.com/track/2GiJYvgVaD2HtM8GqD9EgQ
75,"SICKO MODE","Travis Scott",7706476,https://open.spotify.com/track/2xLMifQCjDGFmkHkpNLD9h
76,"Over Now (with The Weeknd)","Calvin Harris",7703716,https://open.spotify.com/track/58AGoOGbwsQMhBbH0eFLRR
77,"Lean (feat. Towy, Osquel, Beltito & Sammy & Falsetto)","Super Yei",7617121,https://open.spotify.com/track/5DoLhdU27owX1NMrKLUbUl
78,"bad guy","Billie Eilish",7452332,https://open.spotify.com/track/2Fxmhks0bxGSBdJ92vM42m
79,Dior,"Pop Smoke",7250248,https://open.spotify.com/track/79s5XnCN4TJKTVMSmOx8Ep
80,"lovely (with Khalid)","Billie Eilish",7154001,https://open.spotify.com/track/0u2P5u6lvoDfwTYjAADbn4
81,"Intentions (feat. Quavo)","Justin Bieber",7059252,https://open.spotify.com/track/4umIPjkehX1r7uhmGvXiSV
82,"Stunnin' (feat. Harm Franklin)","Curtis Waters",7031304,https://open.spotify.com/track/2D0dj3hVkRQJCp63cxCPEx
83,"In Your Eyes","The Weeknd",7017884,https://open.spotify.com/track/7szuecWAPwGoV1e5vGu8tl
84,Shallow,"Lady Gaga",7003980,https://open.spotify.com/track/2VxeLyX666F8uXCJ0dZF8B
85,"Caramelo - Remix",Ozuna,6929848,https://open.spotify.com/track/67jvGGbJmOmVonlyX3mNkV
86,"Be Like That - feat. Swae Lee & Khalid","Kane Brown",6929241,https://open.spotify.com/track/5f1joOtoMeyppIcJGZQvqJ
87,cardigan,"Taylor Swift",6903768,https://open.spotify.com/track/4R2kfaDFhslZEMJqAFNpdd
88,"TKN (feat. Travis Scott)",ROSALÍA,6797497,https://open.spotify.com/track/4w47S36wQGBhGg073q3nt7
89,"Bande organisée",Kofs,6793641,https://open.spotify.com/track/205HNJ73cgpC0LAOnuQiWT
90,"La Tóxica",Farruko,6771222,https://open.spotify.com/track/15OjBeqNX3bShsGYQbteRv
91,Despeinada,Ozuna,6768697,https://open.spotify.com/track/0JAZWvvqttGFm4UMDsPQXC
92,"Life Is Good (feat. Drake)",Future,6706420,https://open.spotify.com/track/1K5KBOgreBi5fkEHvg5ap3
93,"Hasta Que Dios Diga","Anuel AA",6693850,https://open.spotify.com/track/06s3QtMJVXw1AJX3UfvZG1
94,ROXANNE,"Arizona Zervas",6673562,https://open.spotify.com/track/696DnlkuDOXcMAnKlTgXXK
95,"Ride It",Regard,6651439,https://open.spotify.com/track/2tnVG71enUj33Ic2nFN6kZ
96,"Say So","Doja Cat",6607326,https://open.spotify.com/track/3Dv1eDb0MEgF93GpLXlucZ
97,"Got It On Me","Pop Smoke",6587238,https://open.spotify.com/track/25zlnOAzbVoOzIeXSvQFf1
98,Believer,"Imagine Dragons",6484365,https://open.spotify.com/track/0pqnGHJpmpxLKifKRmU6WP
99,Secrets,Regard,6463869,https://open.spotify.com/track/66W1rVTnEv86dIkFhoiElg
100,"Don Don","Daddy Yankee",6454296,https://open.spotify.com/track/3kml9ZdpT7UYk1ugkjqOzt
101,"If the World Was Ending - feat. Julia Michaels","JP Saxe",6450259,https://open.spotify.com/track/2kJwzbxV2ppxnQoYw4GLBZ
102,"my future","Billie Eilish",6447372,https://open.spotify.com/track/2ygvZOXrIeVL4xZmAWJT2C
103,Azul,"J Balvin",6435170,https://open.spotify.com/track/2lCkncy6bIB0LTMT7kvrD1
104,Favorito,Camilo,6381389,https://open.spotify.com/track/0jT8Nl0shPS8115is0wD2Q
105,Falling,"Harry Styles",6333799,https://open.spotify.com/track/1ZMiCix7XSAbfAJlEZWMCp
106,"THE SCOTTS","THE SCOTTS",6333380,https://open.spotify.com/track/39Yp9wwQiSRIDOvrVg7mbk
107,"Lets Link",WhoHeem,6318854,https://open.spotify.com/track/6fMzgFFGzWCwiHMzDzNpp5
108,"Wolves (feat. Post Malone)","Big Sean",6299624,https://open.spotify.com/track/33gwZOGJWEZ7dRWPqPxBEZ
109,"Be Kind (with Halsey)",Marshmello,6248943,https://open.spotify.com/track/3Z8FwOEN59mRMxDCtb8N0A
110,"everything i wanted","Billie Eilish",6243056,https://open.spotify.com/track/3ZCTVFBt2Brf31RLEnCkWJ
111,"PORFA Remix ( Feat. Maluma, Nicky Jam, Sech) - Remix",Feid,6057591,https://open.spotify.com/track/7lUdbnz7wsv3C9zzf4WHl9
112,"feel something","Bea Miller",6055193,https://open.spotify.com/track/7JDWhC422Gtk1Bq0mL3OTC
113,"Parce (feat. Justin Quiles)",Maluma,6018078,https://open.spotify.com/track/4RJz8NfIe09gpKMiRUWKhJ
114,Jeans,"Justin Quiles",5986831,https://open.spotify.com/track/3GtnId3Cm1Xa6joCj08nzW
115,"Sunday Best",Surfaces,5967188,https://open.spotify.com/track/1Cv1YLb4q0RzL6pybtaMLo
116,"Tick Tock (feat. 24kGoldn)","Clean Bandit",5932197,https://open.spotify.com/track/27u7t9d7ZQoyjsCROHuZJ3
117,"Tap In",Saweetie,5874948,https://open.spotify.com/track/4Hpib09wXgD84w4uwTPnYD
118,"Elegí (feat. Dímelo Flow)","Rauw Alejandro",5805297,https://open.spotify.com/track/50ZC4PM7hywH27RcCfViau
119,"Madrid (feat. Myke Towers)",Maluma,5773045,https://open.spotify.com/track/19OXtYzrJyCrQvTbfukt4H
120,Rojo,"J Balvin",5754019,https://open.spotify.com/track/380HmhwTE2NJgawn1NwkXi
121,"Put Your Records On","Ritt Momney",5749774,https://open.spotify.com/track/6AGOKlMZWLCaEJGnaROtF9
122,"Jocelyn Flores",XXXTENTACION,5728980,https://open.spotify.com/track/7m9OqQk4RVRkw9JJdeAw96
123,"Del Mar",Ozuna,5698099,https://open.spotify.com/track/5cpJFiNwYyWwFLH0V6B3N8
124,"Say You Won't Let Go","James Arthur",5693508,https://open.spotify.com/track/5uCax9HTNlzGybIStD3vDh
125,"Oh Juliana",Niack,5684833,https://open.spotify.com/track/4xWzZmX4K1yyrdtRfbUvjt
126,Supalonely,BENEE,5677330,https://open.spotify.com/track/4nK5YrxbMGZstTLbvj6Gxw
127,"You Got It",Vedo,5674105,https://open.spotify.com/track/4lsHZ92XCFOQfzJFBTluk8
128,"Godzilla (feat. Juice WRLD)",Eminem,5663336,https://open.spotify.com/track/7FIWs0pqAYbP91WWM0vlTQ
129,"After Party","Don Toliver",5657980,https://open.spotify.com/track/527k23H0A4Q0UJN3vGs0Da
130,"I Don't Care (with Justin Bieber)","Ed Sheeran",5651268,https://open.spotify.com/track/0hVXuCcriWRGvwMV1r5Yn9
131,"All Girls Are The Same","Juice WRLD",5604564,https://open.spotify.com/track/4VXIryQMWpIdGgYR4TrjT1
132,"Play Date","Melanie Martinez",5547456,https://open.spotify.com/track/4DpNNXFMMxQEKl7r0ykkWA
133,Perfect,"Ed Sheeran",5496385,https://open.spotify.com/track/0tgVpDi06FyKpA1z0VMD4v
134,"7 rings","Ariana Grande",5482625,https://open.spotify.com/track/6ocbgoVGwYJhOv1GgI9NsF
135,"Shape of You","Ed Sheeran",5479639,https://open.spotify.com/track/7qiZfU4dY1lWllzX7mPBI3
136,"hot girl bummer",blackbear,5464508,https://open.spotify.com/track/2mt1IqcFyY1zmYZT8Q3xw9
137,"Are You Bored Yet? (feat. Clairo)",Wallows,5430178,https://open.spotify.com/track/57RA3JGafJm5zRtKJiKPIm
138,"rockstar (feat. 21 Savage)","Post Malone",5419032,https://open.spotify.com/track/0e7ipj03S05BNilyu5bRzt
139,"Hello (feat. A Boogie Wit da Hoodie)","Pop Smoke",5387850,https://open.spotify.com/track/2r6OAV3WsYtXuXjvJ1lIDi
140,"Bohemian Rhapsody - Remastered 2011",Queen,5360616,https://open.spotify.com/track/4u7EnebtmKWzUH433cf5Qv
141,SAD!,XXXTENTACION,5306155,https://open.spotify.com/track/3ee8Jmje8o58CHK66QrVC2
142,"Martin & Gina","Polo G",5298257,https://open.spotify.com/track/1VLtjHwRWOVJiE5Py7JxoQ
143,"Quiéreme Mientras Se Pueda","Manuel Turizo",5295910,https://open.spotify.com/track/34LI7rwi9H8w2S5KTHnv1M
144,GOOBA,6ix9ine,5281835,https://open.spotify.com/track/6qiiDtFAJjyEhoZVcf6ovL
145,"Yo Perreo Sola","Bad Bunny",5260575,https://open.spotify.com/track/0SqqAgdovOE24BzxIClpjw
146,"Tak Tiki Tak","Harry Nach",5254830,https://open.spotify.com/track/7gwwt1IaAWwmB7af0AcuBM
147,"exile (feat. Bon Iver)","Taylor Swift",5242399,https://open.spotify.com/track/4pvb0WLRcMtbPGmtejJJ6y
148,"Someone To You",BANNERS,5219685,https://open.spotify.com/track/2f0pn9DkEJwAzXApnFh5cr
149,"Blastoff (feat. Juice Wrld & Trippie Redd)","Internet Money",5216323,https://open.spotify.com/track/2rFsFjq0D9JAmc0APpCO6P
150,21,"Polo G",5195004,https://open.spotify.com/track/3JKgcAa7r07ocVWcV8bS0H
151,"Jerusalema (feat. Nomcebo Zikode)","Master KG",5156707,https://open.spotify.com/track/2MlOUXmcofMackX3bxfSwi
152,"when the party's over","Billie Eilish",5136855,https://open.spotify.com/track/43zdsphuZLzwA9k4DJhU0I
153,"Lose Control",MEDUZA,5117881,https://open.spotify.com/track/7CHi4DtfK4heMlQaudCuHK
154,"WHATS POPPIN","Jack Harlow",5070745,https://open.spotify.com/track/1jaTQ3nqY3oAAYyCTbIvnM
155,"Hate The Other Side (with Marshmello & The Kid Laroi)","Juice WRLD",5061360,https://open.spotify.com/track/0ada5XsQGLPUVbmTCkAP49
156,"Hit Different",SZA,5049863,https://open.spotify.com/track/7Bar1kLTmsRmH6FCKKMEyU
157,"Chicago Freestyle (feat. Giveon)",Drake,5048698,https://open.spotify.com/track/4wVOKKEHUJxHCFFNUWDn0B
158,"Beautiful People (feat. Khalid)","Ed Sheeran",5008538,https://open.spotify.com/track/70eFcWOvlMObDhURTqT4Fv
159,"Money Trees","Kendrick Lamar",5001614,https://open.spotify.com/track/2HbKqm4o0w5wEeEFXm2sD4
160,Safaera,"Bad Bunny",4997486,https://open.spotify.com/track/2DEZmgHKAvm41k4J3R2E9Y
161,Conversations,"Juice WRLD",4988984,https://open.spotify.com/track/4K06PO78fW4mnBVenxGNob
162,"Lose Somebody",Kygo,4988712,https://open.spotify.com/track/1sgDyuLooyvEML4oHspNza
163,Righteous,"Juice WRLD",4977844,https://open.spotify.com/track/5dOxHHMOFAbG3VH23t0xNm
164,"All of Me","John Legend",4959793,https://open.spotify.com/track/3U4isOIWM3VvDubwSI3y7a
165,"Nobody's Love","Maroon 5",4957966,https://open.spotify.com/track/3kwgqoBqTwoAH4nT29TYrq
166,"What You Know Bout Love","Pop Smoke",4941318,https://open.spotify.com/track/1tkg4EHVoqnhR6iFEXb60y
167,"Máquina do Tempo",Matuê,4938139,https://open.spotify.com/track/5oI9blwsXC8AkTWw6wASY8
168,"El Mismo Aire - con Pablo Alborán",Camilo,4930515,https://open.spotify.com/track/5EbtodsuLbxrFDH6j5avVS
169,"DOLLAZ ON MY HEAD (feat. Young Thug)",Gunna,4913193,https://open.spotify.com/track/3nS9a01VvXHQriLqJYwRqG
170,"No Guidance (feat. Drake)","Chris Brown",4911176,https://open.spotify.com/track/6XHVuErjQ4XNm6nDPVCxVX
171,"Fuckst mich nur ab","Bonez MC",4898520,https://open.spotify.com/track/0y8mJFmm4ogCHnfe0oTuT6
172,"24 (feat. Lil Baby)","Money Man",4891115,https://open.spotify.com/track/0xUvi7wldroBzaZCengPa5
173,Jangueo,"Alex Rose",4877753,https://open.spotify.com/track/1bRpSCFv6P2OUhciByeRYR
174,"Be Alright","Dean Lewis",4872220,https://open.spotify.com/track/5qrSlOut2rNAWv3ubArkNy
175,"7 Summers","Morgan Wallen",4847880,https://open.spotify.com/track/0tbjiOUl4k492KPdWZS9sy
176,Happier,Marshmello,4833755,https://open.spotify.com/track/2dpaYNEQHiRxtZbfNsse99
177,"Sweater Weather","The Neighbourhood",4830121,https://open.spotify.com/track/2QjOHCTQ1Jl3zawyYOpxh6
178,"Without Me",Halsey,4797977,https://open.spotify.com/track/6FZDfxM3a3UCqtzo5pxSLZ
179,Physical,"Dua Lipa",4781789,https://open.spotify.com/track/3AzjcOeAmA57TIOr9zF1ZW
180,"We Paid (feat. 42 Dugg)","Lil Baby",4776686,https://open.spotify.com/track/6gxKUmycQX7uyMwJcweFjp
181,"GO (feat. Juice WRLD)","The Kid LAROI",4757272,https://open.spotify.com/track/2rPHUAeUPbNgTmK18FPTiZ
182,+Linda,Dalex,4754541,https://open.spotify.com/track/5cBrOhKDyiJF9bPGUHKkG0
183,"Ihr Hobby","Bonez MC",4723116,https://open.spotify.com/track/4aZfvvgfoSfmSZpfwQYzC0
184,"Head Shoulders Knees & Toes (feat. Norma Jean Martine)",Ofenbach,4721328,https://open.spotify.com/track/6i7zAdNhzUN2k1HcrBxPHG
185,"Boy With Luv (feat. Halsey)",BTS,4713642,https://open.spotify.com/track/5KawlOMHjWeUjQtnuRs22c
186,"Get You The Moon (feat. Snøw)",Kina,4710629,https://open.spotify.com/track/4ZLzoOkj0MPWrTLvooIuaa
187,"CÓMO SE SIENTE - Remix","Jhay Cortez",4706032,https://open.spotify.com/track/2tFwfmceQa1Y6nRPhYbEtC
188,"Something Just Like This","The Chainsmokers",4704735,https://open.spotify.com/track/6RUKPb4LETWmmr3iAEQktW
189,"Take Me To Church",Hozier,4689557,https://open.spotify.com/track/3dYD57lRAUcMHufyqn9GcI
190,"When I Look At You","Miley Cyrus",4652583,https://open.spotify.com/track/6ZfXA2xakAvphXOSOJ3u1W
191,"Boss Bitch","Doja Cat",4620838,https://open.spotify.com/track/78qd8dvwea0Gosb6Fe6j3k
192,"Investe Em Mim","Jonas Esticado",4615140,https://open.spotify.com/track/15k1TDabqSEmyXOwMq9RM7
193,"The Less I Know The Better","Tame Impala",4614229,https://open.spotify.com/track/6K4t31amVTZDgR3sKmwUJJ
194,"Star Shopping","Lil Peep",4611724,https://open.spotify.com/track/30bqVoKjX479ab90a8Pafp
195,"Ain't It Different (feat. AJ Tracey & Stormzy)","Headie One",4602336,https://open.spotify.com/track/6NJfIydBMYrXvlaXsFxmc8
196,"Some Say - Felix Jaehn Remix",Nea,4598325,https://open.spotify.com/track/7C1trmcQQ5n5RNy4l6ziCv
197,"Let Her Go",Passenger,4582940,https://open.spotify.com/track/2jyjhRf6DVbMPU5zxagN2h
198,"Savage Remix (feat. Beyoncé)",Beyoncé,4568308,https://open.spotify.com/track/5v4GgrXPMghOnBBLmveLac
199,July,"Noah Cyrus",4557461,https://open.spotify.com/track/6J2LdBN97cDWn0MLxYh9HB
200,Bruises,"Lewis Capaldi",4546235,https://open.spotify.com/track/4Of7rzpRpV1mWRbhp5rAqG
