,,,"Note that these figures are generated using a formula that protects against any artificial inflation of chart positions.",
Position,"Track Name",Artist,Streams,URL
1,Nonstop,Drake,43697135,https://open.spotify.com/track/2Vx8E3K5icPZR7OCklWBXX
2,"Don’t Matter To Me",Drake,43314851,https://open.spotify.com/track/36ONiya0OANYknz0GgJmwB
3,SAD!,XXXTENTACION,32872517,https://open.spotify.com/track/3ee8Jmje8o58CHK66QrVC2
4,"God's Plan",Drake,31958655,https://open.spotify.com/track/2VWbHHhWnMzKWPUs4IEEW9
5,"In My Feelings",Drake,30123256,https://open.spotify.com/track/0bAkKNCQfWkexHFn7fIKns
6,Emotionless,Drake,29680801,https://open.spotify.com/track/1v1IXPXl73Z7zy6f5tUa9n
7,"I'm Upset",Drake,28743698,https://open.spotify.com/track/1iSZPndzmY6NvL1jAtIvY1
8,Survival,Drake,27089507,https://open.spotify.com/track/71SEHJPt1iDwGkBhUOAXDP
9,Elevate,Drake,26995718,https://open.spotify.com/track/4uloft7ZE54WflsuqFmjC7
10,"Nice For What",Drake,26909120,https://open.spotify.com/track/0HVv5bEOiI9a0QfgcASXpX
11,"Mob Ties",Drake,25933856,https://open.spotify.com/track/7txPE73wHbuXYkM1h8zNrG
12,"8 Out Of 10",Drake,25910256,https://open.spotify.com/track/5fcM0StdQxMjzulVGhFkHN
13,"Lucid Dreams","Juice WRLD",25866250,https://open.spotify.com/track/0X8DcetL926BYiPJYstJTc
14,"I Like It","Cardi B",25437863,https://open.spotify.com/track/58q2HKrzhC3ozto2nDdN4z
15,"Girls Like You (feat. Cardi B)","Maroon 5",25384413,https://open.spotify.com/track/7fa9MBXhVfQ8P8Df9OEbD8
16,"One Kiss (with Dua Lipa)","Calvin Harris",25364299,https://open.spotify.com/track/7ef4DlsgrMEH11cDZd32M6
17,"Better Now","Post Malone",23534781,https://open.spotify.com/track/7dt6x5M1jzdTEt8oCbisTK
18,"Talk Up",Drake,23481853,https://open.spotify.com/track/3Yw09dj3cTXsAzlLjgBfIP
19,"Can’t Take A Joke",Drake,22191046,https://open.spotify.com/track/7cfvP13Bqb1EyCZQiYsLum
20,"Solo (feat. Demi Lovato)","Clean Bandit",22123858,https://open.spotify.com/track/6kPJZM97LwdG9QIsT7khp6
21,Moonlight,XXXTENTACION,20842040,https://open.spotify.com/track/0JP9xo3adEtGSdUEISiszL
22,"Taste (feat. Offset)",Tyga,18984713,https://open.spotify.com/track/5IaHrVsrferBYDm0bDyABy
23,"no tears left to cry","Ariana Grande",18535012,https://open.spotify.com/track/5SxkdsY1ufZzoq9iXceLw9
24,"Sandra’s Rose",Drake,18430122,https://open.spotify.com/track/1sPLURKAosM3Jampgp9AWq
25,"Back To You","Selena Gomez",18141297,https://open.spotify.com/track/514rhnksEwHUh6LxXsQ4Y9
26,changes,XXXTENTACION,17900795,https://open.spotify.com/track/7AFASza1mXqntmGtbxXprO
27,"Te Boté - Remix","Nio Garcia",17719892,https://open.spotify.com/track/3V8UKqhEK5zBkBb6d6ub8i
28,Youngblood,"5 Seconds of Summer",17601109,https://open.spotify.com/track/2iUXsYOEPhVqEBwsqP70rE
29,"Jackie Chan",Tiësto,17445103,https://open.spotify.com/track/4kWO6O1BUXcZmaxitpVUwp
30,"Jocelyn Flores",XXXTENTACION,17257921,https://open.spotify.com/track/7m9OqQk4RVRkw9JJdeAw96
31,"Summer Games",Drake,17119220,https://open.spotify.com/track/0w1ZtnzQmtmuuoKxHT0pLL
32,X,"Nicky Jam",15914883,https://open.spotify.com/track/39N9RPD9MRb5WmoLzNzPeA
33,"Ocean (feat. Khalid)","Martin Garrix",15871118,https://open.spotify.com/track/3nc420PXjTdBV5TN0gCFkS
34,"Blue Tint",Drake,15573446,https://open.spotify.com/track/1Jrj3k5L36dPkU6KAclU7g
35,Jaded,Drake,15159136,https://open.spotify.com/track/3jipFRgLyKK0oJoG1pKicx
36,Peak,Drake,15117184,https://open.spotify.com/track/2RAeY8dPj6KmStROfEigjV
37,"Is There More",Drake,14967758,https://open.spotify.com/track/2QoOyCFpDo4NblMLP7vBRT
38,Finesse,Drake,14514123,https://open.spotify.com/track/590bUp2TKTfTS9NfiD4Nmn
39,"That’s How You Feel",Drake,14357593,https://open.spotify.com/track/0SVsEdvot6vU4byv5yW0oj
40,"After Dark",Drake,14263999,https://open.spotify.com/track/4IvenHmD0spfFDOKphoUDp
41,"Sin Pijama","Becky G",14196780,https://open.spotify.com/track/2ijef6ni2amuunRoKTlgww
42,Nevermind,"Dennis Lloyd",13038595,https://open.spotify.com/track/63SevszngYpZOwf63o61K4
43,"Psycho (feat. Ty Dolla $ign)","Post Malone",12800846,https://open.spotify.com/track/3swc6WTsr7rl9DqQKQA55C
44,"Born To Be Yours",Kygo,12701709,https://open.spotify.com/track/0kHyKhJMukHEPfeh8s7rdM
45,Rise,"Jonas Blue",12452118,https://open.spotify.com/track/3u1S1OmAUhx5DRlLrXqyp3
46,"Ratchet Happy Birthday",Drake,12370043,https://open.spotify.com/track/16x6tqeSkIjoLEf7SJLlYy
47,"Bed (feat. Ariana Grande)","Nicki Minaj",12252624,https://open.spotify.com/track/1ZEm9cJC05rawV2tptNfTS
48,Flames,"David Guetta",12126911,https://open.spotify.com/track/33IOhptvC2Qoy2UhjiHXLV
49,"rockstar (feat. 21 Savage)","Post Malone",11925771,https://open.spotify.com/track/0e7ipj03S05BNilyu5bRzt
50,FRIENDS,Marshmello,11726493,https://open.spotify.com/track/08bNPGLD8AhKpnnERrAc6G
51,2002,Anne-Marie,11389532,https://open.spotify.com/track/6SFStUDQZNaGPKWOx9ZiJB
52,"Fuck Love (feat. Trippie Redd)",XXXTENTACION,11229046,https://open.spotify.com/track/7AQim7LbvFVZJE3O8TYgf2
53,APESHIT,"The Carters",10959287,https://open.spotify.com/track/0E6PsO3ymCfUh7pJQjBgkj
54,"March 14",Drake,10659186,https://open.spotify.com/track/40IiSjljbAhrSbdJ3HxSfH
55,"Final Fantasy",Drake,10460366,https://open.spotify.com/track/7ijJ5crvsnCvCLJbHpyq3j
56,"Yes Indeed","Lil Baby",10368227,https://open.spotify.com/track/6vN77lE9LK6HP2DewaN6HZ
57,"lovely (with Khalid)","Billie Eilish",10304550,https://open.spotify.com/track/0u2P5u6lvoDfwTYjAADbn4
58,"Me Niego (feat. Ozuna & Wisin)",Reik,10030321,https://open.spotify.com/track/6jA8JUuPCGYjFcgw0AoM5T
59,"The Middle",Zedd,9741767,https://open.spotify.com/track/09IStsImFySgyp0pIQdqAc
60,IDGAF,"Dua Lipa",9572783,https://open.spotify.com/track/76cy1WJvNGJTj78UqeA5zr
61,"Praise The Lord (Da Shine) (feat. Skepta)","A$AP Rocky",9566961,https://open.spotify.com/track/7ycWLEP1GsNjVvcjawXz3z
62,"Look Alive (feat. Drake)","BlocBoy JB",9546507,https://open.spotify.com/track/4qKcDkK6siZ7Jp1Jb4m0aL
63,"Everybody Dies In Their Nightmares",XXXTENTACION,9467316,https://open.spotify.com/track/3GVkPk8mqxz0itaAriG1L7
64,"La Cintura","Alvaro Soler",9340344,https://open.spotify.com/track/19MBk3PbNFE36wqIqkMq9H
65,"All Mine","Kanye West",9206627,https://open.spotify.com/track/3qnoOm4fwZPBS116f5hpgF
66,"These Days (feat. Jess Glynne, Macklemore & Dan Caplen)",Rudimental,9069664,https://open.spotify.com/track/5CLGzJsGqhCEECcpnFQA8x
67,"Shape of You","Ed Sheeran",8901222,https://open.spotify.com/track/7qiZfU4dY1lWllzX7mPBI3
68,"1, 2, 3 (feat. Jason Derulo & De La Ghetto)","Sofía Reyes",8851396,https://open.spotify.com/track/4QtiVmuA88tPQiCOHZuQ5b
69,"the remedy for a broken heart (why am I so in love)",XXXTENTACION,8812071,https://open.spotify.com/track/4UKCKdYiLN6IMA5ZESUTL7
70,"La player (Bandolera)","Zion & Lennox",8532826,https://open.spotify.com/track/0VKkyBKCXyR99navhVRqcP
71,"Havana (feat. Young Thug)","Camila Cabello",8498847,https://open.spotify.com/track/1rfofaqEpACxVEHIZBJe6W
72,"Look At Me!",XXXTENTACION,8355500,https://open.spotify.com/track/6eYxmK9fdL4hwLnXG2zY3s
73,"Mi Cama","KAROL G",8242358,https://open.spotify.com/track/7sFYVcKSb24qg0dAkqLEFj
74,"Dura - Remix","Daddy Yankee",8207814,https://open.spotify.com/track/6U2NuJILEOEpW2tVCuqKHb
75,"This Is America","Childish Gambino",8092589,https://open.spotify.com/track/0b9oOr2ZgvyQu88wzixux9
76,Body,"Loud Luxury",8047466,https://open.spotify.com/track/43V1z6QToNNWNldV4FEG6r
77,"No Es Justo","J Balvin",8017164,https://open.spotify.com/track/5qFeMRz4TvetPmzjre9Dq7
78,"All Girls Are The Same","Juice WRLD",7834761,https://open.spotify.com/track/3H2JThgdBxezwj1wwafQS8
79,"Start Again (feat. Logic)",OneRepublic,7820189,https://open.spotify.com/track/1Nj2oBISdFDSF8eDuXcALz
80,Mine,Bazzi,7548603,https://open.spotify.com/track/7uzmGiiJyRfuViKKK3lVmR
81,"Meant to Be (feat. Florida Georgia Line)","Bebe Rexha",7530521,https://open.spotify.com/track/4e4fqjx0Izh4svvTef1z7e
82,"Love Lies (with Normani)",Khalid,7473790,https://open.spotify.com/track/45Egmo7icyopuzJN0oMEdk
83,"In My Blood","Shawn Mendes",7465810,https://open.spotify.com/track/21YnmkSDhUkmkkni22Svc4
84,"New Rules","Dua Lipa",7392387,https://open.spotify.com/track/2ekn2ttSfGqwhhate0LSR0
85,"Madura (feat. Bad Bunny)",Cosculluela,7201942,https://open.spotify.com/track/0r9d60ZYPAlFHq8qnUtkXN
86,Clandestino,Shakira,7116722,https://open.spotify.com/track/7DrluKkTviBwCc8AV3VGmf
87,OTW,Khalid,6917587,https://open.spotify.com/track/6Hgh47WXVKtXN5zGOu0hjI
88,"Playinwitme (feat. Kehlani)",KYLE,6804584,https://open.spotify.com/track/4F1yvJfQ7gJkrcgFJQDjOr
89,"Síguelo Bailando",Ozuna,6797984,https://open.spotify.com/track/5Y9fnynLlIvqtM710MHzfz
90,"New Light","John Mayer",6779839,https://open.spotify.com/track/3bH4HzoZZFq8UpZmI2AMgV
91,Hope,XXXTENTACION,6766718,https://open.spotify.com/track/2ZRo7axmMPeSVUvDbGkJah
92,Perfect,"Ed Sheeran",6714434,https://open.spotify.com/track/0tgVpDi06FyKpA1z0VMD4v
93,"Live It Up - Official Song 2018 FIFA World Cup Russia","Nicky Jam",6699032,https://open.spotify.com/track/4DnHUy01jEA4b5ydC3HgsT
94,Unica,Ozuna,6697487,https://open.spotify.com/track/6752EZMgXswvRBH3N2PilO
95,"Freaky Friday (feat. Chris Brown)","Lil Dicky",6680941,https://open.spotify.com/track/10Igtw8bSDyyFs7KIsKngZ
96,Thunder,"Imagine Dragons",6664099,https://open.spotify.com/track/7BrsBU0BAytRDvROM4yCbn
97,"X (feat. Maluma & Ozuna) - Remix","Nicky Jam",6645232,https://open.spotify.com/track/6JjPBQfI2Y8nIjnm65X6Pw
98,Believer,"Imagine Dragons",6610941,https://open.spotify.com/track/5VKSZDsidOFHrtlJb33Syo
99,"Call Out My Name","The Weeknd",6518637,https://open.spotify.com/track/1gm616Plq4ScqNi7TVkZ5N
100,"Por Perro","Sebastian Yatra",6506138,https://open.spotify.com/track/2alIsNw1mqEShbWyO1HXZZ
101,"Walk It Talk It",Migos,6322087,https://open.spotify.com/track/6n4U3TlzUGhdSFbUUhTvLP
102,"High Hopes","Panic! At The Disco",6225405,https://open.spotify.com/track/1rqqCSm0Qe4I9rUvWncaom
103,"Estamos Bien","Bad Bunny",6171332,https://open.spotify.com/track/7glCSQqV5o6NU88Cn4zPZn
104,"El Préstamo",Maluma,6095778,https://open.spotify.com/track/2XVilv6s9GETnw9PG4T9Mz
105,"Ball For Me (feat. Nicki Minaj)","Post Malone",6043532,https://open.spotify.com/track/6IaieqiCVvsNvEt6Y7yOFa
106,"Plug Walk","Rich The Kid",6019065,https://open.spotify.com/track/6mAz8D1TmlTuef90dbNIiZ
107,"DDU-DU DDU-DU - KR Ver.",BLACKPINK,6003427,https://open.spotify.com/track/2CWnuF7ht55Ajyeg4WPvWu
108,"Boo'd Up","Ella Mai",5974868,https://open.spotify.com/track/0At2qAoaVjIwWNAqrscXli
109,"All The Stars (with SZA)","Kendrick Lamar",5966261,https://open.spotify.com/track/3GCdLUSnKSMJhs4Tj6CV3s
110,Familiar,"Liam Payne",5963094,https://open.spotify.com/track/0Y4hwUppbGc8aIBmiTz30A
111,"Remind Me to Forget",Kygo,5935526,https://open.spotify.com/track/6xTU6B6nFwKKTSZ9ySXS80
112,"Ric Flair Drip (& Metro Boomin)",Offset,5921226,https://open.spotify.com/track/7sO5G9EABYOXQKNPNiE9NR
113,"Bella - Remix",Wolfine,5913625,https://open.spotify.com/track/0SaYeGhSXN0dDWstyNTQ56
114,Audio,Sia,5895004,https://open.spotify.com/track/7boPPE857KEqCIHNwFkDop
115,"I'll Be There","Jess Glynne",5858947,https://open.spotify.com/track/083Qf6hn6sFL6xiOHlZUyn
116,"Vaina Loca",Ozuna,5832230,https://open.spotify.com/track/1s2B5cndbqK8rPJEIcKJRQ
117,Somebody,"The Chainsmokers",5827260,https://open.spotify.com/track/3pWcj8hxj3fsb9TDAcMpEl
118,NUMB,XXXTENTACION,5798569,https://open.spotify.com/track/01TnVDiet1DFTsyWKUKovl
119,"I Fall Apart","Post Malone",5787521,https://open.spotify.com/track/75ZvA4QfFiZvzhj2xkaWAh
120,"XO Tour Llif3","Lil Uzi Vert",5735540,https://open.spotify.com/track/7GX5flRQZVHRAGd6B4TmDO
121,Dura,"Daddy Yankee",5728008,https://open.spotify.com/track/6KuqAtoeVzxAYOaMveLNpH
122,"Te Amo","Piso 21",5603649,https://open.spotify.com/track/2RVrdr062uLFxXwIxwdXPH
123,Happier,"Ed Sheeran",5527915,https://open.spotify.com/track/2RttW7RAu5nOAfq6YFvApB
124,"Too Good At Goodbyes","Sam Smith",5521700,https://open.spotify.com/track/1mXVgsBdtIVeCLJnSnmtdV
125,"If You're Over Me","Years & Years",5466910,https://open.spotify.com/track/01k24g94i1JvkFLQmVEdCd
126,"One Dance",Drake,5399234,https://open.spotify.com/track/1zi7xx7UVEFkmKfv06H8x0
127,"I'm a Mess","Bebe Rexha",5316167,https://open.spotify.com/track/04ZTP5KsCypmtCmQg5tH9R
128,"Échame La Culpa","Luis Fonsi",5297284,https://open.spotify.com/track/2hl6q70unbviGo3g1R7uFx
129,Ambiente,"J Balvin",5250444,https://open.spotify.com/track/6VrBWh90BiwWmwKtvwWFcq
130,"Mad Love","Sean Paul",5167539,https://open.spotify.com/track/4dSoDnmR9opAQ8KxUc9SbC
131,Closer,"The Chainsmokers",5134836,https://open.spotify.com/track/7BKLCZ1jbUBVqRi2FVlTVw
132,"Wake Me Up",Avicii,5094205,https://open.spotify.com/track/4h8VwCb1MTGoLKueQ1WgbD
133,JAPAN,"Famous Dex",5053450,https://open.spotify.com/track/5PTG6rrL6EPFD9E2QMI2pl
134,Dembow,"Danny Ocean",5014212,https://open.spotify.com/track/2EzRdhuoPyNJDlep7lnNf2
135,"Candy Paint","Post Malone",4980526,https://open.spotify.com/track/32lItqlMi4LBhb4k0BaSaC
136,"Déjala Que Vuelva (feat. Manuel Turizo)","Piso 21",4975127,https://open.spotify.com/track/1j6xOGusnyXq3l6IryKF3G
137,Shotgun,"George Ezra",4902479,https://open.spotify.com/track/4ofwffwvvnbSkrMSCKQDaC
138,"Feel It Still","Portugal. The Man",4826032,https://open.spotify.com/track/6QgjcU0zLnzq5OrUoSZ3OK
139,"Like I Do","David Guetta",4825715,https://open.spotify.com/track/6RnkFd8Fqqgk1Uni8RgqCQ
140,"Like To Be You feat. Julia Michaels","Shawn Mendes",4801036,https://open.spotify.com/track/5QskYLFPX9y7pLU0VEMNbr
141,HUMBLE.,"Kendrick Lamar",4788019,https://open.spotify.com/track/7KXjTSCq5nL1LoYtL7XAwS
142,"Girls (feat. Cardi B, Bebe Rexha & Charli XCX)","Rita Ora",4778085,https://open.spotify.com/track/1YNQscOx6OqBQjxgJVhEeW
143,Congratulations,"Post Malone",4730698,https://open.spotify.com/track/3a1lNhkSLSkpJE4MSHpDu9
144,"Powerglide (feat. Juicy J) - From SR3MM","Rae Sremmurd",4717596,https://open.spotify.com/track/1BuZAIO8WZpavWVbbq3Lci
145,"Youth feat. Khalid","Shawn Mendes",4716216,https://open.spotify.com/track/5SwEgzUFDHwpWHKrbnP32Z
146,Enemies,Lauv,4702633,https://open.spotify.com/track/3JJYIoJ5FyY9E0DGjr7SXF
147,"FAKE LOVE",BTS,4701150,https://open.spotify.com/track/3aW0ds4A4tSQDIp75FqWTo
148,Asesina,Brytiago,4699052,https://open.spotify.com/track/6rbhaJsE4uLzpPf8WYSHDK
149,"Say You Won't Let Go","James Arthur",4628741,https://open.spotify.com/track/5uCax9HTNlzGybIStD3vDh
150,Unforgettable,"French Montana",4618871,https://open.spotify.com/track/3B54sVLJ402zGa6Xm4YGNe
151,Wolves,"Selena Gomez",4606853,https://open.spotify.com/track/0tBbt8CrmxbjRP0pueQkyU
152,Yikes,"Kanye West",4603762,https://open.spotify.com/track/2r4JRwcbIeuAzWjH4YXlLs
153,"Perfect Duet (Ed Sheeran & Beyoncé)","Ed Sheeran",4535307,https://open.spotify.com/track/1bhUWB0zJMIKr9yVPrkEuI
154,"Duro y Suave","Leslie Grace",4531050,https://open.spotify.com/track/31M5m42C3EGlbydf9XB5to
155,"Despacito - Remix","Luis Fonsi",4530498,https://open.spotify.com/track/6rPO02ozF3bM7NnOV4h6s2
156,"ocean eyes","Billie Eilish",4505905,https://open.spotify.com/track/7hDVYcQq6MxkdJGweuCtl9
157,"I Like Me Better",Lauv,4478288,https://open.spotify.com/track/2P91MQbaiQOfbiz9VqhqKQ
158,Silence,Marshmello,4457146,https://open.spotify.com/track/7vGuf3Y35N4wmASOKLUVVU
159,"Without You (feat. Sandro Cavazza)",Avicii,4440589,https://open.spotify.com/track/6Pgkp4qUoTmJIPn7ReaGxL
160,"Something Just Like This","The Chainsmokers",4433562,https://open.spotify.com/track/6RUKPb4LETWmmr3iAEQktW
161,"Never Be the Same","Camila Cabello",4394298,https://open.spotify.com/track/4eWQlBRaTjPPUlzacqEeoQ
162,"That's What I Like","Bruno Mars",4370977,https://open.spotify.com/track/0KKkJNfGyhkQ5aFogxQAPU
163,"Dance To This (feat. Ariana Grande)","Troye Sivan",4361017,https://open.spotify.com/track/1NbGcdgwRHZ5rbPIT9hdR3
164,"I'm Yours","Jason Mraz",4359120,https://open.spotify.com/track/3S0OXQeoh0w6AY8WQVckRW
165,Paranoid,"Post Malone",4350247,https://open.spotify.com/track/3fpVWegR6YOS1Yk5HSMYIq
166,Esskeetit,"Lil Pump",4350214,https://open.spotify.com/track/44KKhCyI0BGS6LvVyDqJtH
167,"Humility (feat. George Benson)",Gorillaz,4295985,https://open.spotify.com/track/3NeiYiBn3rQBgurfVk92Zm
168,"Young Dumb & Broke",Khalid,4286739,https://open.spotify.com/track/5Z3GHaZ6ec9bsiI5BenrbY
169,"Bigger Than You (feat. Drake & Quavo)","2 Chainz",4281023,https://open.spotify.com/track/5S1IUPueD0xE0vj4zU3nSf
170,"Finesse - Remix; feat. Cardi B","Bruno Mars",4269758,https://open.spotify.com/track/3Vo4wInECJQuz9BIBMOu8i
171,Location,Khalid,4249271,https://open.spotify.com/track/152lZdxL1OR0ZMW6KquMif
172,Criminal,"Natti Natasha",4243623,https://open.spotify.com/track/6Za3190Sbw39BBC77WSS1C
173,"Better Not (feat. Wafia)","Louis The Child",4211691,https://open.spotify.com/track/447yWcDPg1ddgcHBLGpJC0
174,TATI,6ix9ine,4184187,https://open.spotify.com/track/6kp0inxIexxSiDJfWqq0ZL
175,goosebumps,"Travis Scott",4181624,https://open.spotify.com/track/6gBFPUFcJLzWGx4lenP6h2
176,"Sorry Not Sorry","Demi Lovato",4170287,https://open.spotify.com/track/3Du2K5dLzmduCNp6uwuaL0
177,"Big Bank feat. 2 Chainz, Big Sean, Nicki Minaj",YG,4162724,https://open.spotify.com/track/2RM4jf1Xa9zPgMGRDiht8O
178,Revenge,XXXTENTACION,4144889,https://open.spotify.com/track/5TXDeTFVRVY7Cvt0Dw4vWW
179,"Ao Vivo E A Cores","Matheus & Kauan",4136344,https://open.spotify.com/track/2Ab1wPTEqulaCGoBak1gUo
180,"What Lovers Do (feat. SZA)","Maroon 5",4133720,https://open.spotify.com/track/0GxQ1A5L9xnMOytbP6eKBG
181,Simple,"Florida Georgia Line",4103927,https://open.spotify.com/track/4P92FrvmYQSAfOpp4cpFEi
182,"Mi Gente","J Balvin",4075646,https://open.spotify.com/track/7COfe3P7KgfwDwIRB8LIDw
183,"More Than You Know","Axwell /\ Ingrosso",4074986,https://open.spotify.com/track/6h5PAsRni4IRlxWr6uDPTP
184,"Corazón (feat. Nego do Borel)",Maluma,4047243,https://open.spotify.com/track/5cepAtqnEQ6yVG6088zMMu
185,"Roll in Peace (feat. XXXTENTACION)","Kodak Black",4044497,https://open.spotify.com/track/40oKW22ZNNkEdZLJTScaQI
186,"Spoil My Night (feat. Swae Lee)","Post Malone",4038965,https://open.spotify.com/track/5VuxWXbt7XENQCtE9TzpTv
187,Africa,TOTO,4034016,https://open.spotify.com/track/2374M0fQpWi3dLnB54qaLX
188,Solita,Ozuna,4028224,https://open.spotify.com/track/7rwX0O3RlxqqIjQM8evm5E
189,"I Wanna Know (feat. Bea Miller)",NOTD,4023783,https://open.spotify.com/track/18W92Zm1KjLCbUIszOhpkD
190,"Whatever It Takes","Imagine Dragons",4012763,https://open.spotify.com/track/0yt31hMKZMiyIEfiBiLD2N
191,"Let You Down",NF,4003170,https://open.spotify.com/track/52okn5MNA47tk87PeZJLEL
192,"Thinking out Loud","Ed Sheeran",3984452,https://open.spotify.com/track/1Slwb6dOYkBlWal1PGtnNg
193,"Mr. Brightside","The Killers",3970211,https://open.spotify.com/track/7oK9VyNzrYvRFo7nQEYkWN
194,"Guatemala - From Swaecation","Rae Sremmurd",3966954,https://open.spotify.com/track/0TCnOEVeLQMXOUrpPlM7uY
195,Stay,"Post Malone",3963064,https://open.spotify.com/track/4H7WNRErSbONkM06blBoGc
196,"Nena Maldicion (feat. Lenny Tavarez)","Paulo Londra",3960010,https://open.spotify.com/track/3TnhQSRwT3AVMdXw5JPq0x
197,"Bodak Yellow","Cardi B",3914114,https://open.spotify.com/track/6KBYefIoo7KydImq1uUQlL
198,"Wonderwall - Remastered",Oasis,3911238,https://open.spotify.com/track/5qqabIl2vWzo9ApSC317sa
199,Halo,Beyoncé,3880448,https://open.spotify.com/track/2CvOqDpQIMw69cCzWqr5yr
200,"This Is Me","Keala Settle",3879518,https://open.spotify.com/track/2xGjteMU3E1tkEPVFBO08U
