,,,"Note that these figures are generated using a formula that protects against any artificial inflation of chart positions.",
Position,"Track Name",Artist,Streams,URL
1,"Nice For What",Drake,39556156,https://open.spotify.com/track/1cTZMwcBJT0Ka3UJPXOeeN
2,"no tears left to cry","Ariana Grande",38925971,https://open.spotify.com/track/5SxkdsY1ufZzoq9iXceLw9
3,"God's Plan",Drake,33360627,https://open.spotify.com/track/2XW4DbS6NddZxRPm5rMCeY
4,"One Kiss (with Dua Lipa)","Calvin Harris",30380257,https://open.spotify.com/track/7ef4DlsgrMEH11cDZd32M6
5,"Psycho (feat. Ty Dolla $ign)","Post Malone",26119695,https://open.spotify.com/track/7wrDRQgHlvDnimrRHfQZxt
6,KOD,"J. Cole",25826342,https://open.spotify.com/track/7yotKA30dwTKNEGomV9ZsI
7,FRIENDS,Marshmello,24661589,https://open.spotify.com/track/08bNPGLD8AhKpnnERrAc6G
8,X,"Nicky Jam",24526297,https://open.spotify.com/track/39N9RPD9MRb5WmoLzNzPeA
9,"Call Out My Name","The Weeknd",24188094,https://open.spotify.com/track/1gm616Plq4ScqNi7TVkZ5N
10,"I Like It","Cardi B",23903132,https://open.spotify.com/track/58q2HKrzhC3ozto2nDdN4z
11,"Freaky Friday (feat. Chris Brown)","Lil Dicky",22483002,https://open.spotify.com/track/10Igtw8bSDyyFs7KIsKngZ
12,ATM,"J. Cole",20927783,https://open.spotify.com/track/2UciqgwVDwro0fev3MFbxJ
13,"Wake Me Up - Radio Edit",Avicii,20549219,https://open.spotify.com/track/6g1NlCpW7fgqDnWbCCDrHl
14,"The Middle",Zedd,20351977,https://open.spotify.com/track/2ARqIya5NAuvFVHSN3bL0m
15,"Love Lies (with Normani)",Khalid,19267646,https://open.spotify.com/track/45Egmo7icyopuzJN0oMEdk
16,"Kevin’s Heart","J. Cole",19155793,https://open.spotify.com/track/6tZ3b7ik1QDXFAZlXib0YZ
17,Motiv8,"J. Cole",18991751,https://open.spotify.com/track/1AT4xjNarTswd0UZ5FlmKF
18,Photograph,"J. Cole",17839200,https://open.spotify.com/track/0bhnUFDQFCEHCBlsQfHnj5
19,SAD!,XXXTENTACION,17581098,https://open.spotify.com/track/3ee8Jmje8o58CHK66QrVC2
20,"Without You (feat. Sandro Cavazza)",Avicii,17362815,https://open.spotify.com/track/6WbADFqMvR8N5u0BvtsWQE
21,"Look Alive (feat. Drake)","BlocBoy JB",17040869,https://open.spotify.com/track/4qKcDkK6siZ7Jp1Jb4m0aL
22,IDGAF,"Dua Lipa",16947889,https://open.spotify.com/track/76cy1WJvNGJTj78UqeA5zr
23,"1985 - Intro to “The Fall Off”","J. Cole",16759063,https://open.spotify.com/track/7EulRO07ZgchxqKUHb8Pvc
24,"These Days (feat. Jess Glynne, Macklemore & Dan Caplen)",Rudimental,16590567,https://open.spotify.com/track/5CLGzJsGqhCEECcpnFQA8x
25,"Levels - Radio Edit",Avicii,16265970,https://open.spotify.com/track/5B03nSG8pLE48jh7kmasuL
26,"Waiting For Love",Avicii,15652092,https://open.spotify.com/track/6nsLzJfvp5OLd4mgqUJkpq
27,Mine,Bazzi,15580769,https://open.spotify.com/track/7uzmGiiJyRfuViKKK3lVmR
28,Nevermind,"Dennis Lloyd",15423526,https://open.spotify.com/track/63SevszngYpZOwf63o61K4
29,"All The Stars (with SZA)","Kendrick Lamar",14812767,https://open.spotify.com/track/3GCdLUSnKSMJhs4Tj6CV3s
30,"The Cut Off (feat. kiLL edward)","J. Cole",14209638,https://open.spotify.com/track/3rFF7kSm5qBOOPs6ljFgPp
31,"Walk It Talk It",Migos,14016596,https://open.spotify.com/track/6n4U3TlzUGhdSFbUUhTvLP
32,Dura,"Daddy Yankee",14005676,https://open.spotify.com/track/2j2fIJGh4PMdXt9ULI5Tlc
33,rockstar,"Post Malone",13912365,https://open.spotify.com/track/2U7Hu2RaNQNRi7izoJyZaX
34,"In My Blood","Shawn Mendes",13710031,https://open.spotify.com/track/79jX8RM5CgPqDKdGEKNW9K
35,"Like I Do","David Guetta",13691658,https://open.spotify.com/track/6RnkFd8Fqqgk1Uni8RgqCQ
36,BRACKETS,"J. Cole",13603598,https://open.spotify.com/track/5sWbwccBcyHsg5LEKWGZo9
37,"Hey Brother",Avicii,13532381,https://open.spotify.com/track/3zKST4nk4QJE77oLjUZ0Ng
38,"Lonely Together (feat. Rita Ora)",Avicii,13456689,https://open.spotify.com/track/2OALaHcDdKkjYEpAr0Qzab
39,"Plug Walk","Rich The Kid",13315784,https://open.spotify.com/track/6mAz8D1TmlTuef90dbNIiZ
40,"Meant to Be (feat. Florida Georgia Line)","Bebe Rexha",12900223,https://open.spotify.com/track/7iDa6hUg2VgEL1o1HjmfBn
41,"Me Niego (feat. Ozuna & Wisin)",Reik,12630366,https://open.spotify.com/track/6jA8JUuPCGYjFcgw0AoM5T
42,"Havana (feat. Young Thug)","Camila Cabello",12391022,https://open.spotify.com/track/1rfofaqEpACxVEHIZBJe6W
43,"Remind Me to Forget",Kygo,11769184,https://open.spotify.com/track/6xTU6B6nFwKKTSZ9ySXS80
44,"The Nights",Avicii,11612203,https://open.spotify.com/track/0ct6r3EGTcMLPtrXHDvVjc
45,"Window Pain - Outro","J. Cole",11602946,https://open.spotify.com/track/5Lgqu1th1KqlG97OF2gWGe
46,OTW,Khalid,11575060,https://open.spotify.com/track/6Hgh47WXVKtXN5zGOu0hjI
47,"FRIENDS (feat. kiLL edward)","J. Cole",11471773,https://open.spotify.com/track/6onwlDmIVKE8bBgyBRSuS0
48,"1, 2, 3 (feat. Jason Derulo & De La Ghetto)","Sofía Reyes",11428399,https://open.spotify.com/track/4QtiVmuA88tPQiCOHZuQ5b
49,"Let Me",ZAYN,11391288,https://open.spotify.com/track/7Fg342AJtNsIDdwCfX0paC
50,"Be Careful","Cardi B",11043697,https://open.spotify.com/track/2Yl4OmDby9iitgNWZPwxkd
51,"Once an Addict - Interlude","J. Cole",10944009,https://open.spotify.com/track/0Px86mRlxdB3YqpK6KXWlr
52,"Mad Love","Sean Paul",10820284,https://open.spotify.com/track/3soOPBuMK8YMdWnV7xpEyf
53,JAPAN,"Famous Dex",10733441,https://open.spotify.com/track/5PTG6rrL6EPFD9E2QMI2pl
54,Flames,"David Guetta",10611198,https://open.spotify.com/track/33IOhptvC2Qoy2UhjiHXLV
55,"Playinwitme (feat. Kehlani)",KYLE,10477988,https://open.spotify.com/track/43cFjTTCD9Cni4aSL0sORz
56,"Say Something (feat. Chris Stapleton)","Justin Timberlake",10380645,https://open.spotify.com/track/1LhMopPAallLeaeNutqbgS
57,Familiar,"Liam Payne",10135185,https://open.spotify.com/track/0Y4hwUppbGc8aIBmiTz30A
58,Esskeetit,"Lil Pump",9987084,https://open.spotify.com/track/44KKhCyI0BGS6LvVyDqJtH
59,Delicate,"Taylor Swift",9965031,https://open.spotify.com/track/6NFyWDv5CjfwuzoCkw47Xf
60,"Te Boté - Remix","Nio Garcia",9932905,https://open.spotify.com/track/3V8UKqhEK5zBkBb6d6ub8i
61,"Ric Flair Drip (& Metro Boomin)",Offset,9903323,https://open.spotify.com/track/7sO5G9EABYOXQKNPNiE9NR
62,"New Rules","Dua Lipa",9834028,https://open.spotify.com/track/2ekn2ttSfGqwhhate0LSR0
63,Bella,Wolfine,9702906,https://open.spotify.com/track/3xcCix7Jv1Rp90YVmgo35D
64,"Powerglide (feat. Juicy J)","Rae Sremmurd",9616734,https://open.spotify.com/track/2yUbCEiaolfSMluDo9RMmG
65,"Échame La Culpa","Luis Fonsi",9511570,https://open.spotify.com/track/1zsG4eaZmkA1dvjDDsAGLK
66,"Shape of You","Ed Sheeran",9496135,https://open.spotify.com/track/7qiZfU4dY1lWllzX7mPBI3
67,Intro,"J. Cole",9049612,https://open.spotify.com/track/2AfWCBwGGCsZtvVnGF3QYE
68,"Déjala Que Vuelva (feat. Manuel Turizo)","Piso 21",8953656,https://open.spotify.com/track/33bnxcjePIkcmNjEFTJX0l
69,"I Fall Apart","Post Malone",8769882,https://open.spotify.com/track/75ZvA4QfFiZvzhj2xkaWAh
70,Moonlight,XXXTENTACION,8680094,https://open.spotify.com/track/0JP9xo3adEtGSdUEISiszL
71,Everyday,Logic,8660827,https://open.spotify.com/track/4EAV2cKiqKP5UPZmY6dejk
72,Perfect,"Ed Sheeran",8613859,https://open.spotify.com/track/0tgVpDi06FyKpA1z0VMD4v
73,"Síguelo Bailando",Ozuna,8610963,https://open.spotify.com/track/5Y9fnynLlIvqtM710MHzfz
74,"I Wanna Know (feat. Bea Miller)",NOTD,8568128,https://open.spotify.com/track/18W92Zm1KjLCbUIszOhpkD
75,"Never Be the Same","Camila Cabello",8560762,https://open.spotify.com/track/4eWQlBRaTjPPUlzacqEeoQ
76,2002,Anne-Marie,8455286,https://open.spotify.com/track/4Pbg79cTBu4vgSphoyNq3j
77,Chun-Li,"Nicki Minaj",8273048,https://open.spotify.com/track/2gTYVoQCUh0QNUaFix01ld
78,1950,"King Princess",8088141,https://open.spotify.com/track/0CZ8lquoTX2Dkg7Ak2inwA
79,Somebody,"The Chainsmokers",7978667,https://open.spotify.com/track/3pWcj8hxj3fsb9TDAcMpEl
80,"El Préstamo",Maluma,7827011,https://open.spotify.com/track/0QS5rZpm5zN9wV9lJgjyUE
81,"Wasted Times","The Weeknd",7716747,https://open.spotify.com/track/72TyiiduRmczEbDIEtKQdR
82,Wolves,"Selena Gomez",7696533,https://open.spotify.com/track/7EmGUiUaOSGDnUUQUDrOXC
83,"Sick Boy","The Chainsmokers",7456807,https://open.spotify.com/track/08hm0V6cTsWDX62hW42sEv
84,Youngblood,"5 Seconds of Summer",7409615,https://open.spotify.com/track/55S2PQgSMYAhgoTCcGCDfw
85,Criminal,"Natti Natasha",7400050,https://open.spotify.com/track/6Za3190Sbw39BBC77WSS1C
86,Thunder,"Imagine Dragons",7241185,https://open.spotify.com/track/26gceVsA1ybT8qsX3aYLEn
87,"Feel It Still","Portugal. The Man",7232246,https://open.spotify.com/track/6QgjcU0zLnzq5OrUoSZ3OK
88,"King's Dead (with Kendrick Lamar, Future & James Blake)","Jay Rock",7189258,https://open.spotify.com/track/51rXHuKN8Loc4sUlKPODgH
89,"River (feat. Ed Sheeran)",Eminem,7087230,https://open.spotify.com/track/5UEnHoDYpsxlfzWLZIc7LD
90,"Finesse - Remix; feat. Cardi B","Bruno Mars",7066719,https://open.spotify.com/track/3Vo4wInECJQuz9BIBMOu8i
91,"Pray For Me (with Kendrick Lamar)","The Weeknd",6907605,https://open.spotify.com/track/4ofvoCdXq99vpMZO4Cfp8x
92,Believer,"Imagine Dragons",6847685,https://open.spotify.com/track/7Izh7zLJGw1Nscd62Exxj4
93,"XO Tour Llif3","Lil Uzi Vert",6838278,https://open.spotify.com/track/7GX5flRQZVHRAGd6B4TmDO
94,"Let Me Go (with Alesso, Florida Georgia Line & watt)","Hailee Steinfeld",6819966,https://open.spotify.com/track/5AEtlRudpgdT5FtNiuly6Y
95,"Stir Fry",Migos,6814166,https://open.spotify.com/track/2UVbBKQOdFAekPTRsnkzcf
96,Corazón,Maluma,6757565,https://open.spotify.com/track/4lESS6vuruP6a79KWRaQou
97,Amorfoda,"Bad Bunny",6710769,https://open.spotify.com/track/3ITvHA9zhZZdBJsOsAUegF
98,Downtown,Anitta,6689873,https://open.spotify.com/track/3Ga6eKrUFf12ouh9Yw3v2D
99,Dembow,"Danny Ocean",6662290,https://open.spotify.com/track/2EzRdhuoPyNJDlep7lnNf2
100,"Too Good At Goodbyes","Sam Smith",6595534,https://open.spotify.com/track/1mXVgsBdtIVeCLJnSnmtdV
101,"La player (Bandolera)","Zion & Lennox",6587000,https://open.spotify.com/track/0VKkyBKCXyR99navhVRqcP
102,Congratulations,"Post Malone",6478842,https://open.spotify.com/track/3a1lNhkSLSkpJE4MSHpDu9
103,"Let You Down",NF,6398523,https://open.spotify.com/track/6mrKP2jyIQmM0rw6fQryjr
104,Silence,Marshmello,6360096,https://open.spotify.com/track/7vGuf3Y35N4wmASOKLUVVU
105,"Jocelyn Flores",XXXTENTACION,6239021,https://open.spotify.com/track/7m9OqQk4RVRkw9JJdeAw96
106,HUMBLE.,"Kendrick Lamar",6219204,https://open.spotify.com/track/7KXjTSCq5nL1LoYtL7XAwS
107,"Te Amo","Piso 21",6213155,https://open.spotify.com/track/2RVrdr062uLFxXwIxwdXPH
108,"Bodak Yellow","Cardi B",6120737,https://open.spotify.com/track/6KBYefIoo7KydImq1uUQlL
109,Breathe,"Jax Jones",5928608,https://open.spotify.com/track/6tvQzeCPwOytDlBYCIOY0n
110,"Broken Arrows",Avicii,5843204,https://open.spotify.com/track/2BVVmJQZv4fOPWavI9mkIj
111,Sensualidad,"Bad Bunny",5825801,https://open.spotify.com/track/5hcisvFMidkMJlElTO9Qmw
112,"Bartier Cardi (feat. 21 Savage)","Cardi B",5786404,https://open.spotify.com/track/0dIoGTQXDh1wVnhIiSyYEa
113,"1942 (feat. Yo Gotti & YBN Nahmir)",G-Eazy,5765192,https://open.spotify.com/track/794QVQtFNy7hvtjQP1keQd
114,"EL BAÑO (feat. Bad Bunny)","Enrique Iglesias",5758997,https://open.spotify.com/track/2vvdTrdryjsl8DmPIMDWZU
115,"Young Dumb & Broke",Khalid,5718961,https://open.spotify.com/track/5Z3GHaZ6ec9bsiI5BenrbY
116,changes,XXXTENTACION,5695482,https://open.spotify.com/track/7AFASza1mXqntmGtbxXprO
117,"For A Better Day",Avicii,5691014,https://open.spotify.com/track/3c3XJ9P1BjOtmNXKvdVyHK
118,"Bum Bum Tam Tam","MC Fioti",5689942,https://open.spotify.com/track/4zWO4gvuFtw6EJZC5FFGlr
119,Unforgettable,"French Montana",5689305,https://open.spotify.com/track/3B54sVLJ402zGa6Xm4YGNe
120,"You Make Me",Avicii,5634599,https://open.spotify.com/track/7HC3sppue0re7HPfo5zscF
121,"I Miss You (feat. Julia Michaels)","Clean Bandit",5619893,https://open.spotify.com/track/2xmrfQpmS2iJExTlklLoAL
122,"What Lovers Do (feat. SZA)","Maroon 5",5557832,https://open.spotify.com/track/3hBBKuWJfxlIlnd9QFoC8k
123,"Try Me","The Weeknd",5501050,https://open.spotify.com/track/2poOAWEj1CStqTVPgIHZ8s
124,GOTTI,6ix9ine,5475883,https://open.spotify.com/track/27oFpFktCq9JIXjJQRuv7a
125,"Him & I (with Halsey)",G-Eazy,5448959,https://open.spotify.com/track/5k38wzpLb15YgncyWdTZE4
126,"Chasing Fire",Lauv,5429745,https://open.spotify.com/track/1xy4apMFecGGkgBeaHFZ2M
127,"Candy Paint","Post Malone",5420402,https://open.spotify.com/track/42CeaId2XNlxugDvyqHfDf
128,Ahora,"J Balvin",5368822,https://open.spotify.com/track/54OB85nuxYGfl7qRQXuz7c
129,"Rewrite The Stars","Zac Efron",5356167,https://open.spotify.com/track/630sXRhIcfwr2e4RdNtjKN
130,"For You (Fifty Shades Freed) (& Rita Ora)","Liam Payne",5327427,https://open.spotify.com/track/5hM6sP0Gh1jD57drszNueC
131,"Perfect Duet (Ed Sheeran & Beyoncé)","Ed Sheeran",5273273,https://open.spotify.com/track/1bhUWB0zJMIKr9yVPrkEuI
132,"This Is Me","Keala Settle",5270208,https://open.spotify.com/track/2xGjteMU3E1tkEPVFBO08U
133,"El Farsante - Remix",Ozuna,5256042,https://open.spotify.com/track/7uYgVgRSgqluZclLS7wpp4
134,Beautiful,Bazzi,5249187,https://open.spotify.com/track/5TVirkSwFEXF1nLJEebe2I
135,"Drip (feat. Migos)","Cardi B",5228727,https://open.spotify.com/track/2qcG0nZ6S3zZV0UrkY5nFo
136,"Something Just Like This","The Chainsmokers",5207992,https://open.spotify.com/track/6RUKPb4LETWmmr3iAEQktW
137,"Barbie Tingz","Nicki Minaj",5189502,https://open.spotify.com/track/2qsQ8eVDPmobZpvDxQCVQu
138,"lovely (with Khalid)","Billie Eilish",5188209,https://open.spotify.com/track/0u2P5u6lvoDfwTYjAADbn4
139,"One Dance",Drake,5184502,https://open.spotify.com/track/1xznGGDReH1oQq0xzbwXa3
140,"Say You Won't Let Go","James Arthur",5170697,https://open.spotify.com/track/5uCax9HTNlzGybIStD3vDh
141,Solita,Ozuna,5169921,https://open.spotify.com/track/7rwX0O3RlxqqIjQM8evm5E
142,"PICK IT UP (feat. A$AP Rocky)","Famous Dex",5119130,https://open.spotify.com/track/0dSIrRkA4PadGll16TgbnV
143,"I Do (feat. SZA)","Cardi B",5116363,https://open.spotify.com/track/1f5PNhkNgUpvDEeZfcIlO1
144,"You Be Love (feat. Billy Raffoul)",Avicii,5109837,https://open.spotify.com/track/12ip0ceCeszDTDFxDY1AXJ
145,1-800-273-8255,Logic,5074368,https://open.spotify.com/track/5tz69p7tJuGPeMGwNTxYuV
146,"Me Rehúso","Danny Ocean",5061952,https://open.spotify.com/track/6De0lHrwBfPfrhorm9q1Xl
147,"Dusk Till Dawn - Radio Edit",ZAYN,5061467,https://open.spotify.com/track/1j4kHkkpqZRBwE0A4CN4Yv
148,"Guatemala (feat. Slim Jxmmi) - From Swaecation","Rae Sremmurd",5057783,https://open.spotify.com/track/6sTDhYVVXU3HSDuG7mBLRU
149,"The Days",Avicii,5040774,https://open.spotify.com/track/5Iy2Jj87Ha0C0IBlNE1I4y
150,"Madura (feat. Bad Bunny)",Cosculluela,5029041,https://open.spotify.com/track/0r9d60ZYPAlFHq8qnUtkXN
151,"Drink About",Seeb,5025772,https://open.spotify.com/track/2GGGm4MLQynB3I4E4ycIYC
152,"Answerphone (feat. Yxng Bane)","Banx & Ranx",5004308,https://open.spotify.com/track/1HagMz5nWk1HmevNCBOxF3
153,"Whatever It Takes","Imagine Dragons",4985374,https://open.spotify.com/track/7F3uo3304R2CTvOseU3H7u
154,Esperándote,"Manuel Turizo",4957543,https://open.spotify.com/track/1nfyE13arjOuO54HH0zmqj
155,goosebumps,"Travis Scott",4936006,https://open.spotify.com/track/6gBFPUFcJLzWGx4lenP6h2
156,"More Than You Know","Axwell /\ Ingrosso",4926531,https://open.spotify.com/track/71bBFbfn2OBK5QwUJSLS44
157,"Everybody Hates Me","The Chainsmokers",4886243,https://open.spotify.com/track/7GCKSaadrwpoVSiwbEGkfv
158,"A$AP Forever (feat. Moby)","A$AP Rocky",4867328,https://open.spotify.com/track/1YmF9PvLhIISIANoMLIYGq
159,"Sorry Not Sorry","Demi Lovato",4864009,https://open.spotify.com/track/3m660poUr1chesgkkjQM7P
160,Paradise,"George Ezra",4863429,https://open.spotify.com/track/38zwkK6TtTjIW9tpYBfZ3D
161,Location,Khalid,4838860,https://open.spotify.com/track/152lZdxL1OR0ZMW6KquMif
162,"I Like Me Better",Lauv,4835609,https://open.spotify.com/track/1wjzFQodRWrPcQ0AnYnvQ9
163,Closer,"The Chainsmokers",4821639,https://open.spotify.com/track/7BKLCZ1jbUBVqRi2FVlTVw
164,"Bank Account","21 Savage",4803598,https://open.spotify.com/track/2fQrGHiQOvpL9UgPvtYy6G
165,Attention,"Charlie Puth",4777754,https://open.spotify.com/track/4iLqG9SeJSnt0cSPICSjxv
166,"Capital Letters","Hailee Steinfeld",4767012,https://open.spotify.com/track/3towKHKVOXCCcL1fHv6xFO
167,"You Are The Reason","Calum Scott",4677695,https://open.spotify.com/track/2VgJDTfkuwlm7WIHnvtRCQ
168,"I Could Be The One (Avicii Vs. Nicky Romero) - Nicktim / Radio Edit",Avicii,4661739,https://open.spotify.com/track/2bNrvWD9d5Zn9tS8XvcaMk
169,"Red Roses (feat. Landon Cube)","Lil Skies",4643510,https://open.spotify.com/track/3ZhTT6yjZwpPph5MIJ53XY
170,Barking,Ramz,4640331,https://open.spotify.com/track/7amMgNDcObIDkIXv4xcvc2
171,"Addicted To You",Avicii,4591421,https://open.spotify.com/track/0xIVvRmjztR1AwuHrkhH41
172,Anywhere,"Rita Ora",4566714,https://open.spotify.com/track/7EI6Iki24tBHAMxtb4xQN2
173,"Lost In Japan","Shawn Mendes",4539152,https://open.spotify.com/track/7wvYmO5QscgIDDT0eNwbYX
174,"Fuck Love (feat. Trippie Redd)",XXXTENTACION,4533268,https://open.spotify.com/track/7AQim7LbvFVZJE3O8TYgf2
175,"Plain Jane","A$AP Ferg",4503038,https://open.spotify.com/track/4dVpf9jZjcORqGTLUaeYj9
176,"Mi Gente","J Balvin",4498386,https://open.spotify.com/track/2rb5MvYT7ZIxbKW5hfcHx8
177,"To My Love - Tainy Remix","Bomba Estéreo",4466739,https://open.spotify.com/track/5LciLoxa1gK70yIUeoHgRx
178,"Tip Toe (feat. French Montana)","Jason Derulo",4456038,https://open.spotify.com/track/2z4pcBLQXF2BXKFvd0BuB6
179,"Se Preparó",Ozuna,4452641,https://open.spotify.com/track/1m69ELEgE6k5ZWsap40ozt
180,"Home With You","Madison Beer",4450357,https://open.spotify.com/track/11GGSyTB8cS9TgONHBOhEX
181,"All Falls Down (feat. Juliander)","Alan Walker",4445719,https://open.spotify.com/track/5yFSF6qQA1rcLsQRnBsZgb
182,"Despacito - Remix","Luis Fonsi",4435829,https://open.spotify.com/track/5CtI0qwDJkDQGwXD1H1cLb
183,"CLOSE (feat. Travis Scott) - From SR3MM","Rae Sremmurd",4428903,https://open.spotify.com/track/3qKCDFZp192KBEEtFj7fDa
184,"BUTTERFLY EFFECT","Travis Scott",4408543,https://open.spotify.com/track/1yxgsra98r3qAtxqiGZPiX
185,Heaven,"Julia Michaels",4394695,https://open.spotify.com/track/4QfNOZN7vrQCQKK1ZJ3XPb
186,Tequila,"Dan + Shay",4364020,https://open.spotify.com/track/7Il2yWQmsqKgSkLQvHTPUI
187,Betrayed,"Lil Xan",4356926,https://open.spotify.com/track/4vaxvNDaLSoD36iZX515ug
188,"New Freezer (feat. Kendrick Lamar)","Rich The Kid",4349188,https://open.spotify.com/track/0eHCArTPhwUxatY7cEXRiK
189,Alien,"Sabrina Carpenter",4337001,https://open.spotify.com/track/0RUTnY2B3s05fZuCHsNaUP
190,"How Long","Charlie Puth",4313160,https://open.spotify.com/track/32DGGj6KlNuBr6WaqRxpxi
191,Machika,"J Balvin",4296260,https://open.spotify.com/track/6MNGxu8MprKGkchUchkJsy
192,"No Limit",G-Eazy,4272263,https://open.spotify.com/track/2DQ1ITjI0YoLFzuADN1ZBW
193,"Silhouettes - Original Radio Edit",Avicii,4263880,https://open.spotify.com/track/1nO67wic65N413c11zKxM7
194,"Thinking out Loud","Ed Sheeran",4263582,https://open.spotify.com/track/1Slwb6dOYkBlWal1PGtnNg
195,"LOVE. FEAT. ZACARI.","Kendrick Lamar",4257547,https://open.spotify.com/track/6PGoSes0D9eUDeeAafB2As
196,Photograph,"Ed Sheeran",4220790,https://open.spotify.com/track/6fxVffaTuwjgEk5h9QyRjy
197,"Symphony (feat. Zara Larsson)","Clean Bandit",4200901,https://open.spotify.com/track/1x5sYLZiu9r5E43kMlt9f8
198,"Tesla (feat. Sfera Ebbasta & DrefGold)","Capo Plaza",4169823,https://open.spotify.com/track/093RgZ7RXHZwIrxZhZYX4Q
199,"Ring (feat. Kehlani)","Cardi B",4158586,https://open.spotify.com/track/5DfWF0jqMgZDCiu9zJENTA
200,"Nowadays (feat. Landon Cube)","Lil Skies",4153940,https://open.spotify.com/track/2u7mxWSeoqTXndK5e08jMp
