,,,"Note that these figures are generated using a formula that protects against any artificial inflation of chart positions.",
Position,"Track Name",Artist,Streams,URL
1,"Better Now","Post Malone",35690686,https://open.spotify.com/track/7dt6x5M1jzdTEt8oCbisTK
2,"Nice For What",Drake,31421769,https://open.spotify.com/track/1cTZMwcBJT0Ka3UJPXOeeN
3,"One Kiss (with Dua Lipa)","Calvin Harris",29661052,https://open.spotify.com/track/7ef4DlsgrMEH11cDZd32M6
4,"no tears left to cry","Ariana Grande",28772949,https://open.spotify.com/track/5SxkdsY1ufZzoq9iXceLw9
5,"Psycho (feat. Ty Dolla $ign)","Post Malone",28143674,https://open.spotify.com/track/3swc6WTsr7rl9DqQKQA55C
6,"God's Plan",Drake,28056605,https://open.spotify.com/track/2XW4DbS6NddZxRPm5rMCeY
7,FRIENDS,Marshmello,22442241,https://open.spotify.com/track/08bNPGLD8AhKpnnERrAc6G
8,"This Is America","Childish Gambino",21599165,https://open.spotify.com/track/0b9oOr2ZgvyQu88wzixux9
9,X,"Nicky Jam",21292929,https://open.spotify.com/track/39N9RPD9MRb5WmoLzNzPeA
10,"rockstar (feat. 21 Savage)","Post Malone",20577580,https://open.spotify.com/track/0e7ipj03S05BNilyu5bRzt
11,"I Like It","Cardi B",19995364,https://open.spotify.com/track/58q2HKrzhC3ozto2nDdN4z
12,Paranoid,"Post Malone",19584075,https://open.spotify.com/track/3fpVWegR6YOS1Yk5HSMYIq
13,"The Middle",Zedd,18226691,https://open.spotify.com/track/2ARqIya5NAuvFVHSN3bL0m
14,"Freaky Friday (feat. Chris Brown)","Lil Dicky",17973715,https://open.spotify.com/track/10Igtw8bSDyyFs7KIsKngZ
15,"Love Lies (with Normani)",Khalid,16988542,https://open.spotify.com/track/45Egmo7icyopuzJN0oMEdk
16,"Call Out My Name","The Weeknd",16520619,https://open.spotify.com/track/1gm616Plq4ScqNi7TVkZ5N
17,Stay,"Post Malone",16222212,https://open.spotify.com/track/4H7WNRErSbONkM06blBoGc
18,"Te Boté - Remix","Nio Garcia",16129735,https://open.spotify.com/track/3V8UKqhEK5zBkBb6d6ub8i
19,"These Days (feat. Jess Glynne, Macklemore & Dan Caplen)",Rudimental,15193023,https://open.spotify.com/track/5CLGzJsGqhCEECcpnFQA8x
20,"Look Alive (feat. Drake)","BlocBoy JB",15172354,https://open.spotify.com/track/4qKcDkK6siZ7Jp1Jb4m0aL
21,IDGAF,"Dua Lipa",14983344,https://open.spotify.com/track/76cy1WJvNGJTj78UqeA5zr
22,"Spoil My Night (feat. Swae Lee)","Post Malone",14872393,https://open.spotify.com/track/5VuxWXbt7XENQCtE9TzpTv
23,SAD!,XXXTENTACION,14446173,https://open.spotify.com/track/3ee8Jmje8o58CHK66QrVC2
24,"Rich & Sad","Post Malone",14381513,https://open.spotify.com/track/2VdT56BGpdqNHUgOe1j5vc
25,Nevermind,"Dennis Lloyd",13742192,https://open.spotify.com/track/63SevszngYpZOwf63o61K4
26,"Ball For Me (feat. Nicki Minaj)","Post Malone",13522454,https://open.spotify.com/track/6IaieqiCVvsNvEt6Y7yOFa
27,"Watch (feat. Lil Uzi Vert & Kanye West)","Travis Scott",13476602,https://open.spotify.com/track/3DoBTwfr8yi2LN08SBpFkN
28,"Youth (feat. Khalid)","Shawn Mendes",13442640,https://open.spotify.com/track/3Wf2YGdYT8xVdNsQSoRKk9
29,"Over Now","Post Malone",12662905,https://open.spotify.com/track/09IOPhEh1OMe0HD9b36FJk
30,"Remind Me to Forget",Kygo,12515053,https://open.spotify.com/track/6xTU6B6nFwKKTSZ9ySXS80
31,Flames,"David Guetta",12201797,https://open.spotify.com/track/33IOhptvC2Qoy2UhjiHXLV
32,"Candy Paint","Post Malone",12162884,https://open.spotify.com/track/32lItqlMi4LBhb4k0BaSaC
33,"In My Blood","Shawn Mendes",12162171,https://open.spotify.com/track/79jX8RM5CgPqDKdGEKNW9K
34,OTW,Khalid,11994697,https://open.spotify.com/track/6Hgh47WXVKtXN5zGOu0hjI
35,"Me Niego (feat. Ozuna & Wisin)",Reik,11786070,https://open.spotify.com/track/6jA8JUuPCGYjFcgw0AoM5T
36,Mine,Bazzi,11692297,https://open.spotify.com/track/7uzmGiiJyRfuViKKK3lVmR
37,"Meant to Be (feat. Florida Georgia Line)","Bebe Rexha",11571658,https://open.spotify.com/track/7iDa6hUg2VgEL1o1HjmfBn
38,"All The Stars (with SZA)","Kendrick Lamar",11550405,https://open.spotify.com/track/3GCdLUSnKSMJhs4Tj6CV3s
39,"Zack And Codeine","Post Malone",11520961,https://open.spotify.com/track/5lZZmityu9TAjNvSY6GLhR
40,"Havana (feat. Young Thug)","Camila Cabello",11454562,https://open.spotify.com/track/1rfofaqEpACxVEHIZBJe6W
41,KOD,"J. Cole",11314305,https://open.spotify.com/track/7yotKA30dwTKNEGomV9ZsI
42,"Same Bitches (feat. G-Eazy & YG)","Post Malone",11291906,https://open.spotify.com/track/688QpQAwqsLdBR6lr13wK1
43,Dura,"Daddy Yankee",11193605,https://open.spotify.com/track/2j2fIJGh4PMdXt9ULI5Tlc
44,"92 Explorer","Post Malone",10942962,https://open.spotify.com/track/1D2L6MefbXon28PzIk9I3r
45,"Walk It Talk It",Migos,10907071,https://open.spotify.com/track/6n4U3TlzUGhdSFbUUhTvLP
46,"Plug Walk","Rich The Kid",10896613,https://open.spotify.com/track/6mAz8D1TmlTuef90dbNIiZ
47,"Like I Do","David Guetta",10793329,https://open.spotify.com/track/6RnkFd8Fqqgk1Uni8RgqCQ
48,"Takin' Shots","Post Malone",10546668,https://open.spotify.com/track/5ffntNJnJOeFv7b7DCd0Bw
49,"1, 2, 3 (feat. Jason Derulo & De La Ghetto)","Sofía Reyes",10275456,https://open.spotify.com/track/4QtiVmuA88tPQiCOHZuQ5b
50,"Playinwitme (feat. Kehlani)",KYLE,10269854,https://open.spotify.com/track/43cFjTTCD9Cni4aSL0sORz
51,Otherside,"Post Malone",9222499,https://open.spotify.com/track/4qWCFTuNnmGNdY4egtb4ZY
52,"New Rules","Dua Lipa",9177461,https://open.spotify.com/track/2ekn2ttSfGqwhhate0LSR0
53,"Wake Me Up - Radio Edit",Avicii,9159150,https://open.spotify.com/track/6g1NlCpW7fgqDnWbCCDrHl
54,2002,Anne-Marie,9102002,https://open.spotify.com/track/6SFStUDQZNaGPKWOx9ZiJB
55,"Shape of You","Ed Sheeran",9085825,https://open.spotify.com/track/7qiZfU4dY1lWllzX7mPBI3
56,"Powerglide (feat. Juicy J) - From SR3MM","Rae Sremmurd",9045615,https://open.spotify.com/track/1BuZAIO8WZpavWVbbq3Lci
57,Youngblood,"5 Seconds of Summer",8900943,https://open.spotify.com/track/55S2PQgSMYAhgoTCcGCDfw
58,"Mad Love","Sean Paul",8845773,https://open.spotify.com/track/3soOPBuMK8YMdWnV7xpEyf
59,"Ric Flair Drip (& Metro Boomin)",Offset,8544584,https://open.spotify.com/track/7sO5G9EABYOXQKNPNiE9NR
60,"Échame La Culpa","Luis Fonsi",8461027,https://open.spotify.com/track/1zsG4eaZmkA1dvjDDsAGLK
61,JAPAN,"Famous Dex",8382580,https://open.spotify.com/track/5PTG6rrL6EPFD9E2QMI2pl
62,"Blame It On Me","Post Malone",8353517,https://open.spotify.com/track/1ZemPoaj7LBj1RAQrb89EC
63,"Let Me",ZAYN,8025632,https://open.spotify.com/track/7Fg342AJtNsIDdwCfX0paC
64,"I Fall Apart","Post Malone",7946809,https://open.spotify.com/track/75ZvA4QfFiZvzhj2xkaWAh
65,Perfect,"Ed Sheeran",7912452,https://open.spotify.com/track/0tgVpDi06FyKpA1z0VMD4v
66,Genius,Sia,7864103,https://open.spotify.com/track/73F87Sqh6jQWucOOvz1WFx
67,"Déjala Que Vuelva (feat. Manuel Turizo)","Piso 21",7789440,https://open.spotify.com/track/33bnxcjePIkcmNjEFTJX0l
68,"Without You (feat. Sandro Cavazza)",Avicii,7753847,https://open.spotify.com/track/6WbADFqMvR8N5u0BvtsWQE
69,"Sugar Wraith","Post Malone",7722703,https://open.spotify.com/track/0MrRAUcB8AZiB9ue2VOBYe
70,Familiar,"Liam Payne",7674287,https://open.spotify.com/track/0Y4hwUppbGc8aIBmiTz30A
71,"Síguelo Bailando",Ozuna,7628104,https://open.spotify.com/track/5Y9fnynLlIvqtM710MHzfz
72,"Say Something (feat. Chris Stapleton)","Justin Timberlake",7576589,https://open.spotify.com/track/1LhMopPAallLeaeNutqbgS
73,Bella,Wolfine,7457074,https://open.spotify.com/track/3xcCix7Jv1Rp90YVmgo35D
74,"El Préstamo",Maluma,7377916,https://open.spotify.com/track/0QS5rZpm5zN9wV9lJgjyUE
75,"Never Be the Same","Camila Cabello",7076932,https://open.spotify.com/track/4eWQlBRaTjPPUlzacqEeoQ
76,Wolves,"Selena Gomez",7000454,https://open.spotify.com/track/7EmGUiUaOSGDnUUQUDrOXC
77,"Be Careful","Cardi B",6998145,https://open.spotify.com/track/2Yl4OmDby9iitgNWZPwxkd
78,"Peace & Love","Charlie Charles",6947126,https://open.spotify.com/track/4BGmYEDOK1swwoxTtfmVZD
79,Thunder,"Imagine Dragons",6928467,https://open.spotify.com/track/26gceVsA1ybT8qsX3aYLEn
80,Moonlight,XXXTENTACION,6864119,https://open.spotify.com/track/0JP9xo3adEtGSdUEISiszL
81,1950,"King Princess",6858734,https://open.spotify.com/track/0CZ8lquoTX2Dkg7Ak2inwA
82,Chun-Li,"Nicki Minaj",6843452,https://open.spotify.com/track/2gTYVoQCUh0QNUaFix01ld
83,Delicate,"Taylor Swift",6804062,https://open.spotify.com/track/6NFyWDv5CjfwuzoCkw47Xf
84,Criminal,"Natti Natasha",6779467,https://open.spotify.com/track/6Za3190Sbw39BBC77WSS1C
85,Esskeetit,"Lil Pump",6764625,https://open.spotify.com/track/44KKhCyI0BGS6LvVyDqJtH
86,"La player (Bandolera)","Zion & Lennox",6753428,https://open.spotify.com/track/0VKkyBKCXyR99navhVRqcP
87,Somebody,"The Chainsmokers",6749909,https://open.spotify.com/track/3pWcj8hxj3fsb9TDAcMpEl
88,"I Wanna Know (feat. Bea Miller)",NOTD,6746632,https://open.spotify.com/track/18W92Zm1KjLCbUIszOhpkD
89,"Feel It Still","Portugal. The Man",6717984,https://open.spotify.com/track/6QgjcU0zLnzq5OrUoSZ3OK
90,"lovely (with Khalid)","Billie Eilish",6680451,https://open.spotify.com/track/0u2P5u6lvoDfwTYjAADbn4
91,"XO Tour Llif3","Lil Uzi Vert",6661609,https://open.spotify.com/track/7GX5flRQZVHRAGd6B4TmDO
92,Believer,"Imagine Dragons",6632029,https://open.spotify.com/track/7Izh7zLJGw1Nscd62Exxj4
93,"Te Amo","Piso 21",6483361,https://open.spotify.com/track/2RVrdr062uLFxXwIxwdXPH
94,"Finesse - Remix; feat. Cardi B","Bruno Mars",6463360,https://open.spotify.com/track/3Vo4wInECJQuz9BIBMOu8i
95,"Kevin’s Heart","J. Cole",6333120,https://open.spotify.com/track/6tZ3b7ik1QDXFAZlXib0YZ
96,"King's Dead (with Kendrick Lamar, Future & James Blake)","Jay Rock",6323270,https://open.spotify.com/track/51rXHuKN8Loc4sUlKPODgH
97,"Dura - Remix","Daddy Yankee",6295292,https://open.spotify.com/track/6U2NuJILEOEpW2tVCuqKHb
98,"Sin Pijama","Becky G",6226719,https://open.spotify.com/track/2ijef6ni2amuunRoKTlgww
99,"Let Me Go (with Alesso, Florida Georgia Line & watt)","Hailee Steinfeld",6190249,https://open.spotify.com/track/5AEtlRudpgdT5FtNiuly6Y
100,ATM,"J. Cole",6139173,https://open.spotify.com/track/2UciqgwVDwro0fev3MFbxJ
101,"Pray For Me (with Kendrick Lamar)","The Weeknd",6131115,https://open.spotify.com/track/4ofvoCdXq99vpMZO4Cfp8x
102,"Too Good At Goodbyes","Sam Smith",6126856,https://open.spotify.com/track/1mXVgsBdtIVeCLJnSnmtdV
103,Corazón,Maluma,6069042,https://open.spotify.com/track/4lESS6vuruP6a79KWRaQou
104,Dembow,"Danny Ocean",6062614,https://open.spotify.com/track/2EzRdhuoPyNJDlep7lnNf2
105,Silence,Marshmello,6062520,https://open.spotify.com/track/7vGuf3Y35N4wmASOKLUVVU
106,"CLOSE (feat. Travis Scott) - From SR3MM","Rae Sremmurd",6043525,https://open.spotify.com/track/1oUudyBYVGMIC8JXeIsFzq
107,"Jocelyn Flores",XXXTENTACION,6009014,https://open.spotify.com/track/7m9OqQk4RVRkw9JJdeAw96
108,HUMBLE.,"Kendrick Lamar",6000247,https://open.spotify.com/track/7KXjTSCq5nL1LoYtL7XAwS
109,Amorfoda,"Bad Bunny",5943299,https://open.spotify.com/track/3ITvHA9zhZZdBJsOsAUegF
110,Congratulations,"Post Malone",5936735,https://open.spotify.com/track/3a1lNhkSLSkpJE4MSHpDu9
111,"Stir Fry",Migos,5924922,https://open.spotify.com/track/2UVbBKQOdFAekPTRsnkzcf
112,"Lonely Together (feat. Rita Ora)",Avicii,5865429,https://open.spotify.com/track/2OALaHcDdKkjYEpAr0Qzab
113,"River (feat. Ed Sheeran)",Eminem,5811634,https://open.spotify.com/track/5UEnHoDYpsxlfzWLZIc7LD
114,"Young Dumb & Broke",Khalid,5729137,https://open.spotify.com/track/5Z3GHaZ6ec9bsiI5BenrbY
115,Downtown,Anitta,5728636,https://open.spotify.com/track/3Ga6eKrUFf12ouh9Yw3v2D
116,"Lift Yourself","Kanye West",5727579,https://open.spotify.com/track/3uYDO9dPLTVrgfwg7EYXSf
117,Everyday,Logic,5697414,https://open.spotify.com/track/4EAV2cKiqKP5UPZmY6dejk
118,"Let You Down",NF,5652382,https://open.spotify.com/track/6mrKP2jyIQmM0rw6fQryjr
119,Famous,"Mason Ramsey",5623243,https://open.spotify.com/track/2HGymMoOdB4ZYv0AAqYmgF
120,"Madura (feat. Bad Bunny)",Cosculluela,5598933,https://open.spotify.com/track/0r9d60ZYPAlFHq8qnUtkXN
121,Breathe,"Jax Jones",5560419,https://open.spotify.com/track/6tvQzeCPwOytDlBYCIOY0n
122,"Levels - Radio Edit",Avicii,5428260,https://open.spotify.com/track/5B03nSG8pLE48jh7kmasuL
123,"Guatemala - From Swaecation","Rae Sremmurd",5418460,https://open.spotify.com/track/0TCnOEVeLQMXOUrpPlM7uY
124,"Say You Won't Let Go","James Arthur",5410406,https://open.spotify.com/track/5uCax9HTNlzGybIStD3vDh
125,"Answerphone (feat. Yxng Bane)","Banx & Ranx",5380207,https://open.spotify.com/track/1HagMz5nWk1HmevNCBOxF3
126,Unforgettable,"French Montana",5376136,https://open.spotify.com/track/3B54sVLJ402zGa6Xm4YGNe
127,Happier,"Ed Sheeran",5370616,https://open.spotify.com/track/2RttW7RAu5nOAfq6YFvApB
128,Sensualidad,"Bad Bunny",5370093,https://open.spotify.com/track/5hcisvFMidkMJlElTO9Qmw
129,"One Dance",Drake,5214078,https://open.spotify.com/track/1xznGGDReH1oQq0xzbwXa3
130,Motiv8,"J. Cole",5192815,https://open.spotify.com/track/1AT4xjNarTswd0UZ5FlmKF
131,"Dusk Till Dawn - Radio Edit",ZAYN,5188199,https://open.spotify.com/track/1j4kHkkpqZRBwE0A4CN4Yv
132,"What Lovers Do (feat. SZA)","Maroon 5",5165324,https://open.spotify.com/track/3hBBKuWJfxlIlnd9QFoC8k
133,Neymar,"Capital Bra",5045517,https://open.spotify.com/track/0d0d2CuQSQDF7Q7vNhwA3i
134,"Something Just Like This","The Chainsmokers",5011856,https://open.spotify.com/track/6RUKPb4LETWmmr3iAEQktW
135,"Perfect Duet (Ed Sheeran & Beyoncé)","Ed Sheeran",4975555,https://open.spotify.com/track/1bhUWB0zJMIKr9yVPrkEuI
136,"I'll Be There","Jess Glynne",4975175,https://open.spotify.com/track/083Qf6hn6sFL6xiOHlZUyn
137,changes,XXXTENTACION,4972323,https://open.spotify.com/track/7AFASza1mXqntmGtbxXprO
138,"Jonestown (Interlude)","Post Malone",4969901,https://open.spotify.com/track/0R6Jlsq25eZB3Wftpxi3oF
139,goosebumps,"Travis Scott",4968181,https://open.spotify.com/track/6gBFPUFcJLzWGx4lenP6h2
140,"This Is Me","Keala Settle",4959631,https://open.spotify.com/track/2xGjteMU3E1tkEPVFBO08U
141,"Sick Boy","The Chainsmokers",4958937,https://open.spotify.com/track/08hm0V6cTsWDX62hW42sEv
142,Solita,Ozuna,4957409,https://open.spotify.com/track/7rwX0O3RlxqqIjQM8evm5E
143,"Rewrite The Stars","Zac Efron",4941559,https://open.spotify.com/track/630sXRhIcfwr2e4RdNtjKN
144,"EL BAÑO (feat. Bad Bunny)","Enrique Iglesias",4935501,https://open.spotify.com/track/2vvdTrdryjsl8DmPIMDWZU
145,"Bodak Yellow","Cardi B",4928159,https://open.spotify.com/track/6KBYefIoo7KydImq1uUQlL
146,"I Miss You (feat. Julia Michaels)","Clean Bandit",4905469,https://open.spotify.com/track/2xmrfQpmS2iJExTlklLoAL
147,"More Than You Know","Axwell /\ Ingrosso",4853375,https://open.spotify.com/track/71bBFbfn2OBK5QwUJSLS44
148,Redbone,"Childish Gambino",4821684,https://open.spotify.com/track/3kxfsdsCpFgN412fpnW85Y
149,"Done For Me (feat. Kehlani)","Charlie Puth",4802898,https://open.spotify.com/track/76S09sHj7GGMJAtOLjmVQ2
150,"You Can Cry",Marshmello,4790339,https://open.spotify.com/track/3ZbJMlEL4Kcme0ONRO7Slx
151,"El Farsante - Remix",Ozuna,4779724,https://open.spotify.com/track/7uYgVgRSgqluZclLS7wpp4
152,"PICK IT UP (feat. A$AP Rocky)","Famous Dex",4772947,https://open.spotify.com/track/0dSIrRkA4PadGll16TgbnV
153,"Whatever It Takes","Imagine Dragons",4770949,https://open.spotify.com/track/7F3uo3304R2CTvOseU3H7u
154,Location,Khalid,4750822,https://open.spotify.com/track/152lZdxL1OR0ZMW6KquMif
155,Ahora,"J Balvin",4741650,https://open.spotify.com/track/54OB85nuxYGfl7qRQXuz7c
156,"Bum Bum Tam Tam","MC Fioti",4713723,https://open.spotify.com/track/4zWO4gvuFtw6EJZC5FFGlr
157,1-800-273-8255,Logic,4712876,https://open.spotify.com/track/5tz69p7tJuGPeMGwNTxYuV
158,"Waiting For Love",Avicii,4682893,https://open.spotify.com/track/6nsLzJfvp5OLd4mgqUJkpq
159,Closer,"The Chainsmokers",4672102,https://open.spotify.com/track/7BKLCZ1jbUBVqRi2FVlTVw
160,Attention,"Charlie Puth",4658830,https://open.spotify.com/track/4iLqG9SeJSnt0cSPICSjxv
161,"1985 - Intro to “The Fall Off”","J. Cole",4658133,https://open.spotify.com/track/7EulRO07ZgchxqKUHb8Pvc
162,"I Like Me Better",Lauv,4638712,https://open.spotify.com/track/1wjzFQodRWrPcQ0AnYnvQ9
163,"Por Perro","Sebastian Yatra",4635203,https://open.spotify.com/track/1XM5PgxjpYcF0JuE9nfUbS
164,Anywhere,"Rita Ora",4600201,https://open.spotify.com/track/7EI6Iki24tBHAMxtb4xQN2
165,Hunger,"Florence + The Machine",4592269,https://open.spotify.com/track/6HJcuxVgYjxcYDnPG0ystc
166,"Him & I (with Halsey)",G-Eazy,4561257,https://open.spotify.com/track/5k38wzpLb15YgncyWdTZE4
167,"Me Rehúso","Danny Ocean",4560376,https://open.spotify.com/track/6De0lHrwBfPfrhorm9q1Xl
168,"Bank Account","21 Savage",4549573,https://open.spotify.com/track/2fQrGHiQOvpL9UgPvtYy6G
169,"Mi Gente","J Balvin",4544002,https://open.spotify.com/track/2rb5MvYT7ZIxbKW5hfcHx8
170,"Sorry Not Sorry","Demi Lovato",4541541,https://open.spotify.com/track/3m660poUr1chesgkkjQM7P
171,"1942 (feat. Yo Gotti & YBN Nahmir)",G-Eazy,4526378,https://open.spotify.com/track/794QVQtFNy7hvtjQP1keQd
172,Barking,Ramz,4494883,https://open.spotify.com/track/7amMgNDcObIDkIXv4xcvc2
173,"Despacito - Remix","Luis Fonsi",4478066,https://open.spotify.com/track/5CtI0qwDJkDQGwXD1H1cLb
174,Beautiful,Bazzi,4472327,https://open.spotify.com/track/5TVirkSwFEXF1nLJEebe2I
175,Esperándote,"Manuel Turizo",4449088,https://open.spotify.com/track/1nfyE13arjOuO54HH0zmqj
176,"Nena Maldicion (feat. Lenny Tavarez)","Paulo Londra",4448525,https://open.spotify.com/track/3TnhQSRwT3AVMdXw5JPq0x
177,"For You (Fifty Shades Freed) (& Rita Ora)","Liam Payne",4414074,https://open.spotify.com/track/5hM6sP0Gh1jD57drszNueC
178,"Bella - Remix",Wolfine,4413766,https://open.spotify.com/track/0SaYeGhSXN0dDWstyNTQ56
179,Paradise,"George Ezra",4407031,https://open.spotify.com/track/38zwkK6TtTjIW9tpYBfZ3D
180,"Fuck Love (feat. Trippie Redd)",XXXTENTACION,4398557,https://open.spotify.com/track/7AQim7LbvFVZJE3O8TYgf2
181,Bloom,"Troye Sivan",4392718,https://open.spotify.com/track/1hSOt9IeshMkuKP9ri4hOf
182,"Drink About",Seeb,4392138,https://open.spotify.com/track/2GGGm4MLQynB3I4E4ycIYC
183,"BUTTERFLY EFFECT","Travis Scott",4388619,https://open.spotify.com/track/1yxgsra98r3qAtxqiGZPiX
184,"Drip (feat. Migos)","Cardi B",4332075,https://open.spotify.com/track/2qcG0nZ6S3zZV0UrkY5nFo
185,Africa,TOTO,4326075,https://open.spotify.com/track/2374M0fQpWi3dLnB54qaLX
186,"Bartier Cardi (feat. 21 Savage)","Cardi B",4289711,https://open.spotify.com/track/0dIoGTQXDh1wVnhIiSyYEa
187,"To My Love - Tainy Remix","Bomba Estéreo",4264229,https://open.spotify.com/track/5LciLoxa1gK70yIUeoHgRx
188,"Plain Jane","A$AP Ferg",4216655,https://open.spotify.com/track/4dVpf9jZjcORqGTLUaeYj9
189,"Chasing Fire",Lauv,4206249,https://open.spotify.com/track/1xy4apMFecGGkgBeaHFZ2M
190,"There's Nothing Holdin' Me Back","Shawn Mendes",4196111,https://open.spotify.com/track/79cuOz3SPQTuFrp8WgftAu
191,"That's What I Like","Bruno Mars",4187543,https://open.spotify.com/track/0KKkJNfGyhkQ5aFogxQAPU
192,"Thinking out Loud","Ed Sheeran",4169095,https://open.spotify.com/track/1Slwb6dOYkBlWal1PGtnNg
193,"I'm Yours","Jason Mraz",4140058,https://open.spotify.com/track/3S0OXQeoh0w6AY8WQVckRW
194,Betrayed,"Lil Xan",4126209,https://open.spotify.com/track/4vaxvNDaLSoD36iZX515ug
195,"Red Roses (feat. Landon Cube)","Lil Skies",4098969,https://open.spotify.com/track/3ZhTT6yjZwpPph5MIJ53XY
196,"Symphony (feat. Zara Larsson)","Clean Bandit",4091442,https://open.spotify.com/track/1x5sYLZiu9r5E43kMlt9f8
197,Photograph,"Ed Sheeran",4089546,https://open.spotify.com/track/6fxVffaTuwjgEk5h9QyRjy
198,"Se Preparó",Ozuna,4080101,https://open.spotify.com/track/1m69ELEgE6k5ZWsap40ozt
199,"Wonderwall - Remastered",Oasis,4055119,https://open.spotify.com/track/5qqabIl2vWzo9ApSC317sa
200,"How Long","Charlie Puth",4051458,https://open.spotify.com/track/32DGGj6KlNuBr6WaqRxpxi
