,,,"Note that these figures are generated using a formula that protects against any artificial inflation of chart positions.",
Position,"Track Name",Artist,Streams,URL
1,"This Is America","Childish Gambino",34989790,https://open.spotify.com/track/0b9oOr2ZgvyQu88wzixux9
2,"Better Now","Post Malone",32111555,https://open.spotify.com/track/7dt6x5M1jzdTEt8oCbisTK
3,"One Kiss (with Dua Lipa)","Calvin Harris",28915990,https://open.spotify.com/track/7ef4DlsgrMEH11cDZd32M6
4,"Nice For What",Drake,28713242,https://open.spotify.com/track/1cTZMwcBJT0Ka3UJPXOeeN
5,"no tears left to cry","Ariana Grande",25525500,https://open.spotify.com/track/5SxkdsY1ufZzoq9iXceLw9
6,"God's Plan",Drake,25294642,https://open.spotify.com/track/2XW4DbS6NddZxRPm5rMCeY
7,"Psycho (feat. Ty Dolla $ign)","Post Malone",23868633,https://open.spotify.com/track/3swc6WTsr7rl9DqQKQA55C
8,FRIENDS,Marshmello,20990336,https://open.spotify.com/track/08bNPGLD8AhKpnnERrAc6G
9,X,"Nicky Jam",20162380,https://open.spotify.com/track/39N9RPD9MRb5WmoLzNzPeA
10,"I Like It","Cardi B",18878956,https://open.spotify.com/track/58q2HKrzhC3ozto2nDdN4z
11,"Te Boté - Remix","Nio Garcia",18249321,https://open.spotify.com/track/3V8UKqhEK5zBkBb6d6ub8i
12,"rockstar (feat. 21 Savage)","Post Malone",18008781,https://open.spotify.com/track/0e7ipj03S05BNilyu5bRzt
13,"The Middle",Zedd,17227224,https://open.spotify.com/track/2ARqIya5NAuvFVHSN3bL0m
14,"Freaky Friday (feat. Chris Brown)","Lil Dicky",16010120,https://open.spotify.com/track/10Igtw8bSDyyFs7KIsKngZ
15,"Love Lies (with Normani)",Khalid,15711995,https://open.spotify.com/track/45Egmo7icyopuzJN0oMEdk
16,Paranoid,"Post Malone",15204447,https://open.spotify.com/track/3fpVWegR6YOS1Yk5HSMYIq
17,"Look Alive (feat. Drake)","BlocBoy JB",14702549,https://open.spotify.com/track/4qKcDkK6siZ7Jp1Jb4m0aL
18,"Call Out My Name","The Weeknd",14663727,https://open.spotify.com/track/1gm616Plq4ScqNi7TVkZ5N
19,"Back To You - From 13 Reasons Why – Season 2 Soundtrack","Selena Gomez",14575836,https://open.spotify.com/track/4hQ6UGyWQIGJmHSo0J88JW
20,Nevermind,"Dennis Lloyd",14023147,https://open.spotify.com/track/63SevszngYpZOwf63o61K4
21,IDGAF,"Dua Lipa",13674838,https://open.spotify.com/track/76cy1WJvNGJTj78UqeA5zr
22,"These Days (feat. Jess Glynne, Macklemore & Dan Caplen)",Rudimental,13435439,https://open.spotify.com/track/5CLGzJsGqhCEECcpnFQA8x
23,Flames,"David Guetta",12634096,https://open.spotify.com/track/33IOhptvC2Qoy2UhjiHXLV
24,OTW,Khalid,12410529,https://open.spotify.com/track/6Hgh47WXVKtXN5zGOu0hjI
25,SAD!,XXXTENTACION,12071043,https://open.spotify.com/track/3ee8Jmje8o58CHK66QrVC2
26,Stay,"Post Malone",12032386,https://open.spotify.com/track/4H7WNRErSbONkM06blBoGc
27,"In My Blood","Shawn Mendes",11746314,https://open.spotify.com/track/79jX8RM5CgPqDKdGEKNW9K
28,"Spoil My Night (feat. Swae Lee)","Post Malone",11703507,https://open.spotify.com/track/5VuxWXbt7XENQCtE9TzpTv
29,"Remind Me to Forget",Kygo,11693940,https://open.spotify.com/track/6xTU6B6nFwKKTSZ9ySXS80
30,"Me Niego (feat. Ozuna & Wisin)",Reik,11533017,https://open.spotify.com/track/6jA8JUuPCGYjFcgw0AoM5T
31,"Meant to Be (feat. Florida Georgia Line)","Bebe Rexha",11188449,https://open.spotify.com/track/7iDa6hUg2VgEL1o1HjmfBn
32,"Youth (feat. Khalid)","Shawn Mendes",11135859,https://open.spotify.com/track/3Wf2YGdYT8xVdNsQSoRKk9
33,"All The Stars (with SZA)","Kendrick Lamar",11038117,https://open.spotify.com/track/3GCdLUSnKSMJhs4Tj6CV3s
34,Youngblood,"5 Seconds of Summer",10893080,https://open.spotify.com/track/55S2PQgSMYAhgoTCcGCDfw
35,"Rich & Sad","Post Malone",10891850,https://open.spotify.com/track/2VdT56BGpdqNHUgOe1j5vc
36,"Ball For Me (feat. Nicki Minaj)","Post Malone",10825834,https://open.spotify.com/track/6IaieqiCVvsNvEt6Y7yOFa
37,Mine,Bazzi,10728608,https://open.spotify.com/track/7uzmGiiJyRfuViKKK3lVmR
38,"Walk It Talk It",Migos,10429204,https://open.spotify.com/track/6n4U3TlzUGhdSFbUUhTvLP
39,"Havana (feat. Young Thug)","Camila Cabello",10425506,https://open.spotify.com/track/1rfofaqEpACxVEHIZBJe6W
40,"Playinwitme (feat. Kehlani)",KYLE,10399163,https://open.spotify.com/track/43cFjTTCD9Cni4aSL0sORz
41,"Plug Walk","Rich The Kid",10281101,https://open.spotify.com/track/6mAz8D1TmlTuef90dbNIiZ
42,"Watch (feat. Lil Uzi Vert & Kanye West)","Travis Scott",10112113,https://open.spotify.com/track/3DoBTwfr8yi2LN08SBpFkN
43,"Candy Paint","Post Malone",9572243,https://open.spotify.com/track/32lItqlMi4LBhb4k0BaSaC
44,"1, 2, 3 (feat. Jason Derulo & De La Ghetto)","Sofía Reyes",9571771,https://open.spotify.com/track/4QtiVmuA88tPQiCOHZuQ5b
45,2002,Anne-Marie,9568392,https://open.spotify.com/track/6SFStUDQZNaGPKWOx9ZiJB
46,KOD,"J. Cole",9444924,https://open.spotify.com/track/7yotKA30dwTKNEGomV9ZsI
47,"Like I Do","David Guetta",9437798,https://open.spotify.com/track/6RnkFd8Fqqgk1Uni8RgqCQ
48,"Over Now","Post Malone",9270442,https://open.spotify.com/track/09IOPhEh1OMe0HD9b36FJk
49,"Shape of You","Ed Sheeran",9077750,https://open.spotify.com/track/7qiZfU4dY1lWllzX7mPBI3
50,Dura,"Daddy Yankee",8779337,https://open.spotify.com/track/2j2fIJGh4PMdXt9ULI5Tlc
51,"New Rules","Dua Lipa",8704310,https://open.spotify.com/track/2ekn2ttSfGqwhhate0LSR0
52,"Girls (feat. Cardi B, Bebe Rexha & Charli XCX)","Rita Ora",8480999,https://open.spotify.com/track/1YNQscOx6OqBQjxgJVhEeW
53,"Powerglide (feat. Juicy J) - From SR3MM","Rae Sremmurd",8350336,https://open.spotify.com/track/1BuZAIO8WZpavWVbbq3Lci
54,"Ric Flair Drip (& Metro Boomin)",Offset,8227429,https://open.spotify.com/track/7sO5G9EABYOXQKNPNiE9NR
55,"Four Out Of Five","Arctic Monkeys",8195898,https://open.spotify.com/track/5Z5nbOXhsSbySVC7WUc6y9
56,"Zack And Codeine","Post Malone",8135409,https://open.spotify.com/track/5lZZmityu9TAjNvSY6GLhR
57,JAPAN,"Famous Dex",8061314,https://open.spotify.com/track/5PTG6rrL6EPFD9E2QMI2pl
58,"Mad Love","Sean Paul",8002358,https://open.spotify.com/track/3soOPBuMK8YMdWnV7xpEyf
59,"92 Explorer","Post Malone",7979034,https://open.spotify.com/track/1D2L6MefbXon28PzIk9I3r
60,"Same Bitches (feat. G-Eazy & YG)","Post Malone",7921762,https://open.spotify.com/track/688QpQAwqsLdBR6lr13wK1
61,"Échame La Culpa","Luis Fonsi",7854007,https://open.spotify.com/track/1zsG4eaZmkA1dvjDDsAGLK
62,Familiar,"Liam Payne",7840767,https://open.spotify.com/track/0Y4hwUppbGc8aIBmiTz30A
63,"Dura - Remix","Daddy Yankee",7806230,https://open.spotify.com/track/6U2NuJILEOEpW2tVCuqKHb
64,"Síguelo Bailando",Ozuna,7683712,https://open.spotify.com/track/5Y9fnynLlIvqtM710MHzfz
65,Perfect,"Ed Sheeran",7629055,https://open.spotify.com/track/0tgVpDi06FyKpA1z0VMD4v
66,"I Fall Apart","Post Malone",7578709,https://open.spotify.com/track/75ZvA4QfFiZvzhj2xkaWAh
67,"Let Me",ZAYN,7541797,https://open.spotify.com/track/7Fg342AJtNsIDdwCfX0paC
68,"Takin' Shots","Post Malone",7408329,https://open.spotify.com/track/5ffntNJnJOeFv7b7DCd0Bw
69,Somebody,"The Chainsmokers",7218881,https://open.spotify.com/track/3pWcj8hxj3fsb9TDAcMpEl
70,"Wake Me Up - Radio Edit",Avicii,7115521,https://open.spotify.com/track/6g1NlCpW7fgqDnWbCCDrHl
71,"El Préstamo",Maluma,7068529,https://open.spotify.com/track/0QS5rZpm5zN9wV9lJgjyUE
72,"lovely (with Khalid)","Billie Eilish",7048843,https://open.spotify.com/track/0u2P5u6lvoDfwTYjAADbn4
73,"Déjala Que Vuelva (feat. Manuel Turizo)","Piso 21",7031861,https://open.spotify.com/track/1j6xOGusnyXq3l6IryKF3G
74,"Star Treatment","Arctic Monkeys",6975933,https://open.spotify.com/track/0b93tWwuoAC0nXe1CfR30I
75,"La player (Bandolera)","Zion & Lennox",6965770,https://open.spotify.com/track/0VKkyBKCXyR99navhVRqcP
76,"Sin Pijama","Becky G",6953849,https://open.spotify.com/track/2ijef6ni2amuunRoKTlgww
77,"XO Tour Llif3","Lil Uzi Vert",6622163,https://open.spotify.com/track/7GX5flRQZVHRAGd6B4TmDO
78,Otherside,"Post Malone",6573302,https://open.spotify.com/track/4qWCFTuNnmGNdY4egtb4ZY
79,Genius,Sia,6572991,https://open.spotify.com/track/73F87Sqh6jQWucOOvz1WFx
80,Believer,"Imagine Dragons",6558783,https://open.spotify.com/track/7Izh7zLJGw1Nscd62Exxj4
81,Delicate,"Taylor Swift",6556975,https://open.spotify.com/track/6NFyWDv5CjfwuzoCkw47Xf
82,Thunder,"Imagine Dragons",6542477,https://open.spotify.com/track/26gceVsA1ybT8qsX3aYLEn
83,"Say Something (feat. Chris Stapleton)","Justin Timberlake",6540430,https://open.spotify.com/track/1LhMopPAallLeaeNutqbgS
84,"Never Be the Same","Camila Cabello",6508388,https://open.spotify.com/track/4eWQlBRaTjPPUlzacqEeoQ
85,Wolves,"Selena Gomez",6484845,https://open.spotify.com/track/7EmGUiUaOSGDnUUQUDrOXC
86,"Shoota (feat. Lil Uzi Vert)","Playboi Carti",6484798,https://open.spotify.com/track/2BJSMvOGABRxokHKB0OI8i
87,1950,"King Princess",6463346,https://open.spotify.com/track/0CZ8lquoTX2Dkg7Ak2inwA
88,Bella,Wolfine,6433975,https://open.spotify.com/track/3xcCix7Jv1Rp90YVmgo35D
89,Criminal,"Natti Natasha",6426376,https://open.spotify.com/track/6Za3190Sbw39BBC77WSS1C
90,"I Wanna Know (feat. Bea Miller)",NOTD,6320442,https://open.spotify.com/track/18W92Zm1KjLCbUIszOhpkD
91,"One Point Perspective","Arctic Monkeys",6301161,https://open.spotify.com/track/1t67WYNfUxfOiwaz7SJ66b
92,"King's Dead (with Kendrick Lamar, Future & James Blake)","Jay Rock",6264344,https://open.spotify.com/track/51rXHuKN8Loc4sUlKPODgH
93,"Te Amo","Piso 21",6216627,https://open.spotify.com/track/2RVrdr062uLFxXwIxwdXPH
94,"Without You (feat. Sandro Cavazza)",Avicii,6209131,https://open.spotify.com/track/6WbADFqMvR8N5u0BvtsWQE
95,Moonlight,XXXTENTACION,6110604,https://open.spotify.com/track/0JP9xo3adEtGSdUEISiszL
96,Chun-Li,"Nicki Minaj",6077776,https://open.spotify.com/track/2gTYVoQCUh0QNUaFix01ld
97,"Feel It Still","Portugal. The Man",6022200,https://open.spotify.com/track/6QgjcU0zLnzq5OrUoSZ3OK
98,"Finesse - Remix; feat. Cardi B","Bruno Mars",6014810,https://open.spotify.com/track/3Vo4wInECJQuz9BIBMOu8i
99,Esskeetit,"Lil Pump",6005116,https://open.spotify.com/track/44KKhCyI0BGS6LvVyDqJtH
100,"Done for Me (feat. Kehlani)","Charlie Puth",5986583,https://open.spotify.com/track/1lsBTdE6MGsKeZCD6llNu7
101,"Be Careful","Cardi B",5957142,https://open.spotify.com/track/2Yl4OmDby9iitgNWZPwxkd
102,"Blame It On Me","Post Malone",5923691,https://open.spotify.com/track/1ZemPoaj7LBj1RAQrb89EC
103,"Tranquility Base Hotel & Casino","Arctic Monkeys",5904665,https://open.spotify.com/track/2URDbWGmPz3vhagl25p8OC
104,Dembow,"Danny Ocean",5900299,https://open.spotify.com/track/2EzRdhuoPyNJDlep7lnNf2
105,"Pray For Me (with Kendrick Lamar)","The Weeknd",5864842,https://open.spotify.com/track/4ofvoCdXq99vpMZO4Cfp8x
106,HUMBLE.,"Kendrick Lamar",5831911,https://open.spotify.com/track/7KXjTSCq5nL1LoYtL7XAwS
107,"Too Good At Goodbyes","Sam Smith",5826489,https://open.spotify.com/track/1mXVgsBdtIVeCLJnSnmtdV
108,"Madura (feat. Bad Bunny)",Cosculluela,5815467,https://open.spotify.com/track/0r9d60ZYPAlFHq8qnUtkXN
109,Corazón,Maluma,5794236,https://open.spotify.com/track/4lESS6vuruP6a79KWRaQou
110,Congratulations,"Post Malone",5777015,https://open.spotify.com/track/3a1lNhkSLSkpJE4MSHpDu9
111,Silence,Marshmello,5762539,https://open.spotify.com/track/7vGuf3Y35N4wmASOKLUVVU
112,"Jocelyn Flores",XXXTENTACION,5756803,https://open.spotify.com/track/7m9OqQk4RVRkw9JJdeAw96
113,Happier,"Ed Sheeran",5645332,https://open.spotify.com/track/2RttW7RAu5nOAfq6YFvApB
114,Attention,"Charlie Puth",5627480,https://open.spotify.com/track/5cF0dROlMOK5uNZtivgu50
115,"Yes Indeed","Lil Baby",5580381,https://open.spotify.com/track/1wsf1YFQSYND45y0GzJmf7
116,Amorfoda,"Bad Bunny",5573531,https://open.spotify.com/track/3ITvHA9zhZZdBJsOsAUegF
117,"Young Dumb & Broke",Khalid,5552207,https://open.spotify.com/track/5Z3GHaZ6ec9bsiI5BenrbY
118,"I'll Be There","Jess Glynne",5475562,https://open.spotify.com/track/083Qf6hn6sFL6xiOHlZUyn
119,Audio,Sia,5443651,https://open.spotify.com/track/7boPPE857KEqCIHNwFkDop
120,"Sugar Wraith","Post Malone",5443160,https://open.spotify.com/track/0MrRAUcB8AZiB9ue2VOBYe
121,"Stir Fry",Migos,5443044,https://open.spotify.com/track/2UVbBKQOdFAekPTRsnkzcf
122,Downtown,Anitta,5397667,https://open.spotify.com/track/3Ga6eKrUFf12ouh9Yw3v2D
123,Redbone,"Childish Gambino",5397057,https://open.spotify.com/track/3kxfsdsCpFgN412fpnW85Y
124,"Let You Down",NF,5305194,https://open.spotify.com/track/6mrKP2jyIQmM0rw6fQryjr
125,"Lucid Dreams","Juice WRLD",5274078,https://open.spotify.com/track/32iYwQ4OYiurnGnOfJ1aEh
126,"Answerphone (feat. Yxng Bane)","Banx & Ranx",5259484,https://open.spotify.com/track/1HagMz5nWk1HmevNCBOxF3
127,"River (feat. Ed Sheeran)",Eminem,5242168,https://open.spotify.com/track/5UEnHoDYpsxlfzWLZIc7LD
128,"American Sports","Arctic Monkeys",5238316,https://open.spotify.com/track/2HbYLDA1SigY1ilC94ieVu
129,"Say You Won't Let Go","James Arthur",5218321,https://open.spotify.com/track/5uCax9HTNlzGybIStD3vDh
130,Sensualidad,"Bad Bunny",5171883,https://open.spotify.com/track/5hcisvFMidkMJlElTO9Qmw
131,"Por Perro","Sebastian Yatra",5151769,https://open.spotify.com/track/1XM5PgxjpYcF0JuE9nfUbS
132,Everyday,Logic,5079664,https://open.spotify.com/track/4EAV2cKiqKP5UPZmY6dejk
133,"Lonely Together (feat. Rita Ora)",Avicii,5073428,https://open.spotify.com/track/2OALaHcDdKkjYEpAr0Qzab
134,"Bella - Remix",Wolfine,5063563,https://open.spotify.com/track/0SaYeGhSXN0dDWstyNTQ56
135,"All Girls Are The Same","Juice WRLD",5060708,https://open.spotify.com/track/1dNyRyz1QBN9kO1etUs1PI
136,Unforgettable,"French Montana",5041420,https://open.spotify.com/track/3B54sVLJ402zGa6Xm4YGNe
137,"Kevin’s Heart","J. Cole",5017901,https://open.spotify.com/track/6tZ3b7ik1QDXFAZlXib0YZ
138,Toy,Netta,5017746,https://open.spotify.com/track/7vuTcvFnvlqWlWb4u60nvY
139,"New Light","John Mayer",5009478,https://open.spotify.com/track/3bH4HzoZZFq8UpZmI2AMgV
140,Breathe,"Jax Jones",4992252,https://open.spotify.com/track/6tvQzeCPwOytDlBYCIOY0n
141,"Dusk Till Dawn - Radio Edit",ZAYN,4986085,https://open.spotify.com/track/1j4kHkkpqZRBwE0A4CN4Yv
142,"One Dance",Drake,4948560,https://open.spotify.com/track/1xznGGDReH1oQq0xzbwXa3
143,"How Long","Charlie Puth",4942798,https://open.spotify.com/track/6wmAHw1szh5RCKSRjiXhPe
144,"What Lovers Do (feat. SZA)","Maroon 5",4935024,https://open.spotify.com/track/3hBBKuWJfxlIlnd9QFoC8k
145,"Let Me Go (with Alesso, Florida Georgia Line & watt)","Hailee Steinfeld",4910625,https://open.spotify.com/track/5AEtlRudpgdT5FtNiuly6Y
146,"This Is Me","Keala Settle",4869553,https://open.spotify.com/track/2xGjteMU3E1tkEPVFBO08U
147,"Golden Trunks","Arctic Monkeys",4865399,https://open.spotify.com/track/0U6Vg6RUmzADUO0Y9fVKft
148,"Something Just Like This","The Chainsmokers",4853823,https://open.spotify.com/track/6RUKPb4LETWmmr3iAEQktW
149,"Rewrite The Stars","Zac Efron",4843033,https://open.spotify.com/track/630sXRhIcfwr2e4RdNtjKN
150,Solita,Ozuna,4822300,https://open.spotify.com/track/7rwX0O3RlxqqIjQM8evm5E
151,changes,XXXTENTACION,4779694,https://open.spotify.com/track/7AFASza1mXqntmGtbxXprO
152,"Perfect Duet (Ed Sheeran & Beyoncé)","Ed Sheeran",4770166,https://open.spotify.com/track/1bhUWB0zJMIKr9yVPrkEuI
153,"I Miss You (feat. Julia Michaels)","Clean Bandit",4765961,https://open.spotify.com/track/2xmrfQpmS2iJExTlklLoAL
154,goosebumps,"Travis Scott",4757616,https://open.spotify.com/track/6gBFPUFcJLzWGx4lenP6h2
155,"Guatemala - From Swaecation","Rae Sremmurd",4756803,https://open.spotify.com/track/0TCnOEVeLQMXOUrpPlM7uY
156,ATM,"J. Cole",4748884,https://open.spotify.com/track/2UciqgwVDwro0fev3MFbxJ
157,Ahora,"J Balvin",4648539,https://open.spotify.com/track/54OB85nuxYGfl7qRQXuz7c
158,"Whatever It Takes","Imagine Dragons",4623631,https://open.spotify.com/track/7F3uo3304R2CTvOseU3H7u
159,"EL BAÑO (feat. Bad Bunny)","Enrique Iglesias",4611162,https://open.spotify.com/track/2vvdTrdryjsl8DmPIMDWZU
160,Location,Khalid,4591452,https://open.spotify.com/track/152lZdxL1OR0ZMW6KquMif
161,"PICK IT UP (feat. A$AP Rocky)","Famous Dex",4588646,https://open.spotify.com/track/0dSIrRkA4PadGll16TgbnV
162,1-800-273-8255,Logic,4562857,https://open.spotify.com/track/5tz69p7tJuGPeMGwNTxYuV
163,"Bank Account","21 Savage",4555159,https://open.spotify.com/track/2fQrGHiQOvpL9UgPvtYy6G
164,Closer,"The Chainsmokers",4552542,https://open.spotify.com/track/7BKLCZ1jbUBVqRi2FVlTVw
165,"El Farsante - Remix",Ozuna,4548835,https://open.spotify.com/track/7uYgVgRSgqluZclLS7wpp4
166,"I Like Me Better",Lauv,4539508,https://open.spotify.com/track/1wjzFQodRWrPcQ0AnYnvQ9
167,"More Than You Know","Axwell /\ Ingrosso",4532864,https://open.spotify.com/track/71bBFbfn2OBK5QwUJSLS44
168,"Bodak Yellow","Cardi B",4521320,https://open.spotify.com/track/6KBYefIoo7KydImq1uUQlL
169,"The World's First Ever Monster Truck Front Flip","Arctic Monkeys",4442120,https://open.spotify.com/track/5rqQTEIVK2PTuXU9GI2wT0
170,"Nena Maldicion (feat. Lenny Tavarez)","Paulo Londra",4419931,https://open.spotify.com/track/3TnhQSRwT3AVMdXw5JPq0x
171,"Mi Gente","J Balvin",4415091,https://open.spotify.com/track/2rb5MvYT7ZIxbKW5hfcHx8
172,"La Cintura","Alvaro Soler",4381287,https://open.spotify.com/track/19MBk3PbNFE36wqIqkMq9H
173,"Sorry Not Sorry","Demi Lovato",4366675,https://open.spotify.com/track/3m660poUr1chesgkkjQM7P
174,"Me Rehúso","Danny Ocean",4360111,https://open.spotify.com/track/6De0lHrwBfPfrhorm9q1Xl
175,"Him & I (with Halsey)",G-Eazy,4277158,https://open.spotify.com/track/5k38wzpLb15YgncyWdTZE4
176,Africa,TOTO,4260192,https://open.spotify.com/track/2374M0fQpWi3dLnB54qaLX
177,Fuego,"Eleni Foureira",4250022,https://open.spotify.com/track/22ppznuzVF9LKamaaqMMqu
178,Esperándote,"Manuel Turizo",4219192,https://open.spotify.com/track/1nfyE13arjOuO54HH0zmqj
179,"Levels - Radio Edit",Avicii,4218026,https://open.spotify.com/track/5B03nSG8pLE48jh7kmasuL
180,"Clout (feat. 21 Savage)","Ty Dolla $ign",4203727,https://open.spotify.com/track/1u0CD4fcBUB1xrG9fNgejh
181,"To My Love - Tainy Remix","Bomba Estéreo",4166190,https://open.spotify.com/track/5LciLoxa1gK70yIUeoHgRx
182,"Despacito - Remix","Luis Fonsi",4165727,https://open.spotify.com/track/5CtI0qwDJkDQGwXD1H1cLb
183,"Drink About",Seeb,4157212,https://open.spotify.com/track/2GGGm4MLQynB3I4E4ycIYC
184,"Fuck Love (feat. Trippie Redd)",XXXTENTACION,4138867,https://open.spotify.com/track/7AQim7LbvFVZJE3O8TYgf2
185,Barking,Ramz,4122614,https://open.spotify.com/track/7amMgNDcObIDkIXv4xcvc2
186,Motiv8,"J. Cole",4122190,https://open.spotify.com/track/1AT4xjNarTswd0UZ5FlmKF
187,"I'm Yours","Jason Mraz",4121399,https://open.spotify.com/track/3S0OXQeoh0w6AY8WQVckRW
188,"Thinking out Loud","Ed Sheeran",4117351,https://open.spotify.com/track/1Slwb6dOYkBlWal1PGtnNg
189,Anywhere,"Rita Ora",4111204,https://open.spotify.com/track/7EI6Iki24tBHAMxtb4xQN2
190,"Sick Boy","The Chainsmokers",4110384,https://open.spotify.com/track/08hm0V6cTsWDX62hW42sEv
191,"For You (Fifty Shades Freed) (& Rita Ora)","Liam Payne",4109389,https://open.spotify.com/track/5hM6sP0Gh1jD57drszNueC
192,"1942 (feat. Yo Gotti & YBN Nahmir)",G-Eazy,4099817,https://open.spotify.com/track/794QVQtFNy7hvtjQP1keQd
193,"BUTTERFLY EFFECT","Travis Scott",4092059,https://open.spotify.com/track/1yxgsra98r3qAtxqiGZPiX
194,"Jettski Grizzley (feat. Lil Pump)","Tee Grizzley",4067764,https://open.spotify.com/track/2VKf0WEOpq06JE5PTNr9wa
195,"Duro y Suave","Leslie Grace",4067674,https://open.spotify.com/track/31M5m42C3EGlbydf9XB5to
196,Neymar,"Capital Bra",4066645,https://open.spotify.com/track/0d0d2CuQSQDF7Q7vNhwA3i
197,"Science Fiction","Arctic Monkeys",4050311,https://open.spotify.com/track/6hkfgHhYXyDVYahUOZhGRd
198,"That's What I Like","Bruno Mars",4048667,https://open.spotify.com/track/0KKkJNfGyhkQ5aFogxQAPU
199,Betrayed,"Lil Xan",4026341,https://open.spotify.com/track/4vaxvNDaLSoD36iZX515ug
200,"You Can Cry",Marshmello,4022664,https://open.spotify.com/track/3ZbJMlEL4Kcme0ONRO7Slx
