,,,"Note that these figures are generated using a formula that protects against any artificial inflation of chart positions.",
Position,"Track Name",Artist,Streams,URL
1,"HIGHEST IN THE ROOM","Travis Scott",48161108,https://open.spotify.com/track/3eekarcy7kvN4yt5ZFzltW
2,"Dance Monkey","Tones And I",37248929,https://open.spotify.com/track/1rgnBhdG2JDFTbYkYRZAku
3,Señorita,"Shawn Mendes",32898929,https://open.spotify.com/track/6v3KW9xbzN5yKLt9YKDYA2
4,Circles,"Post Malone",30376180,https://open.spotify.com/track/21jGcNKet2qwijlDFuPiPb
5,"10,000 Hours (with Justin Bieber)","Dan + Shay",26054266,https://open.spotify.com/track/2wrJq5XKLnmhRXHIAf9xBa
6,"Someone You Loved","Lewis Capaldi",23509860,https://open.spotify.com/track/7qEHsqek33rTcFNT9PFqLf
7,"Beautiful People (feat. Khalid)","Ed Sheeran",20801853,https://open.spotify.com/track/70eFcWOvlMObDhURTqT4Fv
8,Lalala,Y2K,20427457,https://open.spotify.com/track/51Fjme0JiitpyXKuyQiCDo
9,China,"Anuel AA",19162610,https://open.spotify.com/track/2ksOAxtIxY8yElEWw8RhgK
10,Memories,"Maroon 5",19062367,https://open.spotify.com/track/2b8fOow8UzyDFAE27YhOZM
11,"How Do You Sleep?","Sam Smith",18927426,https://open.spotify.com/track/6b2RcmUt1g9N9mQ3CbjX2Y
12,"bad guy","Billie Eilish",18164119,https://open.spotify.com/track/2Fxmhks0bxGSBdJ92vM42m
13,"Goodbyes (Feat. Young Thug)","Post Malone",18125052,https://open.spotify.com/track/6vBdBCoOhKHiYDDOcorfNo
14,"hot girl bummer",blackbear,16936122,https://open.spotify.com/track/7aiClxsDWFRQ0Kzk5KI5ku
15,"I Don't Care (with Justin Bieber)","Ed Sheeran",16538341,https://open.spotify.com/track/0hVXuCcriWRGvwMV1r5Yn9
16,Ransom,"Lil Tecca",16378228,https://open.spotify.com/track/1lOe9qE0vR9zwWQAOk6CoO
17,"Bandit (with YoungBoy Never Broke Again)","Juice WRLD",15831557,https://open.spotify.com/track/6Gg1gjgKi2AK4e0qzsR7sd
18,"Sunflower - Spider-Man: Into the Spider-Verse","Post Malone",15069378,https://open.spotify.com/track/0RiRZpuVRbi7oqRdSMwhQY
19,Panini,"Lil Nas X",14989217,https://open.spotify.com/track/1000nHvUdawXuUHgBod4Wv
20,"Don’t Call Me Angel (Charlie’s Angels) (with Miley Cyrus & Lana Del Rey)","Ariana Grande",14602503,https://open.spotify.com/track/3NkJNL3WqO1Lqc3uNDxvCN
21,Saint-Tropez,"Post Malone",14091041,https://open.spotify.com/track/05mDaV9Vb3wrzjF6OPZnhq
22,"Truth Hurts",Lizzo,13897709,https://open.spotify.com/track/5qmq61DAAOUaW8AUo8xKhh
23,Liar,"Camila Cabello",13257717,https://open.spotify.com/track/7LzouaWGFCy4tkXDOOnEyM
24,"Take What You Want (feat. Ozzy Osbourne & Travis Scott)","Post Malone",13063434,https://open.spotify.com/track/7CZyCXKG6d5ALeq41sLzbw
25,"Loco Contigo (feat. J. Balvin & Tyga)","DJ Snake",13033414,https://open.spotify.com/track/6osaMSJh9NguagEDQcZaKx
26,Callaita,"Bad Bunny",12986335,https://open.spotify.com/track/2TH65lNHgvLxCKXM3apjxI
27,"Adicto (with Anuel AA & Ozuna)",Tainy,12784551,https://open.spotify.com/track/3jbT1Y5MoPwEIpZndDDwVq
28,"Old Town Road - Remix","Lil Nas X",12632323,https://open.spotify.com/track/2YpeDb67231RjR0MgVLzsG
29,"Ride It",Regard,12367913,https://open.spotify.com/track/2tnVG71enUj33Ic2nFN6kZ
30,"No Me Conoce - Remix","Jhay Cortez",12319675,https://open.spotify.com/track/4R8BJggjosTswLxtkw8V7P
31,"LA CANCIÓN","J Balvin",12309405,https://open.spotify.com/track/0fea68AdmYNygeTGI4RC18
32,"223's (feat. 9lokknine)","YNW Melly",12075982,https://open.spotify.com/track/4sjiIpEv617LDXaidKioOI
33,"No Guidance (feat. Drake)","Chris Brown",12061373,https://open.spotify.com/track/6XHVuErjQ4XNm6nDPVCxVX
34,Graveyard,Halsey,11983949,https://open.spotify.com/track/6V9fHiv84WlVTg7CSnIVY2
35,Tutu,Camilo,11888210,https://open.spotify.com/track/1nocRtwyNPVtGcIJqfgdzZ
36,"Yo x Ti, Tu x Mi",ROSALÍA,11682343,https://open.spotify.com/track/7BlBVFwvbWvcwNcUarQmjk
37,"It's You","Ali Gatie",11235482,https://open.spotify.com/track/6moU77g9RQyMzHNuKEaQKq
38,"boyfriend (with Social House)","Ariana Grande",10951910,https://open.spotify.com/track/0Ryd8975WihbObpp5cPW1t
39,"Money In The Grave (Drake ft. Rick Ross)",Drake,10780344,https://open.spotify.com/track/5ry2OE6R2zPQFDO85XkgRb
40,"Takeaway (feat. Lennon Stella)","The Chainsmokers",10625364,https://open.spotify.com/track/6wo37KVqFJhtuxPTpLCcfe
41,"Higher Love",Kygo,10417563,https://open.spotify.com/track/6oJ6le65B3SEqPwMRNXWjY
42,"fuck, i'm lonely",Lauv,10414145,https://open.spotify.com/track/322tcqPhma7F6hfCeLisx0
43,"Piece Of Your Heart",MEDUZA,10283404,https://open.spotify.com/track/1DFD5Fotzgn6yYXkYsKiGs
44,"Good as Hell",Lizzo,10254273,https://open.spotify.com/track/3Yh9lZcWyKrK9GjbhuS0hR
45,"Enemies (feat. DaBaby)","Post Malone",9785800,https://open.spotify.com/track/0Xek5rqai2jcOWCYWJfVCF
46,"Hot (feat. Gunna)","Young Thug",9768494,https://open.spotify.com/track/5Z8HZM6iQMhhqyPcCGY5g9
47,Camelot,"NLE Choppa",9579243,https://open.spotify.com/track/4sWuPniHClkInYAnzXAYUF
48,"Hollywood's Bleeding","Post Malone",9394294,https://open.spotify.com/track/7sWRlDoTDX8geTR8zzr2vt
49,Shallow,"Lady Gaga",9357550,https://open.spotify.com/track/2VxeLyX666F8uXCJ0dZF8B
50,"Soltera - Remix",Lunay,9341449,https://open.spotify.com/track/1c0hsvHLELX6y8qymnpLKL
51,Lover,"Taylor Swift",9298271,https://open.spotify.com/track/1dGr1c8CrMLDpV6mPbImSI
52,"Otro Trago - Remix",Sech,9286462,https://open.spotify.com/track/4bTZeO72FwMa6wKOiqoynL
53,BOP,DaBaby,8931804,https://open.spotify.com/track/6Ozh9Ok6h4Oi1wUSLtBseN
54,"Writing on the Wall (feat. Post Malone & Cardi B)","French Montana",8834756,https://open.spotify.com/track/7x9nXsowok1JszkVztI5NI
55,"7 rings","Ariana Grande",8415832,https://open.spotify.com/track/6ocbgoVGwYJhOv1GgI9NsF
56,"The London (feat. J. Cole & Travis Scott)","J. Cole",8254036,https://open.spotify.com/track/3s4mrPrEFFPF0LmAfutW0n
57,"Cry for Me","Camila Cabello",8248479,https://open.spotify.com/track/40nPimvmG05WYS7983bawZ
58,"QUE PRETENDES","J Balvin",8151841,https://open.spotify.com/track/25ZAibhr3bdlMCLmubZDVt
59,Motivation,Normani,8128800,https://open.spotify.com/track/0rIAC4PXANcKmitJfoqmVm
60,Teeth,"5 Seconds of Summer",8026271,https://open.spotify.com/track/26wLOs3ZuHJa2Ihhx6QIE6
61,"lovely (with Khalid)","Billie Eilish",7979295,https://open.spotify.com/track/0u2P5u6lvoDfwTYjAADbn4
62,Wow.,"Post Malone",7938064,https://open.spotify.com/track/7xQAfvXzm3AkraOtGPWIZg
63,VIBEZ,DaBaby,7912851,https://open.spotify.com/track/0fySG6A6qLE8IvDpayb5bM
64,Happier,Marshmello,7845289,https://open.spotify.com/track/2dpaYNEQHiRxtZbfNsse99
65,110,"Capital Bra",7832614,https://open.spotify.com/track/67ojvEGRPAUCOohuMPqoRC
66,"Post Malone (feat. RANI)","Sam Feldt",7730374,https://open.spotify.com/track/36orMWv2PgvnzXsd5CJ0yL
67,"Si Te Vas",Sech,7726660,https://open.spotify.com/track/6Y4PDQv4XjYjHLeLmvyOt0
68,"SICKO MODE","Travis Scott",7544228,https://open.spotify.com/track/2xLMifQCjDGFmkHkpNLD9h
69,"11 PM",Maluma,7508903,https://open.spotify.com/track/7KbF6AdprOXEEHlsq11Z6d
70,Quizás,"Rich Music LTD",7469556,https://open.spotify.com/track/4AjWbAwRpxk2worpjNH5CS
71,I.F.L.Y.,Bazzi,7448950,https://open.spotify.com/track/4a6q8CR2hzLk2plDkSxkfD
72,"when the party's over","Billie Eilish",7400576,https://open.spotify.com/track/43zdsphuZLzwA9k4DJhU0I
73,"South of the Border (feat. Camila Cabello & Cardi B)","Ed Sheeran",7391073,https://open.spotify.com/track/4vUmTMuQqjdnvlZmAH61Qk
74,"Con Altura",ROSALÍA,7389294,https://open.spotify.com/track/2qG5sZ7Si6sdK74qLxedYM
75,Sucker,"Jonas Brothers",7370776,https://open.spotify.com/track/22vgEDb5hykfaTwLuskFGD
76,Fantasias,"Rauw Alejandro",7257637,https://open.spotify.com/track/6mAN61JH0dzyZpWslS11jy
77,"Bohemian Rhapsody - Remastered 2011",Queen,7196387,https://open.spotify.com/track/4u7EnebtmKWzUH433cf5Qv
78,"If I Can't Have You","Shawn Mendes",7160206,https://open.spotify.com/track/2bT1PH7Cw3J9p3t7nlXCdh
79,Roller,"Apache 207",7107799,https://open.spotify.com/track/5dhQeuLGmlhfwlI6BWfSpo
80,Lonely,Diplo,6926655,https://open.spotify.com/track/4fwo6czG5nvOQMzhOto1ya
81,Believer,"Imagine Dragons",6923952,https://open.spotify.com/track/0pqnGHJpmpxLKifKRmU6WP
82,"You Need To Calm Down","Taylor Swift",6897394,https://open.spotify.com/track/6RRNNciQGZEXnqk8SQ9yv5
83,"Qué Pena",Maluma,6851827,https://open.spotify.com/track/5099x34vBakWpGkHourFxP
84,"Die For Me (feat. Future & Halsey)","Post Malone",6845907,https://open.spotify.com/track/2C6WXnmZ66tHhHlnvwePiK
85,"rockstar (feat. 21 Savage)","Post Malone",6839903,https://open.spotify.com/track/0e7ipj03S05BNilyu5bRzt
86,"Talk (feat. Disclosure)",Khalid,6800425,https://open.spotify.com/track/6TqXcAFInzjp0bODyvrWEq
87,POPOPOP,Gambi,6796759,https://open.spotify.com/track/18HNGxDOcshRU2Hdu8tMOM
88,"Good Thing (with Kehlani)",Zedd,6789629,https://open.spotify.com/track/5aUSEPNd3m5xliFK4pn5mU
89,"Without Me",Halsey,6690781,https://open.spotify.com/track/5p7ujcrUXASCNwRaWNHR1C
90,Indeciso,Reik,6501581,https://open.spotify.com/track/59s0s39NFWScuHDbHytI14
91,"Dancing With A Stranger (with Normani)","Sam Smith",6426966,https://open.spotify.com/track/6Qs4SXO9dwPj5GKvVOv8Ki
92,"Que Calor (with J Balvin & El Alfa)","Major Lazer",6421390,https://open.spotify.com/track/1G2CAJeP7rCwOZjlSJ0Zw3
93,Outnumbered,"Dermot Kennedy",6418867,https://open.spotify.com/track/4Ta3PhWmY50ZLU1uhKFKPE
94,"On The Road (feat. Meek Mill & Lil Baby)","Post Malone",6387462,https://open.spotify.com/track/12Fkyg9lpmaz2zmKOfw2Y2
95,"Con Calma","Daddy Yankee",6371097,https://open.spotify.com/track/5w9c2J52mkdntKOmRLeM2m
96,"Eastside (with Halsey & Khalid)","benny blanco",6365652,https://open.spotify.com/track/7FGq80cy8juXBCD2nrqdWU
97,"3 Nights","Dominic Fike",6364173,https://open.spotify.com/track/1tNJrcVe6gwLEiZCtprs1u
98,Suge,DaBaby,6307508,https://open.spotify.com/track/2gwkD6igEhQbDQegRCcdoB
99,Feelings,Lauv,6256587,https://open.spotify.com/track/0y675KDleCZEudjoeL1sQQ
100,"Behind Barz - Bonus",Drake,6226761,https://open.spotify.com/track/4B7fTyj1FIPvP9tT5X3DnR
101,"El Favor (with Nicky Jam & Sech, feat. Farruko, Zion & Lunay)","Dímelo Flow",6214034,https://open.spotify.com/track/684EjRHwNsZQ9hCQxL4NYL
102,"Shape of You","Ed Sheeran",6205307,https://open.spotify.com/track/7qiZfU4dY1lWllzX7mPBI3
103,"Sweet but Psycho","Ava Max",6185437,https://open.spotify.com/track/25sgk305KZfyuqVBQIahim
104,goosebumps,"Travis Scott",6138292,https://open.spotify.com/track/6gBFPUFcJLzWGx4lenP6h2
105,"thank u, next","Ariana Grande",6103394,https://open.spotify.com/track/3e9HZxeyfWwjeyPAMmWSSQ
106,F.N,"Lil Tjay",6021144,https://open.spotify.com/track/0UPBidRYcgJ2mjZlk08V8x
107,Goteo,Duki,6005410,https://open.spotify.com/track/1EoEU4HY57qaITp06TkC6B
108,Bruises,"Lewis Capaldi",6004913,https://open.spotify.com/track/4Of7rzpRpV1mWRbhp5rAqG
109,"Baby (Lil Baby feat. DaBaby)","Quality Control",6004848,https://open.spotify.com/track/5MPPttjfGap2C6j6eKcO6J
110,"Stuck In A Dream (feat. Gunna)","Lil Mosey",5937536,https://open.spotify.com/track/5hDAT527wXWNBnJlujhuUs
111,Instagram,"Dimitri Vegas & Like Mike",5921483,https://open.spotify.com/track/0U6bQIAh6MCGo1xjbIIx2S
112,"Better Now","Post Malone",5898423,https://open.spotify.com/track/7dt6x5M1jzdTEt8oCbisTK
113,"Si Se Da - Remix","Myke Towers",5887660,https://open.spotify.com/track/6K5BsR04ijf3FHNzjbaagD
114,"Trampoline (with ZAYN)",SHAED,5879498,https://open.spotify.com/track/1iQDltZqI7BXnHrFy4Qo1k
115,"Playing Games (with Bryson Tiller) - Extended Version","Summer Walker",5870206,https://open.spotify.com/track/2xyx0o4xNOLLjBSbOOdcbA
116,"Never Really Over","Katy Perry",5854258,https://open.spotify.com/track/5PYQUBXc7NYeI1obMKSJK0
117,"One Thing Right",Marshmello,5851089,https://open.spotify.com/track/4hPpVbbakQNv8YTHYaOJP4
118,"Only Human","Jonas Brothers",5832738,https://open.spotify.com/track/0DiDStADDVh3SvAsoJAFMk
119,"Feel Special",TWICE,5825178,https://open.spotify.com/track/14rWuS6yllHOdfZ8sZsZUj
120,"Let Me Down Slowly","Alec Benjamin",5810614,https://open.spotify.com/track/2qxmye6gAegTMjLKEBoR3d
121,"Say You Won't Let Go","James Arthur",5754509,https://open.spotify.com/track/5uCax9HTNlzGybIStD3vDh
122,"Old Town Road","Lil Nas X",5695097,https://open.spotify.com/track/0F7FA14euOIX8KcbEturGH
123,Perfect,"Ed Sheeran",5691983,https://open.spotify.com/track/0tgVpDi06FyKpA1z0VMD4v
124,"DJ No Pare (feat. Zion, Dalex, Lenny Tavárez) - Remix","Justin Quiles",5661246,https://open.spotify.com/track/1ndyl3wJCFs872XZ3ztPk6
125,"Nice To Meet Ya","Niall Horan",5650378,https://open.spotify.com/track/3cphb8kdsjElYR7r5icK3H
126,"Lucid Dreams","Juice WRLD",5641694,https://open.spotify.com/track/285pBltuF7vW8TeWk8hdRR
127,"Girls Like You (feat. Cardi B)","Maroon 5",5638267,https://open.spotify.com/track/7fa9MBXhVfQ8P8Df9OEbD8
128,"Calma - Remix","Pedro Capó",5584029,https://open.spotify.com/track/5iwz1NiezX7WWjnCgY5TH4
129,"Panini - DaBaby Remix","Lil Nas X",5546985,https://open.spotify.com/track/4SDgTLDYrJ2UrHbkRkg7MD
130,"ME! (feat. Brendon Urie of Panic! At The Disco)","Taylor Swift",5546085,https://open.spotify.com/track/2Rk4JlNc2TPmZe2af99d45
131,"Be Alright","Dean Lewis",5543573,https://open.spotify.com/track/5qrSlOut2rNAWv3ubArkNy
132,"all the good girls go to hell","Billie Eilish",5543137,https://open.spotify.com/track/6IRdLKIyS4p7XNiP8r6rsx
133,"High Hopes","Panic! At The Disco",5520682,https://open.spotify.com/track/1rqqCSm0Qe4I9rUvWncaom
134,"bury a friend","Billie Eilish",5474782,https://open.spotify.com/track/4SSnFejRGlZikf02HLewEF
135,"200 km/h","Apache 207",5472015,https://open.spotify.com/track/2wvLtM25eMpHK7hkidqte2
136,"Otro Trago",Sech,5471966,https://open.spotify.com/track/1Ej96GIBCTvgH7tNX1r3qr
137,"Rescue Me",OneRepublic,5452702,https://open.spotify.com/track/0mjAU3yKR1QnXnHtjGJqTM
138,Youngblood,"5 Seconds of Summer",5452343,https://open.spotify.com/track/2iUXsYOEPhVqEBwsqP70rE
139,"Bad Bad Bad (feat. Lil Baby)","Young Thug",5451763,https://open.spotify.com/track/1GeNui6m825V8jP4uKiIaH
140,"Berlin lebt wie nie zuvor","Capital Bra",5447434,https://open.spotify.com/track/2pfio0uHpT4USTPBNeTIWo
141,"I Like Me Better",Lauv,5441351,https://open.spotify.com/track/2P91MQbaiQOfbiz9VqhqKQ
142,"Be Honest (feat. Burna Boy)","Jorja Smith",5425234,https://open.spotify.com/track/5pAbCxt9e3f81lOmjIXwzd
143,Jopping,SuperM,5421847,https://open.spotify.com/track/5WrEilrRI5cIW0DxMvQYPZ
144,INTRO,DaBaby,5395559,https://open.spotify.com/track/77KMttn3Lic7ZQKDlPqp8v
145,VALENTINO,24kGoldn,5387520,https://open.spotify.com/track/0c7K73roy6RW4ebDkf4yGh
146,SAD!,XXXTENTACION,5367634,https://open.spotify.com/track/3ee8Jmje8o58CHK66QrVC2
147,"Pop Out (feat. Lil Tjay)","Polo G",5364806,https://open.spotify.com/track/6uFn47ACjqYkc0jADwEdj1
148,"Call You Mine","The Chainsmokers",5360968,https://open.spotify.com/track/1SNiXDwSilLujcYdvfqVpT
149,Better,Khalid,5353880,https://open.spotify.com/track/6zeeWid2sgw4lap2jV61PZ
150,"MIDDLE CHILD","J. Cole",5295281,https://open.spotify.com/track/2JvzF1RMd7lE3KmFlsyZD8
151,"Did It Again","Lil Tecca",5212845,https://open.spotify.com/track/4guBZjUyrGoHsTahO3IHdj
152,Thunder,"Imagine Dragons",5186597,https://open.spotify.com/track/1zB4vmk8tFRmM9UULNzbLB
153,"Te Robaré","Nicky Jam",5180361,https://open.spotify.com/track/6v0lAdFF4haL8xjBIUjtOw
154,"Te Quemaste","Manuel Turizo",5178082,https://open.spotify.com/track/4fj7e6Tc48Bmomwyz2Z2XC
155,"Don't Stop Me Now - Remastered 2011",Queen,5145417,https://open.spotify.com/track/5T8EDUDqKcs6OSOwEsfqG7
156,"Don't Call Me Up",Mabel,5113516,https://open.spotify.com/track/5WHTFyqSii0lmT9R21abT8
157,"Come Thru (with Usher)","Summer Walker",5084823,https://open.spotify.com/track/3TTMUI5dFcbeNSDTTDY9M8
158,Moonlight,XXXTENTACION,5052915,https://open.spotify.com/track/0JP9xo3adEtGSdUEISiszL
159,"Slide Away","Miley Cyrus",5021789,https://open.spotify.com/track/44ADyYoY5liaRa3EOAl4uf
160,2002,Anne-Marie,4988058,https://open.spotify.com/track/2BgEsaKNfHUdlh97KmvFyo
161,"Another One Bites The Dust - Remastered 2011",Queen,4964211,https://open.spotify.com/track/5vdp5UmvTsnMEMESIF2Ym7
162,"Love Me","Lil Tecca",4946955,https://open.spotify.com/track/4e0FYxSROat25pH16zMTZI
163,"Ransom (with Juice WRLD) - Remix","Lil Tecca",4925975,https://open.spotify.com/track/2WsuSYJNXGKXVYkHPnq2yp
164,Atrévete,"Nicky Jam",4900768,https://open.spotify.com/track/3KekO5WUfJsh7kYU9o2w50
165,"Pa Mí - Remix",Dalex,4899115,https://open.spotify.com/track/7g8YaUQABMal0zWe7a2ijz
166,"A Thousand Bad Times","Post Malone",4877647,https://open.spotify.com/track/2J0NXdHr6MYvKDSxB7k3V2
167,"Verte Ir","DJ Luian",4852872,https://open.spotify.com/track/4lzxJ4jCuFDXXGkE1LmpKR
168,"Too Good At Goodbyes","Sam Smith",4851958,https://open.spotify.com/track/1mXVgsBdtIVeCLJnSnmtdV
169,AYA,Murda,4848177,https://open.spotify.com/track/4IJEw3fDvS6XF4sDc3bvjK
170,"Tal Vez","Paulo Londra",4817655,https://open.spotify.com/track/5jW3rF4URMdK7tO2xjS5EI
171,"All of Me","John Legend",4808978,https://open.spotify.com/track/3U4isOIWM3VvDubwSI3y7a
172,"Taki Taki (feat. Selena Gomez, Ozuna & Cardi B)","DJ Snake",4768039,https://open.spotify.com/track/0KoiMHhqKLoL4xM54rcWYY
173,"Swervin (feat. 6ix9ine)","A Boogie Wit da Hoodie",4757031,https://open.spotify.com/track/1wJRveJZLSb1rjhnUHQiv6
174,"Going Bad (feat. Drake)","Meek Mill",4746880,https://open.spotify.com/track/2IRZnDFmlqMuOrYOLnZZyc
175,"BUTTERFLY EFFECT","Travis Scott",4720207,https://open.spotify.com/track/6xcJyGpfZbuuiequtnlKt4
176,"Jocelyn Flores",XXXTENTACION,4715609,https://open.spotify.com/track/7m9OqQk4RVRkw9JJdeAw96
177,"SLOW DANCING IN THE DARK",Joji,4690402,https://open.spotify.com/track/0rKtyWc8bvkriBthvHKY8d
178,comethru,"Jeremy Zucker",4687121,https://open.spotify.com/track/18uwL0vNUanqZH0ro2QcOP
179,Photograph,"Ed Sheeran",4674563,https://open.spotify.com/track/6fxVffaTuwjgEk5h9QyRjy
180,Cuaderno,Dalex,4657361,https://open.spotify.com/track/7anSoGdgtmJTAPZBzcPhO6
181,"Get You The Moon (feat. Snøw)",Kina,4627697,https://open.spotify.com/track/4ZLzoOkj0MPWrTLvooIuaa
182,"i'm so tired...",Lauv,4622334,https://open.spotify.com/track/7COXchtUOMd6uIT6HvmRaI
183,"Heartless (feat. Morgan Wallen)",Diplo,4613591,https://open.spotify.com/track/0rFQ5cKYJ9WtHSKp9sxVYt
184,2002,Sido,4601931,https://open.spotify.com/track/2u8AXJyk8pICzj2wyPBL0b
185,"Baila Conmigo (feat. Kelly Ruiz)",Dayvi,4587432,https://open.spotify.com/track/4Clmg1g8n2yBYG13Z1oSdG
186,"Boy With Luv (feat. Halsey)",BTS,4578919,https://open.spotify.com/track/5KawlOMHjWeUjQtnuRs22c
187,"Cuerpo en Venta",Noriel,4568502,https://open.spotify.com/track/2B94bbI1a4LyBpK1439oP7
188,"No Te Debí Besar","C. Tangana",4557569,https://open.spotify.com/track/1KdwnsWOvhM53vezy5ROuf
189,"bad guy (with Justin Bieber)","Billie Eilish",4555450,https://open.spotify.com/track/3yNZ5r3LKfdmjoS3gkhUCT
190,"Something Just Like This","The Chainsmokers",4524798,https://open.spotify.com/track/6RUKPb4LETWmmr3iAEQktW
191,"i love you","Billie Eilish",4521084,https://open.spotify.com/track/6CcJMwBtXByIz4zQLzFkKc
192,"The Git Up","Blanco Brown",4519487,https://open.spotify.com/track/5dW1VZPcFqB4n0P08rGDgm
193,"Ballin' (with Roddy Ricch)",Mustard,4502740,https://open.spotify.com/track/3QzAOrNlsabgbMwlZt7TAY
194,"Drip Too Hard (Lil Baby & Gunna)","Lil Baby",4502721,https://open.spotify.com/track/78QR3Wp35dqAhFEc2qAGjE
195,"Under Pressure - Remastered 2011",Queen,4498761,https://open.spotify.com/track/2fuCquhmrzHpu5xcA1ci9x
196,"SOS (feat. Aloe Blacc)",Avicii,4498426,https://open.spotify.com/track/2x0RZdkZcD8QRI53XT4GI5
197,"God's Plan",Drake,4490154,https://open.spotify.com/track/6DCZcSspjsKoFjzjrWoCdn
198,"Wonderwall - Remastered",Oasis,4477934,https://open.spotify.com/track/5qqabIl2vWzo9ApSC317sa
199,Closer,"The Chainsmokers",4469463,https://open.spotify.com/track/7BKLCZ1jbUBVqRi2FVlTVw
200,"Honda Civic","The Cratez",4467147,https://open.spotify.com/track/0WFgtxiLNr99YaoSdYR3Ud
