,,,"Note that these figures are generated using a formula that protects against any artificial inflation of chart positions.",
Position,"Track Name",Artist,Streams,URL
1,"Dance Monkey","Tones And I",44289739,https://open.spotify.com/track/1rgnBhdG2JDFTbYkYRZAku
2,ROXANNE,"Arizona Zervas",31871446,https://open.spotify.com/track/696DnlkuDOXcMAnKlTgXXK
3,"everything i wanted","Billie Eilish",30455759,https://open.spotify.com/track/3ZCTVFBt2Brf31RLEnCkWJ
4,Memories,"Maroon 5",29678784,https://open.spotify.com/track/2b8fOow8UzyDFAE27YhOZM
5,Circles,"Post Malone",26933519,https://open.spotify.com/track/21jGcNKet2qwijlDFuPiPb
6,"Don't Start Now","Dua Lipa",25433949,https://open.spotify.com/track/6WrI0LAC5M1Rw2MnX2ZvEg
7,"Lose You To Love Me","Selena Gomez",23657267,https://open.spotify.com/track/1HfMVBKM75vxSfsQ5VefZ5
8,"Someone You Loved","Lewis Capaldi",22689327,https://open.spotify.com/track/7qEHsqek33rTcFNT9PFqLf
9,"RITMO (Bad Boys For Life)","Black Eyed Peas",22608922,https://open.spotify.com/track/6cy3ki60hLwimwIje7tALf
10,Vete,"Bad Bunny",21654855,https://open.spotify.com/track/5DxXgozhkPLgrbKFY91w0c
11,Señorita,"Shawn Mendes",21352414,https://open.spotify.com/track/6v3KW9xbzN5yKLt9YKDYA2
12,"HIGHEST IN THE ROOM","Travis Scott",20952367,https://open.spotify.com/track/3eekarcy7kvN4yt5ZFzltW
13,"hot girl bummer",blackbear,19276746,https://open.spotify.com/track/7aiClxsDWFRQ0Kzk5KI5ku
14,Tusa,"KAROL G",17995065,https://open.spotify.com/track/7k4t7uLgtOxPwTpFmtJNTY
15,Falling,"Trevor Daniel",17357222,https://open.spotify.com/track/4TnjEaWOeW0eKTKIEvJyCa
16,"Ride It",Regard,16893387,https://open.spotify.com/track/2tnVG71enUj33Ic2nFN6kZ
17,"bad guy","Billie Eilish",15830788,https://open.spotify.com/track/2Fxmhks0bxGSBdJ92vM42m
18,"Watermelon Sugar","Harry Styles",15727628,https://open.spotify.com/track/1e9oZCCiX42nJl0AcqriVo
19,"Before You Go","Lewis Capaldi",15653077,https://open.spotify.com/track/2gMXnyrvIjhVBUZwvLZDMP
20,"Lights Up","Harry Styles",14194965,https://open.spotify.com/track/5aJEh9Oqdz7PRLKTpH25pB
21,"Beautiful People (feat. Khalid)","Ed Sheeran",14045402,https://open.spotify.com/track/70eFcWOvlMObDhURTqT4Fv
22,China,"Anuel AA",13973572,https://open.spotify.com/track/2ksOAxtIxY8yElEWw8RhgK
23,"10,000 Hours (with Justin Bieber)","Dan + Shay",13406524,https://open.spotify.com/track/2wrJq5XKLnmhRXHIAf9xBa
24,"How Do You Sleep?","Sam Smith",12736327,https://open.spotify.com/track/6b2RcmUt1g9N9mQ3CbjX2Y
25,"All I Want for Christmas Is You","Mariah Carey",12612693,https://open.spotify.com/track/0bYg9bo50gSsH3LtXe2SQn
26,"South of the Border (feat. Camila Cabello & Cardi B)","Ed Sheeran",12303783,https://open.spotify.com/track/4vUmTMuQqjdnvlZmAH61Qk
27,"Trampoline (with ZAYN)",SHAED,12284534,https://open.spotify.com/track/1iQDltZqI7BXnHrFy4Qo1k
28,Fantasias,"Rauw Alejandro",11965068,https://open.spotify.com/track/6mAN61JH0dzyZpWslS11jy
29,Heartless,"The Weeknd",11907510,https://open.spotify.com/track/57vxBYXtHMk6H1aD29V7PU
30,"I Don't Care (with Justin Bieber)","Ed Sheeran",11881211,https://open.spotify.com/track/0hVXuCcriWRGvwMV1r5Yn9
31,"Sunflower - Spider-Man: Into the Spider-Verse","Post Malone",11866765,https://open.spotify.com/track/0RiRZpuVRbi7oqRdSMwhQY
32,Lalala,Y2K,11664694,https://open.spotify.com/track/51Fjme0JiitpyXKuyQiCDo
33,"Que Tire Pa Lante","Daddy Yankee",11634420,https://open.spotify.com/track/6RyaV7owmVU6fzEPE17sF1
34,"LA CANCIÓN","J Balvin",11442050,https://open.spotify.com/track/0fea68AdmYNygeTGI4RC18
35,"Bandit (with YoungBoy Never Broke Again)","Juice WRLD",11378132,https://open.spotify.com/track/6Gg1gjgKi2AK4e0qzsR7sd
36,"Own It (feat. Ed Sheeran & Burna Boy)",Stormzy,11310793,https://open.spotify.com/track/07s9NNOT0sZQp7TyolLLgu
37,Liar,"Camila Cabello",11241441,https://open.spotify.com/track/7LzouaWGFCy4tkXDOOnEyM
38,"Lose Control",MEDUZA,11136009,https://open.spotify.com/track/7CHi4DtfK4heMlQaudCuHK
39,"Goodbyes (Feat. Young Thug)","Post Malone",11040398,https://open.spotify.com/track/6vBdBCoOhKHiYDDOcorfNo
40,Callaita,"Bad Bunny",10814213,https://open.spotify.com/track/2TH65lNHgvLxCKXM3apjxI
41,"Adicto (with Anuel AA & Ozuna)",Tainy,10570573,https://open.spotify.com/track/3jbT1Y5MoPwEIpZndDDwVq
42,BOP,DaBaby,10451998,https://open.spotify.com/track/6Ozh9Ok6h4Oi1wUSLtBseN
43,"No Me Conoce - Remix","Jhay Cortez",10301589,https://open.spotify.com/track/4R8BJggjosTswLxtkw8V7P
44,"Look At Her Now","Selena Gomez",10292214,https://open.spotify.com/track/4yI3HpbSFSgFZtJP2kDe5m
45,"Mean It",Lauv,9986080,https://open.spotify.com/track/3GRSqlALWISqLeNncZMbpX
46,"Good as Hell (feat. Ariana Grande) - Remix",Lizzo,9834549,https://open.spotify.com/track/07Oz5StQ7GRoygNLaXs2pd
47,Ransom,"Lil Tecca",9793231,https://open.spotify.com/track/1lOe9qE0vR9zwWQAOk6CoO
48,"Yellow Hearts","Ant Saunders",9630162,https://open.spotify.com/track/2W4yABdLc4Jnds67Poi5Nl
49,"Whine Up","Nicky Jam",9603576,https://open.spotify.com/track/2pWOMNQJW3g2zmGjP0Vkb0
50,"LOYAL (feat. Drake)",PARTYNEXTDOOR,9344195,https://open.spotify.com/track/5bvnqVuq7UFl0txSlHpsfS
51,"Up All Night",Khalid,9286702,https://open.spotify.com/track/1mpD5Q8IM32I4bF6eCpU74
52,"Last Christmas",Wham!,9167657,https://open.spotify.com/track/2FRnf9qhLbvw8fu4IBXx78
53,Aventura,Lunay,8874749,https://open.spotify.com/track/37zdqI4r1gswIzczSBkRon
54,"Lover (Remix) [feat. Shawn Mendes]","Taylor Swift",8779303,https://open.spotify.com/track/3i9UVldZOE0aD0JnyfAZZ0
55,"Take What You Want (feat. Ozzy Osbourne & Travis Scott)","Post Malone",8685135,https://open.spotify.com/track/7CZyCXKG6d5ALeq41sLzbw
56,"It's You","Ali Gatie",8584393,https://open.spotify.com/track/5DqdesEfbRyOlSS3Tf6c29
57,"Follow God","Kanye West",8452092,https://open.spotify.com/track/2QpGZOhTCHHiKmpSO9FW4h
58,"6 Kiss","Trippie Redd",8279539,https://open.spotify.com/track/7tgjDlQsMR8RvkdlNCJA58
59,"Si Te Vas",Sech,8159171,https://open.spotify.com/track/6Y4PDQv4XjYjHLeLmvyOt0
60,Shallow,"Lady Gaga",8156989,https://open.spotify.com/track/2VxeLyX666F8uXCJ0dZF8B
61,Quizas,"Rich Music LTD",8033019,https://open.spotify.com/track/5Id5B3dxJZhPcV9GzgYZZe
62,"223's (feat. 9lokknine)","YNW Melly",7999721,https://open.spotify.com/track/4sjiIpEv617LDXaidKioOI
63,"lovely (with Khalid)","Billie Eilish",7995099,https://open.spotify.com/track/0u2P5u6lvoDfwTYjAADbn4
64,Graveyard,Halsey,7971976,https://open.spotify.com/track/6V9fHiv84WlVTg7CSnIVY2
65,"Hot (Remix) [feat. Gunna and Travis Scott]","Travis Scott",7947465,https://open.spotify.com/track/56AMYGJzxBO6p8v0wEe9de
66,"Old Town Road - Remix","Lil Nas X",7922659,https://open.spotify.com/track/2YpeDb67231RjR0MgVLzsG
67,"Loco Contigo (feat. J. Balvin & Tyga)","DJ Snake",7817479,https://open.spotify.com/track/6osaMSJh9NguagEDQcZaKx
68,Indeciso,Reik,7686418,https://open.spotify.com/track/59s0s39NFWScuHDbHytI14
69,"Truth Hurts",Lizzo,7622366,https://open.spotify.com/track/5qmq61DAAOUaW8AUo8xKhh
70,"Yo x Ti, Tu x Mi",ROSALÍA,7593160,https://open.spotify.com/track/7BlBVFwvbWvcwNcUarQmjk
71,"when the party's over","Billie Eilish",7509956,https://open.spotify.com/track/43zdsphuZLzwA9k4DJhU0I
72,"7 rings","Ariana Grande",7469147,https://open.spotify.com/track/6ocbgoVGwYJhOv1GgI9NsF
73,"Santa Tell Me","Ariana Grande",7367685,https://open.spotify.com/track/0lizgQ7Qw35od7CYaoMBZb
74,Tutu,Camilo,7250854,https://open.spotify.com/track/1nocRtwyNPVtGcIJqfgdzZ
75,"Ayy Macarena",Tyga,7199316,https://open.spotify.com/track/6LcauUZjF1eXQrgqMUecHX
76,"Money In The Grave (Drake ft. Rick Ross)",Drake,7127237,https://open.spotify.com/track/5ry2OE6R2zPQFDO85XkgRb
77,"Stuck In A Dream (feat. Gunna)","Lil Mosey",7123922,https://open.spotify.com/track/7iHHxY2NLlJRAmlAmC4ahQ
78,Orphans,Coldplay,7012759,https://open.spotify.com/track/03T4ttRCiLXST6MZjeMwmR
79,"No Guidance (feat. Drake)","Chris Brown",7003529,https://open.spotify.com/track/6XHVuErjQ4XNm6nDPVCxVX
80,"Nice To Meet Ya","Niall Horan",7000103,https://open.spotify.com/track/3cphb8kdsjElYR7r5icK3H
81,Woah,"Lil Baby",6995247,https://open.spotify.com/track/598yNsG1JFrGd4n2kMoz7F
82,"Who Needs Love","Trippie Redd",6966774,https://open.spotify.com/track/2ktxr00GpTtbMNeBjNeY8D
83,Happier,Marshmello,6962127,https://open.spotify.com/track/2dpaYNEQHiRxtZbfNsse99
84,"Soltera - Remix",Lunay,6935330,https://open.spotify.com/track/4t9a07PAghtQMRAIP9FQ7Z
85,Panini,"Lil Nas X",6887042,https://open.spotify.com/track/1000nHvUdawXuUHgBod4Wv
86,"Bohemian Rhapsody - Remastered 2011",Queen,6787790,https://open.spotify.com/track/4u7EnebtmKWzUH433cf5Qv
87,Camelot,"NLE Choppa",6768831,https://open.spotify.com/track/4sWuPniHClkInYAnzXAYUF
88,"Piece Of Your Heart",MEDUZA,6715004,https://open.spotify.com/track/1DFD5Fotzgn6yYXkYsKiGs
89,Candy,"Doja Cat",6713859,https://open.spotify.com/track/1VJwtWR6z7SpZRwipI12be
90,"Hate Me (with Juice WRLD)","Ellie Goulding",6577317,https://open.spotify.com/track/6kls8cSlUyHW2BUOkDJIZE
91,"Into the Unknown","Idina Menzel",6555682,https://open.spotify.com/track/3Z0oQ8r78OUaHvGPiDBR3W
92,"Without Me",Halsey,6434112,https://open.spotify.com/track/5p7ujcrUXASCNwRaWNHR1C
93,"Ballin' (with Roddy Ricch)",Mustard,6424250,https://open.spotify.com/track/3QzAOrNlsabgbMwlZt7TAY
94,Believer,"Imagine Dragons",6422949,https://open.spotify.com/track/0pqnGHJpmpxLKifKRmU6WP
95,"Higher Love",Kygo,6394212,https://open.spotify.com/track/6oJ6le65B3SEqPwMRNXWjY
96,Sucker,"Jonas Brothers",6390224,https://open.spotify.com/track/22vgEDb5hykfaTwLuskFGD
97,VIBEZ,DaBaby,6385791,https://open.spotify.com/track/0fySG6A6qLE8IvDpayb5bM
98,"DJ No Pare (feat. Zion, Dalex, Lenny Tavárez) - Remix","Justin Quiles",6323204,https://open.spotify.com/track/1ndyl3wJCFs872XZ3ztPk6
99,Bruises,"Lewis Capaldi",6196373,https://open.spotify.com/track/4Of7rzpRpV1mWRbhp5rAqG
100,Wow.,"Post Malone",6192456,https://open.spotify.com/track/7xQAfvXzm3AkraOtGPWIZg
101,"It's Beginning to Look a Lot like Christmas","Michael Bublé",6183295,https://open.spotify.com/track/0lLdorYw7lVrJydTINhWdI
102,"rockstar (feat. 21 Savage)","Post Malone",6172973,https://open.spotify.com/track/0e7ipj03S05BNilyu5bRzt
103,"SICKO MODE","Travis Scott",6150022,https://open.spotify.com/track/2xLMifQCjDGFmkHkpNLD9h
104,"Hola - Remix",Dalex,6117106,https://open.spotify.com/track/5stPVcRqb4qixbafP9e8lt
105,"Que Calor (with J Balvin & El Alfa)","Major Lazer",6102709,https://open.spotify.com/track/1G2CAJeP7rCwOZjlSJ0Zw3
106,"Otro Trago - Remix",Sech,6086804,https://open.spotify.com/track/4bTZeO72FwMa6wKOiqoynL
107,"QUE PRETENDES","J Balvin",6066267,https://open.spotify.com/track/25ZAibhr3bdlMCLmubZDVt
108,"Shape of You","Ed Sheeran",5990553,https://open.spotify.com/track/7qiZfU4dY1lWllzX7mPBI3
109,"Takeaway (feat. Lennon Stella)","The Chainsmokers",5877686,https://open.spotify.com/track/63VyEdzMM3w4ZQ1WtARa2S
110,"bad vibes forever",XXXTENTACION,5861200,https://open.spotify.com/track/69dXVFCMiz3SL1L7M24NdX
111,"thank u, next","Ariana Grande",5858376,https://open.spotify.com/track/3e9HZxeyfWwjeyPAMmWSSQ
112,Teeth,"5 Seconds of Summer",5855783,https://open.spotify.com/track/26wLOs3ZuHJa2Ihhx6QIE6
113,VALENTINO,24kGoldn,5853537,https://open.spotify.com/track/6piAUJJQFD8oHDUr0b7l7q
114,Roller,"Apache 207",5839147,https://open.spotify.com/track/6hw1Sy9wZ8UCxYGdpKrU6M
115,"Used To Love (with Dean Lewis)","Martin Garrix",5826059,https://open.spotify.com/track/7pWK1kMgHy5lNNiIfuRbkP
116,"Con Altura",ROSALÍA,5822242,https://open.spotify.com/track/2qG5sZ7Si6sdK74qLxedYM
117,Death,"Trippie Redd",5803279,https://open.spotify.com/track/3Kd6Wp3lG5HXMB2dlvuy7y
118,"Only Human","Jonas Brothers",5785344,https://open.spotify.com/track/0DiDStADDVh3SvAsoJAFMk
119,"fuck, i'm lonely (with Anne-Marie) - from “13 Reasons Why: Season 3”",Lauv,5772694,https://open.spotify.com/track/4wopYJ5wpYOM6ogm2Jugnw
120,"The London (feat. J. Cole & Travis Scott)","J. Cole",5772294,https://open.spotify.com/track/3s4mrPrEFFPF0LmAfutW0n
121,"Say You Won't Let Go","James Arthur",5750279,https://open.spotify.com/track/5uCax9HTNlzGybIStD3vDh
122,"Eastside (with Halsey & Khalid)","benny blanco",5743194,https://open.spotify.com/track/7FGq80cy8juXBCD2nrqdWU
123,"Girls Like You (feat. Cardi B)","Maroon 5",5741675,https://open.spotify.com/track/7fa9MBXhVfQ8P8Df9OEbD8
124,Trigger,"Major Lazer",5691541,https://open.spotify.com/track/0Z26mbSHJ1dkUu7g9DDgif
125,"Sweet but Psycho","Ava Max",5677148,https://open.spotify.com/track/25sgk305KZfyuqVBQIahim
126,"Love Me More","Trippie Redd",5675358,https://open.spotify.com/track/6uYgCE2OEulOw5zhHvZsHf
127,"Lucid Dreams","Juice WRLD",5674203,https://open.spotify.com/track/285pBltuF7vW8TeWk8hdRR
128,"Dancing With A Stranger (with Normani)","Sam Smith",5634157,https://open.spotify.com/track/6Qs4SXO9dwPj5GKvVOv8Ki
129,"If I Can't Have You","Shawn Mendes",5593776,https://open.spotify.com/track/2bT1PH7Cw3J9p3t7nlXCdh
130,"Rockin' Around The Christmas Tree","Brenda Lee",5588808,https://open.spotify.com/track/2EjXfH91m7f8HiJN1yQg97
131,"Jingle Bell Rock","Bobby Helms",5558342,https://open.spotify.com/track/3hBXvHLlTHvnbwrPbeoyAj
132,Perfect,"Ed Sheeran",5557170,https://open.spotify.com/track/0tgVpDi06FyKpA1z0VMD4v
133,"11 PM",Maluma,5523268,https://open.spotify.com/track/7KbF6AdprOXEEHlsq11Z6d
134,Mistletoe,"Justin Bieber",5504910,https://open.spotify.com/track/7xapw9Oy21WpfEcib2ErSA
135,"blun7 a swishland","tha Supreme",5501570,https://open.spotify.com/track/7HwvPmK74MBRDhCIyMXReP
136,"Get You The Moon (feat. Snøw)",Kina,5485262,https://open.spotify.com/track/4ZLzoOkj0MPWrTLvooIuaa
137,goosebumps,"Travis Scott",5478449,https://open.spotify.com/track/6gBFPUFcJLzWGx4lenP6h2
138,"Post Malone (feat. RANI)","Sam Feldt",5465353,https://open.spotify.com/track/36orMWv2PgvnzXsd5CJ0yL
139,"Good Thing (with Kehlani)",Zedd,5415811,https://open.spotify.com/track/5aUSEPNd3m5xliFK4pn5mU
140,"Talk (feat. Disclosure)",Khalid,5398043,https://open.spotify.com/track/6TqXcAFInzjp0bODyvrWEq
141,"Enemies (feat. DaBaby)","Post Malone",5361489,https://open.spotify.com/track/0Xek5rqai2jcOWCYWJfVCF
142,"Qué Pena",Maluma,5338040,https://open.spotify.com/track/5099x34vBakWpGkHourFxP
143,I.F.L.Y.,Bazzi,5302820,https://open.spotify.com/track/4a6q8CR2hzLk2plDkSxkfD
144,"Turn Me On (feat. Vula)",Riton,5302181,https://open.spotify.com/track/0qaWEvPkts34WF68r8Dzx9
145,"bury a friend","Billie Eilish",5280999,https://open.spotify.com/track/4SSnFejRGlZikf02HLewEF
146,Blanco,"J Balvin",5276416,https://open.spotify.com/track/2rc7BkzO8qepMFAxHtOrXc
147,Suge,DaBaby,5268973,https://open.spotify.com/track/2gwkD6igEhQbDQegRCcdoB
148,"It's the Most Wonderful Time of the Year","Andy Williams",5229709,https://open.spotify.com/track/5hslUAKq9I9CG2bAulFkHN
149,Lover,"Taylor Swift",5209189,https://open.spotify.com/track/1dGr1c8CrMLDpV6mPbImSI
150,"Be Alright","Dean Lewis",5206056,https://open.spotify.com/track/5qrSlOut2rNAWv3ubArkNy
151,"Better Now","Post Malone",5205158,https://open.spotify.com/track/7dt6x5M1jzdTEt8oCbisTK
152,Saint-Tropez,"Post Malone",5189923,https://open.spotify.com/track/05mDaV9Vb3wrzjF6OPZnhq
153,"You Need To Calm Down","Taylor Swift",5175799,https://open.spotify.com/track/6RRNNciQGZEXnqk8SQ9yv5
154,Youngblood,"5 Seconds of Summer",5162108,https://open.spotify.com/track/2iUXsYOEPhVqEBwsqP70rE
155,Bellaquita,Dalex,5156356,https://open.spotify.com/track/1tpbAGsGpZee5jDHMcLrUJ
156,"Tongue Tied (with YUNGBLUD & blackbear)",Marshmello,5151516,https://open.spotify.com/track/7jzldCBnJjpJM3epzJ85KE
157,"I Like Me Better",Lauv,5120723,https://open.spotify.com/track/2P91MQbaiQOfbiz9VqhqKQ
158,SAD!,XXXTENTACION,5114501,https://open.spotify.com/track/3ee8Jmje8o58CHK66QrVC2
159,"If the World Was Ending - feat. Julia Michaels","JP Saxe",5076318,https://open.spotify.com/track/2kJwzbxV2ppxnQoYw4GLBZ
160,F.N,"Lil Tjay",5065364,https://open.spotify.com/track/0RLLvYBopDwooCyvnTwgYu
161,"Pa' Olvidarme De Ella","Piso 21",5051222,https://open.spotify.com/track/1cVlW9WQiGlFdWUXFdFZGh
162,"Hollywood's Bleeding","Post Malone",5049754,https://open.spotify.com/track/7sWRlDoTDX8geTR8zzr2vt
163,"boyfriend (with Social House)","Ariana Grande",5040963,https://open.spotify.com/track/0Ryd8975WihbObpp5cPW1t
164,"Living Proof","Camila Cabello",5039589,https://open.spotify.com/track/1jg9clsGCDqOumfS0X5xm9
165,"High Hopes","Panic! At The Disco",4998070,https://open.spotify.com/track/1rqqCSm0Qe4I9rUvWncaom
166,"Let Me Down Slowly","Alec Benjamin",4957898,https://open.spotify.com/track/2qxmye6gAegTMjLKEBoR3d
167,"Hasta Que Salga el Sol",Ozuna,4892216,https://open.spotify.com/track/6ofuqm2qLMi9lBFEF9mJMb
168,"Con Calma","Daddy Yankee",4878316,https://open.spotify.com/track/5w9c2J52mkdntKOmRLeM2m
169,"Don't Stop Me Now - Remastered 2011",Queen,4797103,https://open.spotify.com/track/5T8EDUDqKcs6OSOwEsfqG7
170,"Down Like That (feat. Rick Ross, Lil Baby & S-X)",KSI,4777684,https://open.spotify.com/track/4etKC4ngPKsQDHUMnYgV3A
171,"All of Me","John Legend",4765414,https://open.spotify.com/track/3U4isOIWM3VvDubwSI3y7a
172,"Can We Kiss Forever?",Kina,4757977,https://open.spotify.com/track/1Av69kr9JitqPWo7WJLS5q
173,"3 Nights","Dominic Fike",4757502,https://open.spotify.com/track/1tNJrcVe6gwLEiZCtprs1u
174,"Make It Right (feat. Lauv)",BTS,4751305,https://open.spotify.com/track/314ZkcV7oLWG8yWE7LABvH
175,July,"Noah Cyrus",4735010,https://open.spotify.com/track/5a6pdCHlWS2ekOOQ70QnAr
176,"Don’t Call Me Angel (Charlie’s Angels) (with Miley Cyrus & Lana Del Rey)","Ariana Grande",4729105,https://open.spotify.com/track/6zegtH6XXd2PDPLvy1Y0n2
177,"Combatchy (feat. MC Rebecca)",Anitta,4719833,https://open.spotify.com/track/2bPtwnrpFNEe8N7Q85kLHw
178,"One Thing Right",Marshmello,4714930,https://open.spotify.com/track/4hPpVbbakQNv8YTHYaOJP4
179,"MIDDLE CHILD","J. Cole",4708529,https://open.spotify.com/track/2JvzF1RMd7lE3KmFlsyZD8
180,"Jocelyn Flores",XXXTENTACION,4707044,https://open.spotify.com/track/7m9OqQk4RVRkw9JJdeAw96
181,"all the good girls go to hell","Billie Eilish",4697664,https://open.spotify.com/track/6IRdLKIyS4p7XNiP8r6rsx
182,comethru,"Jeremy Zucker",4680589,https://open.spotify.com/track/18uwL0vNUanqZH0ro2QcOP
183,Thunder,"Imagine Dragons",4668077,https://open.spotify.com/track/1zB4vmk8tFRmM9UULNzbLB
184,"Something Just Like This","The Chainsmokers",4654343,https://open.spotify.com/track/6RUKPb4LETWmmr3iAEQktW
185,Moonlight,XXXTENTACION,4647389,https://open.spotify.com/track/0JP9xo3adEtGSdUEISiszL
186,2002,Anne-Marie,4641240,https://open.spotify.com/track/2BgEsaKNfHUdlh97KmvFyo
187,Juicy,"Doja Cat",4624077,https://open.spotify.com/track/7f5trao56t7sB7f14QDTmp
188,"Another One Bites The Dust - Remastered 2011",Queen,4616799,https://open.spotify.com/track/5vdp5UmvTsnMEMESIF2Ym7
189,"Too Good At Goodbyes","Sam Smith",4576010,https://open.spotify.com/track/1mXVgsBdtIVeCLJnSnmtdV
190,"Calma - Remix","Pedro Capó",4558644,https://open.spotify.com/track/5iwz1NiezX7WWjnCgY5TH4
191,Photograph,"Ed Sheeran",4556932,https://open.spotify.com/track/6fxVffaTuwjgEk5h9QyRjy
192,"Never Really Over","Katy Perry",4490697,https://open.spotify.com/track/5PYQUBXc7NYeI1obMKSJK0
193,"SLOW DANCING IN THE DARK",Joji,4471881,https://open.spotify.com/track/0rKtyWc8bvkriBthvHKY8d
194,"Wonderwall - Remastered",Oasis,4470839,https://open.spotify.com/track/5qqabIl2vWzo9ApSC317sa
195,"Call You Mine (feat. Bebe Rexha)","The Chainsmokers",4450810,https://open.spotify.com/track/6IJTc8xo6XasOU8fpxMU57
196,"Bellaquita - Remix",Dalex,4440543,https://open.spotify.com/track/1Xnn1TPyr5h0hpRAT4B4EA
197,"Old Town Road","Lil Nas X",4434592,https://open.spotify.com/track/0F7FA14euOIX8KcbEturGH
198,"Taki Taki (feat. Selena Gomez, Ozuna & Cardi B)","DJ Snake",4431211,https://open.spotify.com/track/0KoiMHhqKLoL4xM54rcWYY
199,"Surtada - Remix Brega Funk","Dadá Boladão",4405697,https://open.spotify.com/track/5F8ffc8KWKNawllr5WsW0r
200,"Murder On My Mind","YNW Melly",4392529,https://open.spotify.com/track/7eBqSVxrzQZtK2mmgRG6lC
